Beginning nbody simulation...
 - DS method 
 - 10 bodies
 - MAC parameter: 0.500000
 - Iterations: 1
 - Time step: 0.010000
-----------------------------------------------
Iteration 1: time = 0.461 seconds
Total time = 0.000 seconds, Average time = -nan seconds.
10 Bodies: average -nan Billion Interactions / second
-----------------------------------------------
ACCURACY CHECK AGAINST DS
Iteration 1: time = 0.000 seconds
Body 0: orig = (0.948554, 0.794228, 0.644565), p = (0.948554, 0.794228, 0.644565)
Body 1: orig = (0.065462, 0.680082, 0.936722), p = (0.065462, 0.680082, 0.936722)
Body 2: orig = (0.577790, 0.326886, 0.165833), p = (0.577790, 0.326886, 0.165833)
Body 3: orig = (0.867772, 0.811516, 0.509111), p = (0.867772, 0.811516, 0.509111)
Body 4: orig = (0.088987, 0.672100, 0.516679), p = (0.088987, 0.672100, 0.516679)
Body 5: orig = (0.631718, 0.308858, 0.277086), p = (0.631718, 0.308858, 0.277086)
Body 6: orig = (0.326672, 0.353558, 0.078875), p = (0.326672, 0.353558, 0.078875)
Body 7: orig = (0.532634, 0.062477, 0.325946), p = (0.532634, 0.062477, 0.325946)
Body 8: orig = (0.990607, 0.965308, 0.121292), p = (0.990607, 0.965308, 0.121292)
Body 9: orig = (0.870876, 0.289379, 0.579092), p = (0.870876, 0.289379, 0.579092)
RMS error: 0.000000
Beginning nbody simulation...
 - DS method 
 - 100 bodies
 - MAC parameter: 0.500000
 - Iterations: 1
 - Time step: 0.010000
-----------------------------------------------
Iteration 1: time = 0.325 seconds
Total time = 0.000 seconds, Average time = -nan seconds.
100 Bodies: average -nan Billion Interactions / second
-----------------------------------------------
ACCURACY CHECK AGAINST DS
Iteration 1: time = 0.000 seconds
Body 0: orig = (0.940329, 0.784241, 0.647350), p = (0.940329, 0.784241, 0.647350)
Body 1: orig = (0.072820, 0.680159, 0.929793), p = (0.072820, 0.680159, 0.929793)
Body 2: orig = (0.577517, 0.329626, 0.176762), p = (0.577517, 0.329626, 0.176762)
Body 3: orig = (0.858513, 0.805119, 0.511564), p = (0.858513, 0.805119, 0.511564)
Body 4: orig = (0.099715, 0.670707, 0.512033), p = (0.099715, 0.670707, 0.512033)
Body 5: orig = (0.629571, 0.310327, 0.275837), p = (0.629571, 0.310327, 0.275837)
Body 6: orig = (0.323117, 0.376934, 0.107579), p = (0.323117, 0.376934, 0.107579)
Body 7: orig = (0.540175, 0.080586, 0.321827), p = (0.540175, 0.080586, 0.321827)
Body 8: orig = (0.974744, 0.945326, 0.129111), p = (0.974744, 0.945326, 0.129111)
Body 9: orig = (0.863507, 0.293637, 0.577683), p = (0.863507, 0.293637, 0.577683)
Body 10: orig = (0.872376, 0.536125, 0.259011), p = (0.872376, 0.536125, 0.259011)
Body 11: orig = (0.966759, 0.488665, 0.541568), p = (0.966759, 0.488665, 0.541568)
Body 12: orig = (0.932824, 0.340666, 0.405071), p = (0.932824, 0.340666, 0.405071)
Body 13: orig = (0.054665, 0.896564, 0.473738), p = (0.054665, 0.896564, 0.473738)
Body 14: orig = (0.936225, 0.907133, 0.887289), p = (0.936225, 0.907133, 0.887289)
Body 15: orig = (0.462732, 0.641617, 0.518305), p = (0.462732, 0.641617, 0.518305)
Body 16: orig = (0.422144, 0.896893, 0.913069), p = (0.422144, 0.896893, 0.913069)
Body 17: orig = (0.885376, 0.517468, 0.774344), p = (0.885376, 0.517468, 0.774344)
Body 18: orig = (0.164148, 0.950883, 0.760145), p = (0.164148, 0.950883, 0.760145)
Body 19: orig = (0.225799, 0.455785, 0.650143), p = (0.225799, 0.455785, 0.650143)
Body 20: orig = (0.611998, 0.099027, 0.281371), p = (0.611998, 0.099027, 0.281371)
Body 21: orig = (0.483737, 0.097234, 0.977443), p = (0.483737, 0.097234, 0.977443)
Body 22: orig = (0.950168, 0.905072, 0.137011), p = (0.950168, 0.905072, 0.137011)
Body 23: orig = (0.658904, 0.494904, 0.517868), p = (0.658904, 0.494904, 0.517868)
Body 24: orig = (0.451774, 0.538459, 0.281601), p = (0.451774, 0.538459, 0.281601)
Body 25: orig = (0.677841, 0.773458, 0.094546), p = (0.677841, 0.773458, 0.094546)
Body 26: orig = (0.139484, 0.590263, 0.349500), p = (0.139484, 0.590263, 0.349500)
Body 27: orig = (0.103304, 0.071059, 0.699728), p = (0.103304, 0.071059, 0.699728)
Body 28: orig = (0.217030, 0.344209, 0.119300), p = (0.217030, 0.344209, 0.119300)
Body 29: orig = (0.424921, 0.716772, 0.108602), p = (0.424921, 0.716772, 0.108602)
Body 30: orig = (0.286478, 0.882875, 0.224725), p = (0.286478, 0.882875, 0.224725)
Body 31: orig = (0.638127, 0.759654, 0.829754), p = (0.638127, 0.759654, 0.829754)
Body 32: orig = (0.690566, 0.793050, 0.353676), p = (0.690566, 0.793050, 0.353676)
Body 33: orig = (0.381409, 0.880812, 0.595504), p = (0.381409, 0.880812, 0.595504)
Body 34: orig = (0.656294, 0.463564, 0.760607), p = (0.656294, 0.463564, 0.760607)
Body 35: orig = (0.644153, 0.977285, 0.375143), p = (0.644153, 0.977285, 0.375143)
Body 36: orig = (0.537498, 0.875055, 0.853228), p = (0.537498, 0.875055, 0.853228)
Body 37: orig = (0.978916, 0.737987, 0.883283), p = (0.978916, 0.737987, 0.883283)
Body 38: orig = (0.049296, 0.431966, 0.319363), p = (0.049296, 0.431966, 0.319363)
Body 39: orig = (0.225114, 0.960886, 0.246078), p = (0.225114, 0.960886, 0.246078)
Body 40: orig = (0.032429, 0.772370, 0.243054), p = (0.032429, 0.772370, 0.243054)
Body 41: orig = (0.982912, 0.233021, 0.183107), p = (0.982912, 0.233021, 0.183107)
Body 42: orig = (0.468056, 0.247055, 0.874873), p = (0.468056, 0.247055, 0.874873)
Body 43: orig = (0.687108, 0.577362, 0.774372), p = (0.687108, 0.577362, 0.774372)
Body 44: orig = (0.385110, 0.198873, 0.872436), p = (0.385110, 0.198873, 0.872436)
Body 45: orig = (0.456751, 0.703768, 0.118541), p = (0.456751, 0.703768, 0.118541)
Body 46: orig = (0.293590, 0.242574, 0.030660), p = (0.293590, 0.242574, 0.030660)
Body 47: orig = (0.715162, 0.514679, 0.103965), p = (0.715162, 0.514679, 0.103965)
Body 48: orig = (0.434207, 0.032400, 0.809416), p = (0.434207, 0.032400, 0.809416)
Body 49: orig = (0.796141, 0.793706, 0.165088), p = (0.796141, 0.793706, 0.165088)
Body 50: orig = (0.762613, 0.676831, 0.259055), p = (0.762613, 0.676831, 0.259055)
Body 51: orig = (0.644876, 0.068271, 0.254863), p = (0.644876, 0.068271, 0.254863)
Body 52: orig = (0.593659, 0.248727, 0.919759), p = (0.593659, 0.248727, 0.919759)
Body 53: orig = (0.911676, 0.677352, 0.202517), p = (0.911676, 0.677352, 0.202517)
Body 54: orig = (0.304962, 0.712449, 0.146648), p = (0.304962, 0.712449, 0.146648)
Body 55: orig = (0.196230, 0.449436, 0.520568), p = (0.196230, 0.449436, 0.520568)
Body 56: orig = (0.277276, 0.734160, 0.476507), p = (0.277276, 0.734160, 0.476507)
Body 57: orig = (0.442474, 0.715585, 0.100428), p = (0.442474, 0.715585, 0.100428)
Body 58: orig = (0.015501, 0.150086, 0.569320), p = (0.015501, 0.150086, 0.569320)
Body 59: orig = (0.524527, 0.162105, 0.272830), p = (0.524527, 0.162105, 0.272830)
Body 60: orig = (0.972363, 0.688364, 0.678386), p = (0.972363, 0.688364, 0.678386)
Body 61: orig = (0.682267, 0.646380, 0.548925), p = (0.682267, 0.646380, 0.548925)
Body 62: orig = (0.067491, 0.843636, 0.103598), p = (0.067491, 0.843636, 0.103598)
Body 63: orig = (0.103194, 0.063490, 0.093083), p = (0.103194, 0.063490, 0.093083)
Body 64: orig = (0.786205, 0.210865, 0.981018), p = (0.786205, 0.210865, 0.981018)
Body 65: orig = (0.549085, 0.857510, 0.847067), p = (0.549085, 0.857510, 0.847067)
Body 66: orig = (0.560527, 0.273845, 0.242823), p = (0.560527, 0.273845, 0.242823)
Body 67: orig = (0.644950, 0.467540, 0.761136), p = (0.644950, 0.467540, 0.761136)
Body 68: orig = (0.376180, 0.126999, 0.829545), p = (0.376180, 0.126999, 0.829545)
Body 69: orig = (0.184390, 0.278094, 0.399667), p = (0.184390, 0.278094, 0.399667)
Body 70: orig = (0.775222, 0.864876, 0.880098), p = (0.775222, 0.864876, 0.880098)
Body 71: orig = (0.397505, 0.499743, 0.371203), p = (0.397505, 0.499743, 0.371203)
Body 72: orig = (0.886341, 0.256676, 0.905899), p = (0.886341, 0.256676, 0.905899)
Body 73: orig = (0.940467, 0.125371, 0.841718), p = (0.940467, 0.125371, 0.841718)
Body 74: orig = (0.768228, 0.706215, 0.830705), p = (0.768228, 0.706215, 0.830705)
Body 75: orig = (0.957036, 0.656056, 0.845546), p = (0.957036, 0.656056, 0.845546)
Body 76: orig = (0.183709, 0.410956, 0.489145), p = (0.183709, 0.410956, 0.489145)
Body 77: orig = (0.406970, 0.637919, 0.133080), p = (0.406970, 0.637919, 0.133080)
Body 78: orig = (0.162301, 0.956104, 0.326707), p = (0.162301, 0.956104, 0.326707)
Body 79: orig = (0.486487, 0.614909, 0.100304), p = (0.486487, 0.614909, 0.100304)
Body 80: orig = (0.472429, 0.831884, 0.187766), p = (0.472429, 0.831884, 0.187766)
Body 81: orig = (0.236392, 0.797895, 0.773524), p = (0.236392, 0.797895, 0.773524)
Body 82: orig = (0.214137, 0.680308, 0.282163), p = (0.214137, 0.680308, 0.282163)
Body 83: orig = (0.732406, 0.688375, 0.849748), p = (0.732406, 0.688375, 0.849748)
Body 84: orig = (0.251189, 0.780725, 0.819427), p = (0.251189, 0.780725, 0.819427)
Body 85: orig = (0.487402, 0.244352, 0.632230), p = (0.487402, 0.244352, 0.632230)
Body 86: orig = (0.709708, 0.351235, 0.225990), p = (0.709708, 0.351235, 0.225990)
Body 87: orig = (0.513135, 0.067134, 0.741709), p = (0.513135, 0.067134, 0.741709)
Body 88: orig = (0.850019, 0.259858, 0.974290), p = (0.850019, 0.259858, 0.974290)
Body 89: orig = (0.719459, 0.059104, 0.334956), p = (0.719459, 0.059104, 0.334956)
Body 90: orig = (0.434760, 0.674031, 0.572570), p = (0.434760, 0.674031, 0.572570)
Body 91: orig = (0.793562, 0.277197, 0.088619), p = (0.793562, 0.277197, 0.088619)
Body 92: orig = (0.749816, 0.139475, 0.622433), p = (0.749816, 0.139475, 0.622433)
Body 93: orig = (0.782145, 0.235773, 0.935546), p = (0.782145, 0.235773, 0.935546)
Body 94: orig = (0.782234, 0.902197, 0.614704), p = (0.782234, 0.902197, 0.614704)
Body 95: orig = (0.353844, 0.480268, 0.131045), p = (0.353844, 0.480268, 0.131045)
Body 96: orig = (0.343222, 0.672855, 0.772252), p = (0.343222, 0.672855, 0.772252)
Body 97: orig = (0.471088, 0.133161, 0.534788), p = (0.471088, 0.133161, 0.534788)
Body 98: orig = (0.496978, 0.656361, 0.568100), p = (0.496978, 0.656361, 0.568100)
Body 99: orig = (0.323830, 0.395487, 0.124472), p = (0.323830, 0.395487, 0.124472)
RMS error: 0.000000
Beginning nbody simulation...
 - DS method 
 - 1000 bodies
 - MAC parameter: 0.500000
 - Iterations: 1
 - Time step: 0.010000
-----------------------------------------------
Iteration 1: time = 0.308 seconds
Total time = 0.000 seconds, Average time = -nan seconds.
1000 Bodies: average -nan Billion Interactions / second
-----------------------------------------------
ACCURACY CHECK AGAINST DS
Iteration 1: time = 0.018 seconds
Body 0: orig = (0.841367, 0.762567, 0.620309), p = (0.841367, 0.762567, 0.620309)
Body 1: orig = (0.159375, 0.656856, 0.829259), p = (0.159375, 0.656856, 0.829259)
Body 2: orig = (0.563407, 0.330405, 0.244137), p = (0.563407, 0.330405, 0.244137)
Body 3: orig = (0.789269, 0.755838, 0.533490), p = (0.789269, 0.755838, 0.533490)
Body 4: orig = (0.187636, 0.637018, 0.493959), p = (0.187636, 0.637018, 0.493959)
Body 5: orig = (0.595918, 0.341034, 0.344574), p = (0.595918, 0.341034, 0.344574)
Body 6: orig = (0.336214, 0.382464, 0.217835), p = (0.336214, 0.382464, 0.217835)
Body 7: orig = (0.510734, 0.203068, 0.349787), p = (0.510734, 0.203068, 0.349787)
Body 8: orig = (0.672231, 1.320907, 0.289846), p = (0.672231, 1.320907, 0.289846)
Body 9: orig = (0.790885, 0.335840, 0.552341), p = (0.790885, 0.335840, 0.552341)
Body 10: orig = (0.793672, 0.536285, 0.305969), p = (0.793672, 0.536285, 0.305969)
Body 11: orig = (0.853614, 0.510842, 0.538639), p = (0.853614, 0.510842, 0.538639)
Body 12: orig = (0.824339, 0.375356, 0.396084), p = (0.824339, 0.375356, 0.396084)
Body 13: orig = (0.204276, 0.804747, 0.551735), p = (0.204276, 0.804747, 0.551735)
Body 14: orig = (0.834338, 0.871078, 0.847862), p = (0.834338, 0.871078, 0.847862)
Body 15: orig = (0.508429, 0.610346, 0.490652), p = (0.508429, 0.610346, 0.490652)
Body 16: orig = (0.467433, 0.809634, 0.828575), p = (0.467433, 0.809634, 0.828575)
Body 17: orig = (0.820508, 0.527584, 0.721479), p = (0.820508, 0.527584, 0.721479)
Body 18: orig = (0.203222, 0.864837, 0.727564), p = (0.203222, 0.864837, 0.727564)
Body 19: orig = (0.272232, 0.461395, 0.591701), p = (0.272232, 0.461395, 0.591701)
Body 20: orig = (0.587675, 0.180493, 0.310848), p = (0.587675, 0.180493, 0.310848)
Body 21: orig = (0.479091, 0.152958, 0.893668), p = (0.479091, 0.152958, 0.893668)
Body 22: orig = (0.867802, 0.862872, 0.202696), p = (0.867802, 0.862872, 0.202696)
Body 23: orig = (0.617516, 0.524724, 0.531492), p = (0.617516, 0.524724, 0.531492)
Body 24: orig = (0.467950, 0.562310, 0.334191), p = (0.467950, 0.562310, 0.334191)
Body 25: orig = (0.639197, 0.733935, 0.190927), p = (0.639197, 0.733935, 0.190927)
Body 26: orig = (0.222460, 0.577162, 0.376549), p = (0.222460, 0.577162, 0.376549)
Body 27: orig = (0.186888, 0.167562, 0.670375), p = (0.186888, 0.167562, 0.670375)
Body 28: orig = (0.203613, 0.368463, 0.180805), p = (0.203613, 0.368463, 0.180805)
Body 29: orig = (0.449895, 0.678658, 0.194491), p = (0.449895, 0.678658, 0.194491)
Body 30: orig = (0.321304, 0.796655, 0.323313), p = (0.321304, 0.796655, 0.323313)
Body 31: orig = (0.608766, 0.749896, 0.735673), p = (0.608766, 0.749896, 0.735673)
Body 32: orig = (0.650349, 0.727132, 0.375069), p = (0.650349, 0.727132, 0.375069)
Body 33: orig = (0.412203, 0.804304, 0.574966), p = (0.412203, 0.804304, 0.574966)
Body 34: orig = (0.617155, 0.500432, 0.713837), p = (0.617155, 0.500432, 0.713837)
Body 35: orig = (0.611775, 0.861870, 0.403202), p = (0.611775, 0.861870, 0.403202)
Body 36: orig = (0.487183, 0.789612, 0.764395), p = (0.487183, 0.789612, 0.764395)
Body 37: orig = (0.883868, 0.705236, 0.830386), p = (0.883868, 0.705236, 0.830386)
Body 38: orig = (0.163254, 0.459168, 0.359294), p = (0.163254, 0.459168, 0.359294)
Body 39: orig = (0.270182, 0.854103, 0.303683), p = (0.270182, 0.854103, 0.303683)
Body 40: orig = (0.150845, 0.732147, 0.272588), p = (0.150845, 0.732147, 0.272588)
Body 41: orig = (0.874265, 0.259772, 0.238814), p = (0.874265, 0.259772, 0.238814)
Body 42: orig = (0.448490, 0.303100, 0.792995), p = (0.448490, 0.303100, 0.792995)
Body 43: orig = (0.644164, 0.640525, 0.713583), p = (0.644164, 0.640525, 0.713583)
Body 44: orig = (0.379396, 0.254542, 0.767828), p = (0.379396, 0.254542, 0.767828)
Body 45: orig = (0.449576, 0.672215, 0.171196), p = (0.449576, 0.672215, 0.171196)
Body 46: orig = (0.323395, 0.264753, 0.140257), p = (0.323395, 0.264753, 0.140257)
Body 47: orig = (0.724864, 0.517405, 0.195894), p = (0.724864, 0.517405, 0.195894)
Body 48: orig = (0.426687, 0.144317, 0.787463), p = (0.426687, 0.144317, 0.787463)
Body 49: orig = (0.752020, 0.772345, 0.205859), p = (0.752020, 0.772345, 0.205859)
Body 50: orig = (0.717177, 0.660992, 0.303676), p = (0.717177, 0.660992, 0.303676)
Body 51: orig = (0.606095, 0.190828, 0.257494), p = (0.606095, 0.190828, 0.257494)
Body 52: orig = (0.636250, 0.297470, 0.804770), p = (0.636250, 0.297470, 0.804770)
Body 53: orig = (0.839104, 0.650402, 0.242720), p = (0.839104, 0.650402, 0.242720)
Body 54: orig = (0.314843, 0.668642, 0.246494), p = (0.314843, 0.668642, 0.246494)
Body 55: orig = (0.277735, 0.453967, 0.545159), p = (0.277735, 0.453967, 0.545159)
Body 56: orig = (0.316620, 0.698806, 0.470910), p = (0.316620, 0.698806, 0.470910)
Body 57: orig = (0.477639, 0.692825, 0.238509), p = (0.477639, 0.692825, 0.238509)
Body 58: orig = (0.125334, 0.242680, 0.543218), p = (0.125334, 0.242680, 0.543218)
Body 59: orig = (0.497776, 0.217614, 0.301857), p = (0.497776, 0.217614, 0.301857)
Body 60: orig = (0.858328, 0.692975, 0.638289), p = (0.858328, 0.692975, 0.638289)
Body 61: orig = (0.627792, 0.611853, 0.552957), p = (0.627792, 0.611853, 0.552957)
Body 62: orig = (0.166943, 0.782500, 0.184845), p = (0.166943, 0.782500, 0.184845)
Body 63: orig = (0.160436, 0.141713, 0.163297), p = (0.160436, 0.141713, 0.163297)
Body 64: orig = (0.750647, 0.247358, 0.894982), p = (0.750647, 0.247358, 0.894982)
Body 65: orig = (0.535456, 0.767144, 0.793324), p = (0.535456, 0.767144, 0.793324)
Body 66: orig = (0.545086, 0.289827, 0.301520), p = (0.545086, 0.289827, 0.301520)
Body 67: orig = (0.604620, 0.505992, 0.710482), p = (0.604620, 0.505992, 0.710482)
Body 68: orig = (0.338399, 0.161710, 0.753599), p = (0.338399, 0.161710, 0.753599)
Body 69: orig = (0.195052, 0.292882, 0.364020), p = (0.195052, 0.292882, 0.364020)
Body 70: orig = (0.940356, 0.826996, 0.841455), p = (0.940356, 0.826996, 0.841455)
Body 71: orig = (0.384663, 0.519080, 0.406150), p = (0.384663, 0.519080, 0.406150)
Body 72: orig = (0.835251, 0.297378, 0.830536), p = (0.835251, 0.297378, 0.830536)
Body 73: orig = (0.876214, 0.239635, 0.806677), p = (0.876214, 0.239635, 0.806677)
Body 74: orig = (0.693806, 0.672387, 0.753375), p = (0.693806, 0.672387, 0.753375)
Body 75: orig = (0.837528, 0.565529, 0.830392), p = (0.837528, 0.565529, 0.830392)
Body 76: orig = (0.276584, 0.423992, 0.502875), p = (0.276584, 0.423992, 0.502875)
Body 77: orig = (0.423831, 0.622495, 0.225239), p = (0.423831, 0.622495, 0.225239)
Body 78: orig = (0.211291, 0.837200, 0.393761), p = (0.211291, 0.837200, 0.393761)
Body 79: orig = (0.491711, 0.652464, 0.219290), p = (0.491711, 0.652464, 0.219290)
Body 80: orig = (0.469287, 0.749202, 0.250795), p = (0.469287, 0.749202, 0.250795)
Body 81: orig = (0.298046, 0.727852, 0.720716), p = (0.298046, 0.727852, 0.720716)
Body 82: orig = (0.280095, 0.640932, 0.329923), p = (0.280095, 0.640932, 0.329923)
Body 83: orig = (0.668235, 0.649095, 0.746049), p = (0.668235, 0.649095, 0.746049)
Body 84: orig = (0.294578, 0.718962, 0.762475), p = (0.294578, 0.718962, 0.762475)
Body 85: orig = (0.473315, 0.324127, 0.575032), p = (0.473315, 0.324127, 0.575032)
Body 86: orig = (0.678324, 0.357363, 0.294050), p = (0.678324, 0.357363, 0.294050)
Body 87: orig = (0.506184, 0.153624, 0.697481), p = (0.506184, 0.153624, 0.697481)
Body 88: orig = (0.811739, 0.297785, 0.890006), p = (0.811739, 0.297785, 0.890006)
Body 89: orig = (0.600153, 0.167229, 0.393736), p = (0.600153, 0.167229, 0.393736)
Body 90: orig = (0.430668, 0.650646, 0.616053), p = (0.430668, 0.650646, 0.616053)
Body 91: orig = (0.744954, 0.303804, 0.175995), p = (0.744954, 0.303804, 0.175995)
Body 92: orig = (0.750660, 0.142230, 0.600732), p = (0.750660, 0.142230, 0.600732)
Body 93: orig = (0.744573, 0.261221, 0.841781), p = (0.744573, 0.261221, 0.841781)
Body 94: orig = (0.709227, 0.782024, 0.557394), p = (0.709227, 0.782024, 0.557394)
Body 95: orig = (0.370417, 0.504035, 0.234910), p = (0.370417, 0.504035, 0.234910)
Body 96: orig = (0.406342, 0.620018, 0.680010), p = (0.406342, 0.620018, 0.680010)
Body 97: orig = (0.477444, 0.226730, 0.488998), p = (0.477444, 0.226730, 0.488998)
Body 98: orig = (0.498330, 0.613466, 0.552394), p = (0.498330, 0.613466, 0.552394)
Body 99: orig = (0.338487, 0.394073, 0.220844), p = (0.338487, 0.394073, 0.220844)
Body 100: orig = (0.427226, 0.528589, 0.741137), p = (0.427226, 0.528589, 0.741137)
Body 101: orig = (0.759694, 0.759070, 0.758328), p = (0.759694, 0.759070, 0.758328)
Body 102: orig = (0.286754, 0.449928, 0.587461), p = (0.286754, 0.449928, 0.587461)
Body 103: orig = (0.612452, 0.753103, 0.597309), p = (0.612452, 0.753103, 0.597309)
Body 104: orig = (0.388054, 0.171471, 0.345267), p = (0.388054, 0.171471, 0.345267)
Body 105: orig = (0.478328, 0.827951, 0.748714), p = (0.478328, 0.827951, 0.748714)
Body 106: orig = (0.391597, 0.463780, 0.670581), p = (0.391597, 0.463780, 0.670581)
Body 107: orig = (0.716094, 0.113718, 0.881170), p = (0.716094, 0.113718, 0.881170)
Body 108: orig = (0.134783, 0.172276, 0.661223), p = (0.134783, 0.172276, 0.661223)
Body 109: orig = (0.111842, 0.859538, 0.916851), p = (0.111842, 0.859538, 0.916851)
Body 110: orig = (0.817695, 0.536536, 0.507837), p = (0.817695, 0.536536, 0.507837)
Body 111: orig = (0.656468, 0.666193, 0.709496), p = (0.656468, 0.666193, 0.709496)
Body 112: orig = (0.361659, 0.122283, 0.741075), p = (0.361659, 0.122283, 0.741075)
Body 113: orig = (0.609230, 0.842265, 0.571431), p = (0.609230, 0.842265, 0.571431)
Body 114: orig = (0.275505, 0.332300, 0.286769), p = (0.275505, 0.332300, 0.286769)
Body 115: orig = (0.409892, 0.199332, 0.753114), p = (0.409892, 0.199332, 0.753114)
Body 116: orig = (0.236273, 0.620158, 0.212169), p = (0.236273, 0.620158, 0.212169)
Body 117: orig = (0.610321, 0.509005, 0.335515), p = (0.610321, 0.509005, 0.335515)
Body 118: orig = (0.610270, 0.290143, 0.849932), p = (0.610270, 0.290143, 0.849932)
Body 119: orig = (0.379312, 0.659408, 0.274462), p = (0.379312, 0.659408, 0.274462)
Body 120: orig = (0.310133, 0.870845, 0.549203), p = (0.310133, 0.870845, 0.549203)
Body 121: orig = (0.634707, 0.781896, 0.268345), p = (0.634707, 0.781896, 0.268345)
Body 122: orig = (0.849314, 0.407964, 0.602479), p = (0.849314, 0.407964, 0.602479)
Body 123: orig = (0.389029, 0.194108, 0.737453), p = (0.389029, 0.194108, 0.737453)
Body 124: orig = (0.798476, 0.436520, 0.356341), p = (0.798476, 0.436520, 0.356341)
Body 125: orig = (0.855333, 0.744999, 0.126748), p = (0.855333, 0.744999, 0.126748)
Body 126: orig = (0.255953, 0.476225, 0.861782), p = (0.255953, 0.476225, 0.861782)
Body 127: orig = (0.479528, 0.234988, 0.278646), p = (0.479528, 0.234988, 0.278646)
Body 128: orig = (0.522346, 0.716644, 0.815313), p = (0.522346, 0.716644, 0.815313)
Body 129: orig = (0.608743, 0.167600, 0.380468), p = (0.608743, 0.167600, 0.380468)
Body 130: orig = (0.595286, 0.260741, 0.261427), p = (0.595286, 0.260741, 0.261427)
Body 131: orig = (0.473500, 0.397176, 0.755456), p = (0.473500, 0.397176, 0.755456)
Body 132: orig = (0.388805, 0.360816, 0.493108), p = (0.388805, 0.360816, 0.493108)
Body 133: orig = (0.571515, 0.125580, 0.124401), p = (0.571515, 0.125580, 0.124401)
Body 134: orig = (0.782486, 0.253532, 0.240180), p = (0.782486, 0.253532, 0.240180)
Body 135: orig = (0.114450, 0.216664, 0.811327), p = (0.114450, 0.216664, 0.811327)
Body 136: orig = (0.165446, 0.078629, 0.895043), p = (0.165446, 0.078629, 0.895043)
Body 137: orig = (0.512893, 0.868317, 0.099907), p = (0.512893, 0.868317, 0.099907)
Body 138: orig = (0.333950, 0.429862, 0.534739), p = (0.333950, 0.429862, 0.534739)
Body 139: orig = (0.827873, 0.445188, 0.704615), p = (0.827873, 0.445188, 0.704615)
Body 140: orig = (0.822026, 0.626750, 0.328968), p = (0.822026, 0.626750, 0.328968)
Body 141: orig = (0.156271, 0.412959, 0.886268), p = (0.156271, 0.412959, 0.886268)
Body 142: orig = (0.106880, 0.152535, 0.166492), p = (0.106880, 0.152535, 0.166492)
Body 143: orig = (0.677640, 0.660955, 0.211385), p = (0.677640, 0.660955, 0.211385)
Body 144: orig = (0.661321, 0.297454, 0.669530), p = (0.661321, 0.297454, 0.669530)
Body 145: orig = (0.421907, 0.320376, 0.454326), p = (0.421907, 0.320376, 0.454326)
Body 146: orig = (0.346470, 0.236031, 0.433378), p = (0.346470, 0.236031, 0.433378)
Body 147: orig = (0.394279, 0.168407, 0.212966), p = (0.394279, 0.168407, 0.212966)
Body 148: orig = (0.489827, 0.197936, 0.275593), p = (0.489827, 0.197936, 0.275593)
Body 149: orig = (0.091377, 0.444909, 0.854536), p = (0.091377, 0.444909, 0.854536)
Body 150: orig = (0.511739, 0.813760, 0.401637), p = (0.511739, 0.813760, 0.401637)
Body 151: orig = (0.857015, 0.422372, 0.836451), p = (0.857015, 0.422372, 0.836451)
Body 152: orig = (0.590132, 0.657055, 0.404372), p = (0.590132, 0.657055, 0.404372)
Body 153: orig = (0.776131, 0.272492, 0.250271), p = (0.776131, 0.272492, 0.250271)
Body 154: orig = (0.822530, 0.212737, 0.380562), p = (0.822530, 0.212737, 0.380562)
Body 155: orig = (0.850430, 0.119125, 0.743750), p = (0.850430, 0.119125, 0.743750)
Body 156: orig = (0.401658, 0.640216, 0.671508), p = (0.401658, 0.640216, 0.671508)
Body 157: orig = (0.830021, 0.447468, 0.676679), p = (0.830021, 0.447468, 0.676679)
Body 158: orig = (0.829233, 0.532796, 0.806250), p = (0.829233, 0.532796, 0.806250)
Body 159: orig = (0.214218, 0.320328, 0.522253), p = (0.214218, 0.320328, 0.522253)
Body 160: orig = (0.537388, 0.754961, 0.789394), p = (0.537388, 0.754961, 0.789394)
Body 161: orig = (0.299638, 0.683885, 0.657693), p = (0.299638, 0.683885, 0.657693)
Body 162: orig = (0.858341, 0.185105, 0.245329), p = (0.858341, 0.185105, 0.245329)
Body 163: orig = (0.546885, 0.663552, 0.395310), p = (0.546885, 0.663552, 0.395310)
Body 164: orig = (0.555508, 0.488455, 0.606341), p = (0.555508, 0.488455, 0.606341)
Body 165: orig = (0.789103, 0.436295, 0.415357), p = (0.789103, 0.436295, 0.415357)
Body 166: orig = (0.419230, 0.879552, 0.776982), p = (0.419230, 0.879552, 0.776982)
Body 167: orig = (0.374375, 0.229286, 0.197679), p = (0.374375, 0.229286, 0.197679)
Body 168: orig = (0.237764, 0.257411, 0.631359), p = (0.237764, 0.257411, 0.631359)
Body 169: orig = (0.254877, 0.691919, 0.428880), p = (0.254877, 0.691919, 0.428880)
Body 170: orig = (0.855609, 0.796731, 0.524958), p = (0.855609, 0.796731, 0.524958)
Body 171: orig = (0.659748, 0.601753, 0.509462), p = (0.659748, 0.601753, 0.509462)
Body 172: orig = (0.666189, 0.229749, 0.622149), p = (0.666189, 0.229749, 0.622149)
Body 173: orig = (0.700931, 0.518722, 0.196626), p = (0.700931, 0.518722, 0.196626)
Body 174: orig = (0.253437, 0.736193, 0.398437), p = (0.253437, 0.736193, 0.398437)
Body 175: orig = (0.105589, 0.121152, 0.830141), p = (0.105589, 0.121152, 0.830141)
Body 176: orig = (0.882763, 0.580354, 0.289378), p = (0.882763, 0.580354, 0.289378)
Body 177: orig = (0.484650, 0.161602, 0.622576), p = (0.484650, 0.161602, 0.622576)
Body 178: orig = (0.350715, 0.548275, 0.746159), p = (0.350715, 0.548275, 0.746159)
Body 179: orig = (0.677986, 0.220054, 0.248252), p = (0.677986, 0.220054, 0.248252)
Body 180: orig = (0.191876, 0.253751, 0.433253), p = (0.191876, 0.253751, 0.433253)
Body 181: orig = (0.638332, 0.722646, 0.337535), p = (0.638332, 0.722646, 0.337535)
Body 182: orig = (0.747272, 0.875177, 0.357388), p = (0.747272, 0.875177, 0.357388)
Body 183: orig = (0.231861, 0.307807, 0.669650), p = (0.231861, 0.307807, 0.669650)
Body 184: orig = (0.809984, 0.678816, 0.784746), p = (0.809984, 0.678816, 0.784746)
Body 185: orig = (0.410656, 0.672366, 0.560060), p = (0.410656, 0.672366, 0.560060)
Body 186: orig = (0.438842, 0.808004, 0.177402), p = (0.438842, 0.808004, 0.177402)
Body 187: orig = (0.238440, 0.634078, 0.734734), p = (0.238440, 0.634078, 0.734734)
Body 188: orig = (0.276833, 0.396327, 0.732216), p = (0.276833, 0.396327, 0.732216)
Body 189: orig = (0.238703, 0.428694, 0.606794), p = (0.238703, 0.428694, 0.606794)
Body 190: orig = (0.568770, 0.735097, 0.781171), p = (0.568770, 0.735097, 0.781171)
Body 191: orig = (0.118913, 0.773667, 0.770510), p = (0.118913, 0.773667, 0.770510)
Body 192: orig = (0.287451, 0.806769, 0.755554), p = (0.287451, 0.806769, 0.755554)
Body 193: orig = (0.842676, 0.567230, 0.755945), p = (0.842676, 0.567230, 0.755945)
Body 194: orig = (0.460810, 0.594809, 0.249403), p = (0.460810, 0.594809, 0.249403)
Body 195: orig = (0.868833, 0.472357, 0.826160), p = (0.868833, 0.472357, 0.826160)
Body 196: orig = (0.862684, 0.747114, 0.120506), p = (0.862684, 0.747114, 0.120506)
Body 197: orig = (0.763896, 0.228827, 0.259333), p = (0.763896, 0.228827, 0.259333)
Body 198: orig = (0.346141, 0.434360, 0.552175), p = (0.346141, 0.434360, 0.552175)
Body 199: orig = (0.508482, 0.228719, 0.414134), p = (0.508482, 0.228719, 0.414134)
Body 200: orig = (0.399940, 0.352539, 0.773544), p = (0.399940, 0.352539, 0.773544)
Body 201: orig = (0.432213, 0.505534, 0.683246), p = (0.432213, 0.505534, 0.683246)
Body 202: orig = (0.706324, 0.125724, 0.453801), p = (0.706324, 0.125724, 0.453801)
Body 203: orig = (0.324563, 0.346849, 0.228833), p = (0.324563, 0.346849, 0.228833)
Body 204: orig = (0.306367, 0.224742, 0.793036), p = (0.306367, 0.224742, 0.793036)
Body 205: orig = (0.842030, 0.437371, 0.835302), p = (0.842030, 0.437371, 0.835302)
Body 206: orig = (0.868267, 0.146128, 0.390833), p = (0.868267, 0.146128, 0.390833)
Body 207: orig = (0.698908, 0.131864, 0.205546), p = (0.698908, 0.131864, 0.205546)
Body 208: orig = (0.605894, 0.753663, 0.612266), p = (0.605894, 0.753663, 0.612266)
Body 209: orig = (0.841906, 0.431789, 0.715538), p = (0.841906, 0.431789, 0.715538)
Body 210: orig = (0.351210, 0.641141, 0.646327), p = (0.351210, 0.641141, 0.646327)
Body 211: orig = (0.789273, 0.625675, 0.335274), p = (0.789273, 0.625675, 0.335274)
Body 212: orig = (0.577918, 0.375308, 0.376445), p = (0.577918, 0.375308, 0.376445)
Body 213: orig = (0.374190, 0.491020, 0.297929), p = (0.374190, 0.491020, 0.297929)
Body 214: orig = (0.888915, 0.640648, 0.121041), p = (0.888915, 0.640648, 0.121041)
Body 215: orig = (0.334517, 0.450953, 0.648792), p = (0.334517, 0.450953, 0.648792)
Body 216: orig = (0.292686, 0.508926, 0.411662), p = (0.292686, 0.508926, 0.411662)
Body 217: orig = (0.294823, 0.784171, 0.384139), p = (0.294823, 0.784171, 0.384139)
Body 218: orig = (0.430028, 0.642531, 0.171013), p = (0.430028, 0.642531, 0.171013)
Body 219: orig = (0.496091, 0.254853, 0.657823), p = (0.496091, 0.254853, 0.657823)
Body 220: orig = (0.509918, 0.575897, 0.499801), p = (0.509918, 0.575897, 0.499801)
Body 221: orig = (0.603616, 0.174466, 0.424404), p = (0.603616, 0.174466, 0.424404)
Body 222: orig = (0.164838, 0.434054, 0.825532), p = (0.164838, 0.434054, 0.825532)
Body 223: orig = (0.415284, 0.307752, 0.786201), p = (0.415284, 0.307752, 0.786201)
Body 224: orig = (0.212397, 0.413747, 0.584844), p = (0.212397, 0.413747, 0.584844)
Body 225: orig = (0.780213, 0.818380, 0.741322), p = (0.780213, 0.818380, 0.741322)
Body 226: orig = (0.638641, 0.769731, 0.560574), p = (0.638641, 0.769731, 0.560574)
Body 227: orig = (0.291944, 0.247017, 0.275393), p = (0.291944, 0.247017, 0.275393)
Body 228: orig = (0.547188, 0.745856, 0.700456), p = (0.547188, 0.745856, 0.700456)
Body 229: orig = (0.861983, 0.396367, 0.807869), p = (0.861983, 0.396367, 0.807869)
Body 230: orig = (0.745805, 0.702897, 0.417752), p = (0.745805, 0.702897, 0.417752)
Body 231: orig = (0.553669, 0.742799, 0.785976), p = (0.553669, 0.742799, 0.785976)
Body 232: orig = (0.672345, 0.754602, 0.799549), p = (0.672345, 0.754602, 0.799549)
Body 233: orig = (0.502012, 0.800835, 0.435569), p = (0.502012, 0.800835, 0.435569)
Body 234: orig = (0.179240, 0.873338, 0.436497), p = (0.179240, 0.873338, 0.436497)
Body 235: orig = (0.400886, 0.713201, 0.344685), p = (0.400886, 0.713201, 0.344685)
Body 236: orig = (0.332814, 0.608228, 0.184687), p = (0.332814, 0.608228, 0.184687)
Body 237: orig = (0.838291, 0.484539, 0.432216), p = (0.838291, 0.484539, 0.432216)
Body 238: orig = (0.251969, 0.188794, 0.602021), p = (0.251969, 0.188794, 0.602021)
Body 239: orig = (0.689144, 0.865094, 0.137440), p = (0.689144, 0.865094, 0.137440)
Body 240: orig = (0.128125, 0.144441, 0.158855), p = (0.128125, 0.144441, 0.158855)
Body 241: orig = (0.403762, 0.656799, 0.444709), p = (0.403762, 0.656799, 0.444709)
Body 242: orig = (0.770157, 0.324197, 0.667458), p = (0.770157, 0.324197, 0.667458)
Body 243: orig = (0.818919, 0.522993, 0.789156), p = (0.818919, 0.522993, 0.789156)
Body 244: orig = (0.165628, 0.551953, 0.198610), p = (0.165628, 0.551953, 0.198610)
Body 245: orig = (0.364812, 0.417197, 0.406544), p = (0.364812, 0.417197, 0.406544)
Body 246: orig = (0.217054, 0.640399, 0.594171), p = (0.217054, 0.640399, 0.594171)
Body 247: orig = (0.188942, 0.307025, 0.523865), p = (0.188942, 0.307025, 0.523865)
Body 248: orig = (0.488481, 0.784097, 0.232374), p = (0.488481, 0.784097, 0.232374)
Body 249: orig = (0.540229, 0.574729, 0.493171), p = (0.540229, 0.574729, 0.493171)
Body 250: orig = (0.630262, 0.819228, 0.653288), p = (0.630262, 0.819228, 0.653288)
Body 251: orig = (0.106862, 0.067343, 0.805330), p = (0.106862, 0.067343, 0.805330)
Body 252: orig = (0.171543, 0.831031, 0.587263), p = (0.171543, 0.831031, 0.587263)
Body 253: orig = (0.602909, 0.853883, 0.592102), p = (0.602909, 0.853883, 0.592102)
Body 254: orig = (0.789208, 0.746837, 0.538870), p = (0.789208, 0.746837, 0.538870)
Body 255: orig = (0.507069, 0.213723, 0.317841), p = (0.507069, 0.213723, 0.317841)
Body 256: orig = (0.631692, 0.631613, 0.732700), p = (0.631692, 0.631613, 0.732700)
Body 257: orig = (0.434113, 0.580810, 0.445861), p = (0.434113, 0.580810, 0.445861)
Body 258: orig = (0.741557, 0.874148, 0.135999), p = (0.741557, 0.874148, 0.135999)
Body 259: orig = (0.461367, 0.697283, 0.248345), p = (0.461367, 0.697283, 0.248345)
Body 260: orig = (0.508166, 0.621908, 0.633498), p = (0.508166, 0.621908, 0.633498)
Body 261: orig = (0.231235, 0.739635, 0.466016), p = (0.231235, 0.739635, 0.466016)
Body 262: orig = (0.591980, 0.500589, 0.759219), p = (0.591980, 0.500589, 0.759219)
Body 263: orig = (0.754140, 0.676527, 0.215126), p = (0.754140, 0.676527, 0.215126)
Body 264: orig = (0.562808, 0.218972, 0.195386), p = (0.562808, 0.218972, 0.195386)
Body 265: orig = (0.857949, 0.745320, 0.495999), p = (0.857949, 0.745320, 0.495999)
Body 266: orig = (0.658976, 0.666996, 0.652272), p = (0.658976, 0.666996, 0.652272)
Body 267: orig = (0.636234, 0.575445, 0.792085), p = (0.636234, 0.575445, 0.792085)
Body 268: orig = (0.918060, 0.909088, 0.736969), p = (0.918060, 0.909088, 0.736969)
Body 269: orig = (0.185641, 0.501230, 0.161378), p = (0.185641, 0.501230, 0.161378)
Body 270: orig = (0.663449, 0.671711, 0.348445), p = (0.663449, 0.671711, 0.348445)
Body 271: orig = (0.553663, 0.173699, 0.358194), p = (0.553663, 0.173699, 0.358194)
Body 272: orig = (0.419790, 0.582040, 0.466654), p = (0.419790, 0.582040, 0.466654)
Body 273: orig = (0.355203, 0.410640, 0.576096), p = (0.355203, 0.410640, 0.576096)
Body 274: orig = (0.638046, 0.262543, 0.588462), p = (0.638046, 0.262543, 0.588462)
Body 275: orig = (0.202844, 0.792418, 0.416040), p = (0.202844, 0.792418, 0.416040)
Body 276: orig = (0.856971, 0.745905, 0.843718), p = (0.856971, 0.745905, 0.843718)
Body 277: orig = (0.412225, 0.808274, 0.696348), p = (0.412225, 0.808274, 0.696348)
Body 278: orig = (0.711088, 0.446087, 0.819175), p = (0.711088, 0.446087, 0.819175)
Body 279: orig = (0.535132, 0.259525, 0.354013), p = (0.535132, 0.259525, 0.354013)
Body 280: orig = (0.066819, 0.129700, 0.881241), p = (0.066819, 0.129700, 0.881241)
Body 281: orig = (0.718774, 0.530677, 0.179663), p = (0.718774, 0.530677, 0.179663)
Body 282: orig = (0.634822, 0.629262, 0.724015), p = (0.634822, 0.629262, 0.724015)
Body 283: orig = (0.390340, 0.364834, 0.791793), p = (0.390340, 0.364834, 0.791793)
Body 284: orig = (0.495303, 0.440488, 0.651199), p = (0.495303, 0.440488, 0.651199)
Body 285: orig = (0.195447, 0.777727, 0.393966), p = (0.195447, 0.777727, 0.393966)
Body 286: orig = (0.255015, 0.518321, 0.597374), p = (0.255015, 0.518321, 0.597374)
Body 287: orig = (0.344708, 0.284956, 0.684954), p = (0.344708, 0.284956, 0.684954)
Body 288: orig = (0.140413, 0.560759, 0.207776), p = (0.140413, 0.560759, 0.207776)
Body 289: orig = (0.149931, 0.834530, 0.886237), p = (0.149931, 0.834530, 0.886237)
Body 290: orig = (0.154390, 0.663110, 0.319909), p = (0.154390, 0.663110, 0.319909)
Body 291: orig = (0.287614, 0.556899, 0.864823), p = (0.287614, 0.556899, 0.864823)
Body 292: orig = (0.790736, 0.366563, 0.493460), p = (0.790736, 0.366563, 0.493460)
Body 293: orig = (0.645297, 0.297218, 0.790232), p = (0.645297, 0.297218, 0.790232)
Body 294: orig = (0.781173, 0.330643, 0.759973), p = (0.781173, 0.330643, 0.759973)
Body 295: orig = (0.153666, 0.136529, 0.239174), p = (0.153666, 0.136529, 0.239174)
Body 296: orig = (0.803195, 0.251230, 0.564775), p = (0.803195, 0.251230, 0.564775)
Body 297: orig = (0.935004, 0.239061, 0.905928), p = (0.935004, 0.239061, 0.905928)
Body 298: orig = (0.690938, 0.221287, 0.754512), p = (0.690938, 0.221287, 0.754512)
Body 299: orig = (0.628790, 0.883468, 0.830818), p = (0.628790, 0.883468, 0.830818)
Body 300: orig = (0.196478, 0.282600, 0.396328), p = (0.196478, 0.282600, 0.396328)
Body 301: orig = (0.183590, 0.765359, 0.166623), p = (0.183590, 0.765359, 0.166623)
Body 302: orig = (0.296296, 0.882289, 0.116483), p = (0.296296, 0.882289, 0.116483)
Body 303: orig = (0.286683, 0.478605, 0.594383), p = (0.286683, 0.478605, 0.594383)
Body 304: orig = (0.211967, 0.285992, 0.656416), p = (0.211967, 0.285992, 0.656416)
Body 305: orig = (0.881644, 0.463217, 0.195671), p = (0.881644, 0.463217, 0.195671)
Body 306: orig = (0.456764, 0.344643, 0.529319), p = (0.456764, 0.344643, 0.529319)
Body 307: orig = (0.657644, 0.624232, 0.706348), p = (0.657644, 0.624232, 0.706348)
Body 308: orig = (0.284893, 0.526110, 0.485528), p = (0.284893, 0.526110, 0.485528)
Body 309: orig = (0.401745, 0.614258, 0.336269), p = (0.401745, 0.614258, 0.336269)
Body 310: orig = (0.596192, 0.537233, 0.381924), p = (0.596192, 0.537233, 0.381924)
Body 311: orig = (0.839105, 0.632296, 0.425189), p = (0.839105, 0.632296, 0.425189)
Body 312: orig = (0.748647, 0.814586, 0.817220), p = (0.748647, 0.814586, 0.817220)
Body 313: orig = (0.626570, 0.754235, 0.339480), p = (0.626570, 0.754235, 0.339480)
Body 314: orig = (0.654943, 0.170659, 0.371052), p = (0.654943, 0.170659, 0.371052)
Body 315: orig = (0.221586, 0.753364, 0.478882), p = (0.221586, 0.753364, 0.478882)
Body 316: orig = (0.738517, 0.138517, 0.874346), p = (0.738517, 0.138517, 0.874346)
Body 317: orig = (0.170751, 0.701369, 0.250468), p = (0.170751, 0.701369, 0.250468)
Body 318: orig = (0.279486, 0.902785, 0.124483), p = (0.279486, 0.902785, 0.124483)
Body 319: orig = (0.187498, 0.529728, 0.403227), p = (0.187498, 0.529728, 0.403227)
Body 320: orig = (0.321642, 0.544233, 0.493896), p = (0.321642, 0.544233, 0.493896)
Body 321: orig = (0.248470, 0.545135, 0.403211), p = (0.248470, 0.545135, 0.403211)
Body 322: orig = (0.446447, 0.288140, 0.190490), p = (0.446447, 0.288140, 0.190490)
Body 323: orig = (0.867665, 0.850578, 0.865362), p = (0.867665, 0.850578, 0.865362)
Body 324: orig = (0.134599, 0.611265, 0.328677), p = (0.134599, 0.611265, 0.328677)
Body 325: orig = (0.867640, 0.706823, 0.528096), p = (0.867640, 0.706823, 0.528096)
Body 326: orig = (0.679738, 0.287549, 0.302273), p = (0.679738, 0.287549, 0.302273)
Body 327: orig = (0.164192, 0.298586, 0.547891), p = (0.164192, 0.298586, 0.547891)
Body 328: orig = (0.394210, 0.218156, 0.200966), p = (0.394210, 0.218156, 0.200966)
Body 329: orig = (0.721677, 0.671448, 0.304196), p = (0.721677, 0.671448, 0.304196)
Body 330: orig = (0.853227, 0.180770, 0.149568), p = (0.853227, 0.180770, 0.149568)
Body 331: orig = (0.150965, 0.828163, 0.413219), p = (0.150965, 0.828163, 0.413219)
Body 332: orig = (0.530400, 0.444234, 0.168879), p = (0.530400, 0.444234, 0.168879)
Body 333: orig = (0.449224, 0.833744, 0.146898), p = (0.449224, 0.833744, 0.146898)
Body 334: orig = (0.748730, 0.284172, 0.319265), p = (0.748730, 0.284172, 0.319265)
Body 335: orig = (0.412842, 0.193991, 0.377854), p = (0.412842, 0.193991, 0.377854)
Body 336: orig = (0.313910, 0.486408, 0.378265), p = (0.313910, 0.486408, 0.378265)
Body 337: orig = (0.316522, 0.368529, 0.225486), p = (0.316522, 0.368529, 0.225486)
Body 338: orig = (0.631558, 0.448949, 0.548074), p = (0.631558, 0.448949, 0.548074)
Body 339: orig = (0.550590, 0.292236, 0.169791), p = (0.550590, 0.292236, 0.169791)
Body 340: orig = (0.789451, 0.621346, 0.166595), p = (0.789451, 0.621346, 0.166595)
Body 341: orig = (0.286364, 0.642921, 0.241996), p = (0.286364, 0.642921, 0.241996)
Body 342: orig = (0.184483, 0.414912, 0.838471), p = (0.184483, 0.414912, 0.838471)
Body 343: orig = (0.181516, 0.482513, 0.447163), p = (0.181516, 0.482513, 0.447163)
Body 344: orig = (0.574250, 0.568566, 0.532900), p = (0.574250, 0.568566, 0.532900)
Body 345: orig = (0.721065, 0.545416, 0.663629), p = (0.721065, 0.545416, 0.663629)
Body 346: orig = (0.714531, 0.853631, 0.203721), p = (0.714531, 0.853631, 0.203721)
Body 347: orig = (0.465548, 0.636561, 0.513670), p = (0.465548, 0.636561, 0.513670)
Body 348: orig = (0.316399, 0.794038, 0.307915), p = (0.316399, 0.794038, 0.307915)
Body 349: orig = (0.569407, 0.559294, 0.140734), p = (0.569407, 0.559294, 0.140734)
Body 350: orig = (0.293183, 0.818624, 0.491605), p = (0.293183, 0.818624, 0.491605)
Body 351: orig = (0.184172, 0.886718, 0.739096), p = (0.184172, 0.886718, 0.739096)
Body 352: orig = (0.272522, 0.858942, 0.328457), p = (0.272522, 0.858942, 0.328457)
Body 353: orig = (0.619784, 0.308469, 0.855609), p = (0.619784, 0.308469, 0.855609)
Body 354: orig = (0.873202, 0.310201, 0.380679), p = (0.873202, 0.310201, 0.380679)
Body 355: orig = (0.390429, 0.450420, 0.864185), p = (0.390429, 0.450420, 0.864185)
Body 356: orig = (0.493770, 0.212675, 0.278491), p = (0.493770, 0.212675, 0.278491)
Body 357: orig = (0.725388, 0.620975, 0.205624), p = (0.725388, 0.620975, 0.205624)
Body 358: orig = (0.740196, 0.484176, 0.528156), p = (0.740196, 0.484176, 0.528156)
Body 359: orig = (0.388618, 0.592947, 0.699942), p = (0.388618, 0.592947, 0.699942)
Body 360: orig = (0.350322, 0.504416, -0.055224), p = (0.350322, 0.504416, -0.055224)
Body 361: orig = (0.270450, 0.591653, 0.670121), p = (0.270450, 0.591653, 0.670121)
Body 362: orig = (0.102829, 0.121736, 0.816455), p = (0.102829, 0.121736, 0.816455)
Body 363: orig = (0.323789, 0.212406, 0.673332), p = (0.323789, 0.212406, 0.673332)
Body 364: orig = (0.710576, 0.242295, 0.293436), p = (0.710576, 0.242295, 0.293436)
Body 365: orig = (0.636207, 0.206272, 0.147329), p = (0.636207, 0.206272, 0.147329)
Body 366: orig = (0.131325, 0.182682, 0.150051), p = (0.131325, 0.182682, 0.150051)
Body 367: orig = (0.115495, 0.258498, 0.736318), p = (0.115495, 0.258498, 0.736318)
Body 368: orig = (0.819304, 0.769479, 0.879091), p = (0.819304, 0.769479, 0.879091)
Body 369: orig = (0.612699, 0.532639, 0.432613), p = (0.612699, 0.532639, 0.432613)
Body 370: orig = (0.212400, 0.812996, 0.427772), p = (0.212400, 0.812996, 0.427772)
Body 371: orig = (0.432215, 0.121875, 0.765735), p = (0.432215, 0.121875, 0.765735)
Body 372: orig = (0.356150, 0.080354, 0.110777), p = (0.356150, 0.080354, 0.110777)
Body 373: orig = (0.651117, 0.652968, 0.704219), p = (0.651117, 0.652968, 0.704219)
Body 374: orig = (0.411773, 0.661681, 0.675484), p = (0.411773, 0.661681, 0.675484)
Body 375: orig = (0.585633, 0.764271, 0.448455), p = (0.585633, 0.764271, 0.448455)
Body 376: orig = (0.254846, 0.177767, 0.390279), p = (0.254846, 0.177767, 0.390279)
Body 377: orig = (0.855671, 0.536394, 0.527025), p = (0.855671, 0.536394, 0.527025)
Body 378: orig = (0.227895, 0.130166, 0.738076), p = (0.227895, 0.130166, 0.738076)
Body 379: orig = (0.490701, 0.599856, 0.507549), p = (0.490701, 0.599856, 0.507549)
Body 380: orig = (0.621107, 0.632181, 0.769615), p = (0.621107, 0.632181, 0.769615)
Body 381: orig = (0.418639, 0.518540, 0.432096), p = (0.418639, 0.518540, 0.432096)
Body 382: orig = (0.326887, 0.255801, 0.740468), p = (0.326887, 0.255801, 0.740468)
Body 383: orig = (0.286402, 0.605603, 0.372551), p = (0.286402, 0.605603, 0.372551)
Body 384: orig = (0.332448, 0.221463, 0.728098), p = (0.332448, 0.221463, 0.728098)
Body 385: orig = (0.725591, 0.897115, 0.868300), p = (0.725591, 0.897115, 0.868300)
Body 386: orig = (0.686034, 0.355192, 0.327751), p = (0.686034, 0.355192, 0.327751)
Body 387: orig = (0.714360, 0.851888, 0.163933), p = (0.714360, 0.851888, 0.163933)
Body 388: orig = (0.731346, 0.187801, 0.385674), p = (0.731346, 0.187801, 0.385674)
Body 389: orig = (0.425133, 0.219774, 0.366875), p = (0.425133, 0.219774, 0.366875)
Body 390: orig = (0.273905, 0.469376, 0.632695), p = (0.273905, 0.469376, 0.632695)
Body 391: orig = (0.591363, 0.779721, 0.438302), p = (0.591363, 0.779721, 0.438302)
Body 392: orig = (0.500314, 0.625144, 0.214677), p = (0.500314, 0.625144, 0.214677)
Body 393: orig = (0.562781, 0.226358, 0.180154), p = (0.562781, 0.226358, 0.180154)
Body 394: orig = (0.423258, 0.809660, 0.166525), p = (0.423258, 0.809660, 0.166525)
Body 395: orig = (0.510203, 0.125937, 0.192329), p = (0.510203, 0.125937, 0.192329)
Body 396: orig = (0.827068, 0.670695, 0.808511), p = (0.827068, 0.670695, 0.808511)
Body 397: orig = (0.633028, 0.707630, 0.742220), p = (0.633028, 0.707630, 0.742220)
Body 398: orig = (0.728206, 0.123741, 0.348284), p = (0.728206, 0.123741, 0.348284)
Body 399: orig = (0.186115, 0.778400, 0.199991), p = (0.186115, 0.778400, 0.199991)
Body 400: orig = (0.864894, 0.869660, 0.728342), p = (0.864894, 0.869660, 0.728342)
Body 401: orig = (0.263286, 0.277386, 0.462857), p = (0.263286, 0.277386, 0.462857)
Body 402: orig = (0.616915, 0.849418, 0.546876), p = (0.616915, 0.849418, 0.546876)
Body 403: orig = (0.460314, 0.112162, 0.387758), p = (0.460314, 0.112162, 0.387758)
Body 404: orig = (0.495621, 0.174790, 0.154484), p = (0.495621, 0.174790, 0.154484)
Body 405: orig = (0.892330, 0.632853, 0.633888), p = (0.892330, 0.632853, 0.633888)
Body 406: orig = (0.688580, 0.218278, 0.357032), p = (0.688580, 0.218278, 0.357032)
Body 407: orig = (0.734298, 0.412499, 0.850418), p = (0.734298, 0.412499, 0.850418)
Body 408: orig = (0.287908, 0.582384, 0.557970), p = (0.287908, 0.582384, 0.557970)
Body 409: orig = (0.674599, 0.475662, 0.340117), p = (0.674599, 0.475662, 0.340117)
Body 410: orig = (0.189805, 0.149420, 0.182383), p = (0.189805, 0.149420, 0.182383)
Body 411: orig = (0.368741, 0.547481, 0.730922), p = (0.368741, 0.547481, 0.730922)
Body 412: orig = (0.151846, 0.103198, 0.099732), p = (0.151846, 0.103198, 0.099732)
Body 413: orig = (0.286933, 0.629047, 0.361130), p = (0.286933, 0.629047, 0.361130)
Body 414: orig = (0.746603, 0.296773, 0.299977), p = (0.746603, 0.296773, 0.299977)
Body 415: orig = (0.082019, 0.105954, 0.466976), p = (0.082019, 0.105954, 0.466976)
Body 416: orig = (0.611275, 0.285966, 0.590783), p = (0.611275, 0.285966, 0.590783)
Body 417: orig = (0.264039, 0.441605, 0.549798), p = (0.264039, 0.441605, 0.549798)
Body 418: orig = (0.878921, 0.645911, 0.878360), p = (0.878921, 0.645911, 0.878360)
Body 419: orig = (0.434134, 0.378574, 0.785351), p = (0.434134, 0.378574, 0.785351)
Body 420: orig = (0.399527, 0.316485, 0.364699), p = (0.399527, 0.316485, 0.364699)
Body 421: orig = (0.901474, 0.776349, 0.101911), p = (0.901474, 0.776349, 0.101911)
Body 422: orig = (0.601520, 0.726472, 0.184590), p = (0.601520, 0.726472, 0.184590)
Body 423: orig = (0.847922, 0.813890, 0.200893), p = (0.847922, 0.813890, 0.200893)
Body 424: orig = (0.375612, 0.210057, 0.730096), p = (0.375612, 0.210057, 0.730096)
Body 425: orig = (0.376998, 0.632612, 0.695487), p = (0.376998, 0.632612, 0.695487)
Body 426: orig = (0.576620, 0.481163, 0.778084), p = (0.576620, 0.481163, 0.778084)
Body 427: orig = (0.672990, 0.265578, 0.292067), p = (0.672990, 0.265578, 0.292067)
Body 428: orig = (0.693782, 0.604549, 0.698810), p = (0.693782, 0.604549, 0.698810)
Body 429: orig = (0.666756, 0.719118, 0.401773), p = (0.666756, 0.719118, 0.401773)
Body 430: orig = (0.753023, 0.171017, 0.675596), p = (0.753023, 0.171017, 0.675596)
Body 431: orig = (0.327913, 0.650762, 0.792587), p = (0.327913, 0.650762, 0.792587)
Body 432: orig = (0.333121, 0.556741, 0.252880), p = (0.333121, 0.556741, 0.252880)
Body 433: orig = (0.863290, 0.797965, 0.525629), p = (0.863290, 0.797965, 0.525629)
Body 434: orig = (0.651705, 0.741981, 0.801654), p = (0.651705, 0.741981, 0.801654)
Body 435: orig = (0.529129, 0.494255, 0.842395), p = (0.529129, 0.494255, 0.842395)
Body 436: orig = (0.537491, 0.654756, 0.864475), p = (0.537491, 0.654756, 0.864475)
Body 437: orig = (0.560852, 0.663139, 0.670460), p = (0.560852, 0.663139, 0.670460)
Body 438: orig = (0.858057, 0.494460, 0.832128), p = (0.858057, 0.494460, 0.832128)
Body 439: orig = (0.149034, 0.268095, 0.622439), p = (0.149034, 0.268095, 0.622439)
Body 440: orig = (0.226779, 0.816569, 0.501469), p = (0.226779, 0.816569, 0.501469)
Body 441: orig = (0.342787, 0.713086, 0.506135), p = (0.342787, 0.713086, 0.506135)
Body 442: orig = (0.780692, 0.598480, 0.464718), p = (0.780692, 0.598480, 0.464718)
Body 443: orig = (0.730249, 0.239056, 0.291966), p = (0.730249, 0.239056, 0.291966)
Body 444: orig = (0.131540, 0.596352, 0.118326), p = (0.131540, 0.596352, 0.118326)
Body 445: orig = (0.205407, 0.480966, 0.150566), p = (0.205407, 0.480966, 0.150566)
Body 446: orig = (0.247782, 0.640966, 0.576783), p = (0.247782, 0.640966, 0.576783)
Body 447: orig = (0.613477, 0.354184, 0.610112), p = (0.613477, 0.354184, 0.610112)
Body 448: orig = (0.121862, 0.453470, 0.888681), p = (0.121862, 0.453470, 0.888681)
Body 449: orig = (0.791582, 0.549982, 0.734434), p = (0.791582, 0.549982, 0.734434)
Body 450: orig = (0.861609, 0.578675, 0.585114), p = (0.861609, 0.578675, 0.585114)
Body 451: orig = (0.688696, 0.195778, 0.600612), p = (0.688696, 0.195778, 0.600612)
Body 452: orig = (0.459889, 0.644637, 0.190441), p = (0.459889, 0.644637, 0.190441)
Body 453: orig = (0.679955, 0.336197, 0.743232), p = (0.679955, 0.336197, 0.743232)
Body 454: orig = (0.177583, 0.196875, 0.247327), p = (0.177583, 0.196875, 0.247327)
Body 455: orig = (0.290989, 0.412236, 0.544263), p = (0.290989, 0.412236, 0.544263)
Body 456: orig = (0.440096, 0.721021, 0.611967), p = (0.440096, 0.721021, 0.611967)
Body 457: orig = (0.850352, 0.801307, 0.571439), p = (0.850352, 0.801307, 0.571439)
Body 458: orig = (0.262086, 0.665866, 0.441202), p = (0.262086, 0.665866, 0.441202)
Body 459: orig = (0.714181, 0.644034, 0.663199), p = (0.714181, 0.644034, 0.663199)
Body 460: orig = (0.550680, 0.570626, 0.697417), p = (0.550680, 0.570626, 0.697417)
Body 461: orig = (0.864938, 0.417445, 0.286466), p = (0.864938, 0.417445, 0.286466)
Body 462: orig = (0.390719, 0.524266, 0.266337), p = (0.390719, 0.524266, 0.266337)
Body 463: orig = (0.264141, 0.404287, 0.175873), p = (0.264141, 0.404287, 0.175873)
Body 464: orig = (0.147664, 0.555628, 0.440195), p = (0.147664, 0.555628, 0.440195)
Body 465: orig = (0.372123, 0.486441, 0.847219), p = (0.372123, 0.486441, 0.847219)
Body 466: orig = (0.848541, 0.500991, 0.279236), p = (0.848541, 0.500991, 0.279236)
Body 467: orig = (0.861031, 0.586717, 0.482590), p = (0.861031, 0.586717, 0.482590)
Body 468: orig = (0.314902, 0.579887, 0.652480), p = (0.314902, 0.579887, 0.652480)
Body 469: orig = (0.862741, 0.332437, 0.338292), p = (0.862741, 0.332437, 0.338292)
Body 470: orig = (0.587130, 0.655645, 0.765543), p = (0.587130, 0.655645, 0.765543)
Body 471: orig = (0.587849, 0.894377, 0.874623), p = (0.587849, 0.894377, 0.874623)
Body 472: orig = (0.504085, 0.144829, 0.668316), p = (0.504085, 0.144829, 0.668316)
Body 473: orig = (0.480228, 0.565978, 0.703215), p = (0.480228, 0.565978, 0.703215)
Body 474: orig = (0.764189, 0.882204, 0.731023), p = (0.764189, 0.882204, 0.731023)
Body 475: orig = (0.809958, 0.569400, 0.186117), p = (0.809958, 0.569400, 0.186117)
Body 476: orig = (0.588182, 0.500692, 0.768136), p = (0.588182, 0.500692, 0.768136)
Body 477: orig = (0.759712, 0.148500, 0.393417), p = (0.759712, 0.148500, 0.393417)
Body 478: orig = (0.393596, 0.697314, 0.633549), p = (0.393596, 0.697314, 0.633549)
Body 479: orig = (0.632335, 0.557372, 0.568346), p = (0.632335, 0.557372, 0.568346)
Body 480: orig = (0.227618, 0.825157, 0.434595), p = (0.227618, 0.825157, 0.434595)
Body 481: orig = (0.363941, 0.759833, 0.404968), p = (0.363941, 0.759833, 0.404968)
Body 482: orig = (0.884195, 0.248015, 0.756816), p = (0.884195, 0.248015, 0.756816)
Body 483: orig = (0.389456, 0.170431, 0.364837), p = (0.389456, 0.170431, 0.364837)
Body 484: orig = (0.459042, 0.836337, 0.725186), p = (0.459042, 0.836337, 0.725186)
Body 485: orig = (0.410870, 0.321751, 0.373046), p = (0.410870, 0.321751, 0.373046)
Body 486: orig = (0.485503, 0.705570, 0.195390), p = (0.485503, 0.705570, 0.195390)
Body 487: orig = (0.439900, 0.345808, 0.523017), p = (0.439900, 0.345808, 0.523017)
Body 488: orig = (0.863443, 0.629510, 0.795307), p = (0.863443, 0.629510, 0.795307)
Body 489: orig = (0.171579, 0.806874, 0.483122), p = (0.171579, 0.806874, 0.483122)
Body 490: orig = (0.893850, 0.893525, 0.880019), p = (0.893850, 0.893525, 0.880019)
Body 491: orig = (0.485735, 0.874479, 0.862248), p = (0.485735, 0.874479, 0.862248)
Body 492: orig = (0.631081, 0.604931, 0.486168), p = (0.631081, 0.604931, 0.486168)
Body 493: orig = (0.799389, 0.385830, 0.309959), p = (0.799389, 0.385830, 0.309959)
Body 494: orig = (0.446142, 0.475908, 0.442016), p = (0.446142, 0.475908, 0.442016)
Body 495: orig = (0.315218, 0.438505, 0.558541), p = (0.315218, 0.438505, 0.558541)
Body 496: orig = (0.593772, 0.677240, 0.395307), p = (0.593772, 0.677240, 0.395307)
Body 497: orig = (0.273066, 0.190596, 0.764159), p = (0.273066, 0.190596, 0.764159)
Body 498: orig = (0.423027, 0.442841, 0.867538), p = (0.423027, 0.442841, 0.867538)
Body 499: orig = (0.187609, 0.325355, 0.564717), p = (0.187609, 0.325355, 0.564717)
Body 500: orig = (0.233666, 0.369901, 0.790945), p = (0.233666, 0.369901, 0.790945)
Body 501: orig = (0.639619, 0.862807, 0.151912), p = (0.639619, 0.862807, 0.151912)
Body 502: orig = (0.815481, 0.157404, 0.093516), p = (0.815481, 0.157404, 0.093516)
Body 503: orig = (0.308581, 0.585437, 0.653257), p = (0.308581, 0.585437, 0.653257)
Body 504: orig = (0.465865, 0.683287, 0.525129), p = (0.465865, 0.683287, 0.525129)
Body 505: orig = (0.749256, 0.695233, 0.385751), p = (0.749256, 0.695233, 0.385751)
Body 506: orig = (0.439062, 0.206717, 0.353670), p = (0.439062, 0.206717, 0.353670)
Body 507: orig = (0.716505, 0.232591, 0.298049), p = (0.716505, 0.232591, 0.298049)
Body 508: orig = (0.271921, 0.679843, 0.773913), p = (0.271921, 0.679843, 0.773913)
Body 509: orig = (0.605839, 0.888154, 0.869401), p = (0.605839, 0.888154, 0.869401)
Body 510: orig = (0.511209, 0.569062, 0.554320), p = (0.511209, 0.569062, 0.554320)
Body 511: orig = (0.378858, 0.524682, 0.513929), p = (0.378858, 0.524682, 0.513929)
Body 512: orig = (0.852530, 0.543628, 0.924169), p = (0.852530, 0.543628, 0.924169)
Body 513: orig = (0.594243, 0.696610, 0.747826), p = (0.594243, 0.696610, 0.747826)
Body 514: orig = (0.674838, 0.851914, 0.883474), p = (0.674838, 0.851914, 0.883474)
Body 515: orig = (0.505809, 0.189128, 0.460382), p = (0.505809, 0.189128, 0.460382)
Body 516: orig = (0.421072, 0.547068, 0.282601), p = (0.421072, 0.547068, 0.282601)
Body 517: orig = (0.160432, 0.552580, 0.169438), p = (0.160432, 0.552580, 0.169438)
Body 518: orig = (0.141541, 0.757167, 0.608334), p = (0.141541, 0.757167, 0.608334)
Body 519: orig = (0.825102, 0.851617, 0.417638), p = (0.825102, 0.851617, 0.417638)
Body 520: orig = (0.674569, 0.174994, 0.331187), p = (0.674569, 0.174994, 0.331187)
Body 521: orig = (0.557831, 0.812346, 0.600541), p = (0.557831, 0.812346, 0.600541)
Body 522: orig = (0.641191, 0.695291, 0.588281), p = (0.641191, 0.695291, 0.588281)
Body 523: orig = (0.252292, 0.264230, 0.508003), p = (0.252292, 0.264230, 0.508003)
Body 524: orig = (0.216596, 0.158851, 0.646798), p = (0.216596, 0.158851, 0.646798)
Body 525: orig = (0.324610, 0.620580, 0.136491), p = (0.324610, 0.620580, 0.136491)
Body 526: orig = (0.721626, 0.312701, 0.666715), p = (0.721626, 0.312701, 0.666715)
Body 527: orig = (0.287083, 0.723717, 0.835332), p = (0.287083, 0.723717, 0.835332)
Body 528: orig = (0.816607, 0.792087, 0.228868), p = (0.816607, 0.792087, 0.228868)
Body 529: orig = (0.861615, 0.311473, 0.266053), p = (0.861615, 0.311473, 0.266053)
Body 530: orig = (0.473253, 0.350632, 0.431280), p = (0.473253, 0.350632, 0.431280)
Body 531: orig = (0.689670, 0.806821, 0.810175), p = (0.689670, 0.806821, 0.810175)
Body 532: orig = (0.609802, 0.185401, 0.377092), p = (0.609802, 0.185401, 0.377092)
Body 533: orig = (0.301679, 0.483670, 0.415416), p = (0.301679, 0.483670, 0.415416)
Body 534: orig = (0.215071, 0.183564, 0.639579), p = (0.215071, 0.183564, 0.639579)
Body 535: orig = (0.110287, 0.136535, 0.230297), p = (0.110287, 0.136535, 0.230297)
Body 536: orig = (0.331097, 0.252183, 0.473744), p = (0.331097, 0.252183, 0.473744)
Body 537: orig = (0.810789, 0.716959, 0.529522), p = (0.810789, 0.716959, 0.529522)
Body 538: orig = (0.652864, 0.856328, 0.150602), p = (0.652864, 0.856328, 0.150602)
Body 539: orig = (0.474490, 0.707374, 0.837117), p = (0.474490, 0.707374, 0.837117)
Body 540: orig = (0.103062, 0.597058, 0.785857), p = (0.103062, 0.597058, 0.785857)
Body 541: orig = (0.632192, 0.345438, 0.155976), p = (0.632192, 0.345438, 0.155976)
Body 542: orig = (0.488069, 0.357436, 0.209327), p = (0.488069, 0.357436, 0.209327)
Body 543: orig = (0.798287, 0.465019, 0.728417), p = (0.798287, 0.465019, 0.728417)
Body 544: orig = (0.181907, 0.557648, 0.190207), p = (0.181907, 0.557648, 0.190207)
Body 545: orig = (0.821457, 0.100254, 0.723361), p = (0.821457, 0.100254, 0.723361)
Body 546: orig = (0.256756, 0.136891, 0.205804), p = (0.256756, 0.136891, 0.205804)
Body 547: orig = (0.406159, 0.286723, 0.330939), p = (0.406159, 0.286723, 0.330939)
Body 548: orig = (0.751419, 0.591391, 0.429291), p = (0.751419, 0.591391, 0.429291)
Body 549: orig = (0.530964, 0.741555, 0.721305), p = (0.530964, 0.741555, 0.721305)
Body 550: orig = (0.286656, 0.620493, 0.744440), p = (0.286656, 0.620493, 0.744440)
Body 551: orig = (0.185725, 0.663668, 0.221686), p = (0.185725, 0.663668, 0.221686)
Body 552: orig = (0.732345, 0.878095, 0.890970), p = (0.732345, 0.878095, 0.890970)
Body 553: orig = (0.411631, 0.113628, 0.786498), p = (0.411631, 0.113628, 0.786498)
Body 554: orig = (0.848004, 0.405283, 0.202597), p = (0.848004, 0.405283, 0.202597)
Body 555: orig = (0.804751, 0.777059, 0.542983), p = (0.804751, 0.777059, 0.542983)
Body 556: orig = (0.776955, 0.287414, 0.246091), p = (0.776955, 0.287414, 0.246091)
Body 557: orig = (0.739801, 0.145162, 0.653724), p = (0.739801, 0.145162, 0.653724)
Body 558: orig = (0.410598, 0.241049, 0.307553), p = (0.410598, 0.241049, 0.307553)
Body 559: orig = (0.551196, 0.333912, 0.382946), p = (0.551196, 0.333912, 0.382946)
Body 560: orig = (0.573185, 0.251406, 0.209753), p = (0.573185, 0.251406, 0.209753)
Body 561: orig = (0.554748, 0.192098, 0.148465), p = (0.554748, 0.192098, 0.148465)
Body 562: orig = (0.346738, 0.363457, 0.342973), p = (0.346738, 0.363457, 0.342973)
Body 563: orig = (0.171451, 0.836822, 0.858309), p = (0.171451, 0.836822, 0.858309)
Body 564: orig = (0.430700, 0.232054, 0.331716), p = (0.430700, 0.232054, 0.331716)
Body 565: orig = (1.192349, 0.330510, 0.028341), p = (1.192349, 0.330510, 0.028341)
Body 566: orig = (0.581873, 0.163182, 0.242408), p = (0.581873, 0.163182, 0.242408)
Body 567: orig = (0.480493, 0.234173, 0.257094), p = (0.480493, 0.234173, 0.257094)
Body 568: orig = (0.709480, 0.470917, 0.796577), p = (0.709480, 0.470917, 0.796577)
Body 569: orig = (0.863668, 0.725017, 0.495575), p = (0.863668, 0.725017, 0.495575)
Body 570: orig = (0.866791, 0.433213, 0.722005), p = (0.866791, 0.433213, 0.722005)
Body 571: orig = (0.656542, 0.341558, 0.160196), p = (0.656542, 0.341558, 0.160196)
Body 572: orig = (0.733395, 0.673570, 0.354072), p = (0.733395, 0.673570, 0.354072)
Body 573: orig = (0.254406, 0.393439, 0.747973), p = (0.254406, 0.393439, 0.747973)
Body 574: orig = (0.434063, 0.733998, 0.213703), p = (0.434063, 0.733998, 0.213703)
Body 575: orig = (0.204350, 0.496445, 0.593532), p = (0.204350, 0.496445, 0.593532)
Body 576: orig = (0.547740, 0.186830, 0.784897), p = (0.547740, 0.186830, 0.784897)
Body 577: orig = (0.268745, 0.585347, 0.285524), p = (0.268745, 0.585347, 0.285524)
Body 578: orig = (0.146997, 0.515860, 0.401803), p = (0.146997, 0.515860, 0.401803)
Body 579: orig = (0.442549, 0.591066, 0.299424), p = (0.442549, 0.591066, 0.299424)
Body 580: orig = (0.460615, 0.841838, 0.659997), p = (0.460615, 0.841838, 0.659997)
Body 581: orig = (0.462331, 0.546110, 0.591164), p = (0.462331, 0.546110, 0.591164)
Body 582: orig = (0.852620, 0.903702, 0.892898), p = (0.852620, 0.903702, 0.892898)
Body 583: orig = (0.347048, 0.488971, 0.564189), p = (0.347048, 0.488971, 0.564189)
Body 584: orig = (0.220900, 0.345098, 0.591111), p = (0.220900, 0.345098, 0.591111)
Body 585: orig = (0.312695, 0.460751, 0.740007), p = (0.312695, 0.460751, 0.740007)
Body 586: orig = (0.770106, 0.820930, 0.733761), p = (0.770106, 0.820930, 0.733761)
Body 587: orig = (0.454654, 0.845796, 0.719553), p = (0.454654, 0.845796, 0.719553)
Body 588: orig = (0.368179, 0.498960, 0.846200), p = (0.368179, 0.498960, 0.846200)
Body 589: orig = (0.156010, 0.056347, 0.027847), p = (0.156010, 0.056347, 0.027847)
Body 590: orig = (0.102954, 0.511324, 0.796869), p = (0.102954, 0.511324, 0.796869)
Body 591: orig = (0.833516, 0.529594, 0.528783), p = (0.833516, 0.529594, 0.528783)
Body 592: orig = (0.436839, 0.227863, 0.356356), p = (0.436839, 0.227863, 0.356356)
Body 593: orig = (0.237304, 0.392231, 0.207414), p = (0.237304, 0.392231, 0.207414)
Body 594: orig = (0.227498, 0.838814, 0.531998), p = (0.227498, 0.838814, 0.531998)
Body 595: orig = (0.682749, 0.127727, 0.663146), p = (0.682749, 0.127727, 0.663146)
Body 596: orig = (0.788467, 0.825638, 0.707093), p = (0.788467, 0.825638, 0.707093)
Body 597: orig = (0.843868, 0.451449, 0.698323), p = (0.843868, 0.451449, 0.698323)
Body 598: orig = (0.264560, 0.600123, 0.237342), p = (0.264560, 0.600123, 0.237342)
Body 599: orig = (0.861410, 0.180174, 0.775429), p = (0.861410, 0.180174, 0.775429)
Body 600: orig = (0.203511, 0.379796, 0.544749), p = (0.203511, 0.379796, 0.544749)
Body 601: orig = (0.311949, 0.720157, 0.789445), p = (0.311949, 0.720157, 0.789445)
Body 602: orig = (0.435022, 0.860418, 0.541362), p = (0.435022, 0.860418, 0.541362)
Body 603: orig = (0.250266, 0.184975, 0.200837), p = (0.250266, 0.184975, 0.200837)
Body 604: orig = (0.670062, 0.489485, 0.548048), p = (0.670062, 0.489485, 0.548048)
Body 605: orig = (0.796917, 0.681794, 0.626491), p = (0.796917, 0.681794, 0.626491)
Body 606: orig = (0.705234, 0.836586, 0.206257), p = (0.705234, 0.836586, 0.206257)
Body 607: orig = (0.558959, 0.839343, 0.690205), p = (0.558959, 0.839343, 0.690205)
Body 608: orig = (0.318491, 0.679024, 0.687185), p = (0.318491, 0.679024, 0.687185)
Body 609: orig = (0.592563, 0.362825, 0.409794), p = (0.592563, 0.362825, 0.409794)
Body 610: orig = (0.645799, 0.581329, 0.763274), p = (0.645799, 0.581329, 0.763274)
Body 611: orig = (0.816700, 0.839976, 0.107438), p = (0.816700, 0.839976, 0.107438)
Body 612: orig = (0.504594, 0.539909, 0.746216), p = (0.504594, 0.539909, 0.746216)
Body 613: orig = (0.614937, 0.840449, 0.621032), p = (0.614937, 0.840449, 0.621032)
Body 614: orig = (0.447071, 0.832817, 0.808959), p = (0.447071, 0.832817, 0.808959)
Body 615: orig = (0.279964, 0.379936, 0.757405), p = (0.279964, 0.379936, 0.757405)
Body 616: orig = (0.177007, 0.567846, 0.695378), p = (0.177007, 0.567846, 0.695378)
Body 617: orig = (0.889380, 0.839233, 0.845979), p = (0.889380, 0.839233, 0.845979)
Body 618: orig = (0.478572, 0.552065, 0.322454), p = (0.478572, 0.552065, 0.322454)
Body 619: orig = (0.791068, 0.220800, 0.176160), p = (0.791068, 0.220800, 0.176160)
Body 620: orig = (0.289156, 0.760876, 0.335607), p = (0.289156, 0.760876, 0.335607)
Body 621: orig = (0.359595, 0.868610, 0.586049), p = (0.359595, 0.868610, 0.586049)
Body 622: orig = (0.346381, 0.278043, 0.669508), p = (0.346381, 0.278043, 0.669508)
Body 623: orig = (0.322742, 0.838806, 0.306344), p = (0.322742, 0.838806, 0.306344)
Body 624: orig = (0.233250, 0.322367, 0.780346), p = (0.233250, 0.322367, 0.780346)
Body 625: orig = (0.799035, 0.575477, 0.673672), p = (0.799035, 0.575477, 0.673672)
Body 626: orig = (0.549394, 0.631262, 0.676613), p = (0.549394, 0.631262, 0.676613)
Body 627: orig = (0.405081, 0.624999, 0.677940), p = (0.405081, 0.624999, 0.677940)
Body 628: orig = (0.657745, 0.639623, 0.750928), p = (0.657745, 0.639623, 0.750928)
Body 629: orig = (0.855690, 0.177236, 0.229166), p = (0.855690, 0.177236, 0.229166)
Body 630: orig = (0.201753, 0.129621, 0.174967), p = (0.201753, 0.129621, 0.174967)
Body 631: orig = (0.390108, 0.572417, 0.392152), p = (0.390108, 0.572417, 0.392152)
Body 632: orig = (0.511375, 0.452088, 0.208921), p = (0.511375, 0.452088, 0.208921)
Body 633: orig = (0.884452, 0.235817, 0.737716), p = (0.884452, 0.235817, 0.737716)
Body 634: orig = (0.166860, 0.248086, 0.506828), p = (0.166860, 0.248086, 0.506828)
Body 635: orig = (0.418098, 0.369777, 0.334562), p = (0.418098, 0.369777, 0.334562)
Body 636: orig = (0.191567, 0.681167, 0.797861), p = (0.191567, 0.681167, 0.797861)
Body 637: orig = (0.540167, 0.575911, 0.490176), p = (0.540167, 0.575911, 0.490176)
Body 638: orig = (0.867088, 0.487255, 0.858528), p = (0.867088, 0.487255, 0.858528)
Body 639: orig = (0.257532, 0.150776, 0.604474), p = (0.257532, 0.150776, 0.604474)
Body 640: orig = (0.688953, 0.596312, 0.240633), p = (0.688953, 0.596312, 0.240633)
Body 641: orig = (0.475920, 0.822479, 0.518255), p = (0.475920, 0.822479, 0.518255)
Body 642: orig = (0.152929, 0.303799, 0.530941), p = (0.152929, 0.303799, 0.530941)
Body 643: orig = (0.230986, 0.374871, 0.567009), p = (0.230986, 0.374871, 0.567009)
Body 644: orig = (0.262570, 0.853670, 0.450943), p = (0.262570, 0.853670, 0.450943)
Body 645: orig = (0.804240, 0.551179, 0.132999), p = (0.804240, 0.551179, 0.132999)
Body 646: orig = (0.353797, 0.115600, 0.083450), p = (0.353797, 0.115600, 0.083450)
Body 647: orig = (0.195502, 0.220798, 0.637671), p = (0.195502, 0.220798, 0.637671)
Body 648: orig = (0.768530, 0.405395, 0.213843), p = (0.768530, 0.405395, 0.213843)
Body 649: orig = (0.654906, 0.309580, 0.663968), p = (0.654906, 0.309580, 0.663968)
Body 650: orig = (0.215135, 0.361425, 0.218254), p = (0.215135, 0.361425, 0.218254)
Body 651: orig = (0.642609, 0.234041, 0.710082), p = (0.642609, 0.234041, 0.710082)
Body 652: orig = (0.234419, 0.267288, 0.771427), p = (0.234419, 0.267288, 0.771427)
Body 653: orig = (0.848015, 0.649560, 0.671184), p = (0.848015, 0.649560, 0.671184)
Body 654: orig = (0.934815, 0.565463, 0.800200), p = (0.934815, 0.565463, 0.800200)
Body 655: orig = (0.714596, 0.880622, 0.891975), p = (0.714596, 0.880622, 0.891975)
Body 656: orig = (0.208857, 0.761344, 0.748524), p = (0.208857, 0.761344, 0.748524)
Body 657: orig = (0.416104, 0.608202, 0.846911), p = (0.416104, 0.608202, 0.846911)
Body 658: orig = (0.863084, 0.153475, 0.709510), p = (0.863084, 0.153475, 0.709510)
Body 659: orig = (0.529347, 0.214093, 0.668744), p = (0.529347, 0.214093, 0.668744)
Body 660: orig = (0.331837, 0.529449, 0.250376), p = (0.331837, 0.529449, 0.250376)
Body 661: orig = (0.812056, 0.698339, 0.401040), p = (0.812056, 0.698339, 0.401040)
Body 662: orig = (0.847547, 0.489691, 0.859202), p = (0.847547, 0.489691, 0.859202)
Body 663: orig = (0.320893, 0.757597, 0.712740), p = (0.320893, 0.757597, 0.712740)
Body 664: orig = (0.685102, 0.463752, 0.468247), p = (0.685102, 0.463752, 0.468247)
Body 665: orig = (0.164704, 0.309178, 0.536228), p = (0.164704, 0.309178, 0.536228)
Body 666: orig = (0.728741, 0.587460, 0.207183), p = (0.728741, 0.587460, 0.207183)
Body 667: orig = (0.859096, 0.646857, 0.204417), p = (0.859096, 0.646857, 0.204417)
Body 668: orig = (0.695250, 0.565001, 0.515876), p = (0.695250, 0.565001, 0.515876)
Body 669: orig = (0.370298, 0.515176, 0.711105), p = (0.370298, 0.515176, 0.711105)
Body 670: orig = (0.293317, 0.797475, 0.400978), p = (0.293317, 0.797475, 0.400978)
Body 671: orig = (0.198763, 0.294417, 0.509715), p = (0.198763, 0.294417, 0.509715)
Body 672: orig = (0.141824, 0.251889, 0.886262), p = (0.141824, 0.251889, 0.886262)
Body 673: orig = (0.485620, 0.792647, 0.817913), p = (0.485620, 0.792647, 0.817913)
Body 674: orig = (0.190432, 0.315572, 0.781982), p = (0.190432, 0.315572, 0.781982)
Body 675: orig = (0.153365, 0.609664, 0.454715), p = (0.153365, 0.609664, 0.454715)
Body 676: orig = (0.863641, 0.811511, 0.459324), p = (0.863641, 0.811511, 0.459324)
Body 677: orig = (0.107077, 0.420512, 0.876700), p = (0.107077, 0.420512, 0.876700)
Body 678: orig = (0.175435, 0.387335, 0.390028), p = (0.175435, 0.387335, 0.390028)
Body 679: orig = (0.761174, 0.792582, 0.207231), p = (0.761174, 0.792582, 0.207231)
Body 680: orig = (0.207196, 0.713266, 0.667132), p = (0.207196, 0.713266, 0.667132)
Body 681: orig = (0.430373, 0.199539, 0.353423), p = (0.430373, 0.199539, 0.353423)
Body 682: orig = (0.862604, 0.839719, 0.824969), p = (0.862604, 0.839719, 0.824969)
Body 683: orig = (0.422657, 0.739712, 0.410700), p = (0.422657, 0.739712, 0.410700)
Body 684: orig = (0.473609, 0.132727, 0.156411), p = (0.473609, 0.132727, 0.156411)
Body 685: orig = (0.301338, 0.122004, 0.250795), p = (0.301338, 0.122004, 0.250795)
Body 686: orig = (0.821972, 0.602568, 0.335261), p = (0.821972, 0.602568, 0.335261)
Body 687: orig = (0.830624, 0.621193, 0.315063), p = (0.830624, 0.621193, 0.315063)
Body 688: orig = (0.752470, 0.708521, 0.378011), p = (0.752470, 0.708521, 0.378011)
Body 689: orig = (0.644434, 0.627785, 0.642902), p = (0.644434, 0.627785, 0.642902)
Body 690: orig = (0.519395, 0.332035, 0.263936), p = (0.519395, 0.332035, 0.263936)
Body 691: orig = (0.165534, 0.571500, 0.439507), p = (0.165534, 0.571500, 0.439507)
Body 692: orig = (0.823419, 0.803672, 0.310550), p = (0.823419, 0.803672, 0.310550)
Body 693: orig = (0.868917, 0.468962, 0.825872), p = (0.868917, 0.468962, 0.825872)
Body 694: orig = (0.700297, 0.854768, 0.588682), p = (0.700297, 0.854768, 0.588682)
Body 695: orig = (0.532661, 0.571203, 0.804366), p = (0.532661, 0.571203, 0.804366)
Body 696: orig = (0.420885, 0.423966, 0.854460), p = (0.420885, 0.423966, 0.854460)
Body 697: orig = (0.858309, 0.383507, 0.807605), p = (0.858309, 0.383507, 0.807605)
Body 698: orig = (0.341267, 0.236713, 0.696199), p = (0.341267, 0.236713, 0.696199)
Body 699: orig = (0.118584, 0.877322, 0.337765), p = (0.118584, 0.877322, 0.337765)
Body 700: orig = (0.309731, 0.385756, 0.229462), p = (0.309731, 0.385756, 0.229462)
Body 701: orig = (0.848393, 0.749177, 0.186531), p = (0.848393, 0.749177, 0.186531)
Body 702: orig = (0.719152, 0.214148, 0.363470), p = (0.719152, 0.214148, 0.363470)
Body 703: orig = (0.184110, 0.258361, 0.839830), p = (0.184110, 0.258361, 0.839830)
Body 704: orig = (0.468906, 0.555341, 0.352860), p = (0.468906, 0.555341, 0.352860)
Body 705: orig = (0.303066, 0.697743, 0.139913), p = (0.303066, 0.697743, 0.139913)
Body 706: orig = (0.602008, 0.156801, 0.422594), p = (0.602008, 0.156801, 0.422594)
Body 707: orig = (0.491739, 0.698568, 0.392606), p = (0.491739, 0.698568, 0.392606)
Body 708: orig = (0.290278, 0.430563, 0.480198), p = (0.290278, 0.430563, 0.480198)
Body 709: orig = (0.322104, 0.228485, 0.193677), p = (0.322104, 0.228485, 0.193677)
Body 710: orig = (0.205102, 0.205886, 0.621515), p = (0.205102, 0.205886, 0.621515)
Body 711: orig = (0.499166, 0.410498, 0.664706), p = (0.499166, 0.410498, 0.664706)
Body 712: orig = (0.235406, 0.641348, 0.730645), p = (0.235406, 0.641348, 0.730645)
Body 713: orig = (0.162353, 0.266592, 0.612734), p = (0.162353, 0.266592, 0.612734)
Body 714: orig = (0.742900, 0.671239, 0.372296), p = (0.742900, 0.671239, 0.372296)
Body 715: orig = (0.711133, 0.620075, 0.268163), p = (0.711133, 0.620075, 0.268163)
Body 716: orig = (0.832941, 0.751894, 0.756781), p = (0.832941, 0.751894, 0.756781)
Body 717: orig = (0.535290, 0.748599, 0.422852), p = (0.535290, 0.748599, 0.422852)
Body 718: orig = (0.388395, 0.269906, 0.304349), p = (0.388395, 0.269906, 0.304349)
Body 719: orig = (0.249720, 1.066042, 0.384933), p = (0.249720, 1.066042, 0.384933)
Body 720: orig = (0.777754, 0.212242, 0.773532), p = (0.777754, 0.212242, 0.773532)
Body 721: orig = (0.810630, 0.692066, 0.417370), p = (0.810630, 0.692066, 0.417370)
Body 722: orig = (0.813554, 0.044260, 0.063069), p = (0.813554, 0.044260, 0.063069)
Body 723: orig = (0.256494, 0.601107, 0.237696), p = (0.256494, 0.601107, 0.237696)
Body 724: orig = (0.795234, 0.309744, 0.119360), p = (0.795234, 0.309744, 0.119360)
Body 725: orig = (0.304449, 0.608093, 0.767500), p = (0.304449, 0.608093, 0.767500)
Body 726: orig = (0.501413, 0.230027, 0.093242), p = (0.501413, 0.230027, 0.093242)
Body 727: orig = (0.272653, 0.881914, 0.548476), p = (0.272653, 0.881914, 0.548476)
Body 728: orig = (0.740353, 0.836933, 0.149468), p = (0.740353, 0.836933, 0.149468)
Body 729: orig = (0.579851, 0.628697, 0.684608), p = (0.579851, 0.628697, 0.684608)
Body 730: orig = (0.910678, 0.137087, 0.634851), p = (0.910678, 0.137087, 0.634851)
Body 731: orig = (0.735690, 0.156553, 0.151558), p = (0.735690, 0.156553, 0.151558)
Body 732: orig = (0.646697, 0.745236, 0.565017), p = (0.646697, 0.745236, 0.565017)
Body 733: orig = (0.393348, 0.163650, 0.201392), p = (0.393348, 0.163650, 0.201392)
Body 734: orig = (0.847988, 0.656020, 0.229409), p = (0.847988, 0.656020, 0.229409)
Body 735: orig = (0.765555, 0.353374, 0.298957), p = (0.765555, 0.353374, 0.298957)
Body 736: orig = (0.518457, 0.214054, 0.276171), p = (0.518457, 0.214054, 0.276171)
Body 737: orig = (0.603815, 0.726837, 0.773874), p = (0.603815, 0.726837, 0.773874)
Body 738: orig = (0.852507, 0.660377, 0.655946), p = (0.852507, 0.660377, 0.655946)
Body 739: orig = (0.220667, 0.918097, 0.479204), p = (0.220667, 0.918097, 0.479204)
Body 740: orig = (0.166625, 0.498706, 0.341858), p = (0.166625, 0.498706, 0.341858)
Body 741: orig = (0.497322, 0.804395, 0.430746), p = (0.497322, 0.804395, 0.430746)
Body 742: orig = (0.549045, 0.754123, 0.471632), p = (0.549045, 0.754123, 0.471632)
Body 743: orig = (0.470222, 0.776839, 0.635234), p = (0.470222, 0.776839, 0.635234)
Body 744: orig = (0.684971, 0.159565, 0.220990), p = (0.684971, 0.159565, 0.220990)
Body 745: orig = (0.145551, 0.615468, 0.438000), p = (0.145551, 0.615468, 0.438000)
Body 746: orig = (0.416822, 0.869567, 0.524001), p = (0.416822, 0.869567, 0.524001)
Body 747: orig = (0.724307, 0.083192, 0.668140), p = (0.724307, 0.083192, 0.668140)
Body 748: orig = (0.307796, 0.461633, 0.432495), p = (0.307796, 0.461633, 0.432495)
Body 749: orig = (0.836475, 0.375137, 0.366950), p = (0.836475, 0.375137, 0.366950)
Body 750: orig = (0.678777, 0.093503, 0.144574), p = (0.678777, 0.093503, 0.144574)
Body 751: orig = (0.719841, 0.801548, 0.586347), p = (0.719841, 0.801548, 0.586347)
Body 752: orig = (0.247327, 0.357828, 0.841065), p = (0.247327, 0.357828, 0.841065)
Body 753: orig = (0.401825, 0.320333, 0.362873), p = (0.401825, 0.320333, 0.362873)
Body 754: orig = (0.197895, 0.424853, 0.669178), p = (0.197895, 0.424853, 0.669178)
Body 755: orig = (0.583456, 0.370836, 0.360855), p = (0.583456, 0.370836, 0.360855)
Body 756: orig = (0.605805, 0.830353, 0.566318), p = (0.605805, 0.830353, 0.566318)
Body 757: orig = (-0.704850, 0.329291, 1.156073), p = (-0.704850, 0.329291, 1.156073)
Body 758: orig = (0.164517, 0.250297, 0.505616), p = (0.164517, 0.250297, 0.505616)
Body 759: orig = (0.865221, 0.243844, 0.763502), p = (0.865221, 0.243844, 0.763502)
Body 760: orig = (0.451314, 0.309743, 0.398620), p = (0.451314, 0.309743, 0.398620)
Body 761: orig = (0.134327, 0.715803, 0.574492), p = (0.134327, 0.715803, 0.574492)
Body 762: orig = (0.805199, 0.861271, 0.214294), p = (0.805199, 0.861271, 0.214294)
Body 763: orig = (0.496494, 0.668348, 0.416548), p = (0.496494, 0.668348, 0.416548)
Body 764: orig = (0.326749, 0.663145, 0.170863), p = (0.326749, 0.663145, 0.170863)
Body 765: orig = (0.208135, 0.632526, 0.583266), p = (0.208135, 0.632526, 0.583266)
Body 766: orig = (0.380422, 0.544724, 0.317214), p = (0.380422, 0.544724, 0.317214)
Body 767: orig = (0.558004, 0.801974, 0.570277), p = (0.558004, 0.801974, 0.570277)
Body 768: orig = (0.549520, 0.877397, 0.801920), p = (0.549520, 0.877397, 0.801920)
Body 769: orig = (0.534548, 0.447806, 0.172761), p = (0.534548, 0.447806, 0.172761)
Body 770: orig = (0.124818, 0.550917, 0.793882), p = (0.124818, 0.550917, 0.793882)
Body 771: orig = (0.464359, 0.621601, 0.204093), p = (0.464359, 0.621601, 0.204093)
Body 772: orig = (0.450834, 0.206770, 0.344310), p = (0.450834, 0.206770, 0.344310)
Body 773: orig = (0.834967, 0.466799, 0.691656), p = (0.834967, 0.466799, 0.691656)
Body 774: orig = (0.648160, 0.846296, 0.184714), p = (0.648160, 0.846296, 0.184714)
Body 775: orig = (0.176046, 0.590844, 0.315914), p = (0.176046, 0.590844, 0.315914)
Body 776: orig = (0.606824, 0.702484, 0.738299), p = (0.606824, 0.702484, 0.738299)
Body 777: orig = (0.317507, 0.790492, 0.319463), p = (0.317507, 0.790492, 0.319463)
Body 778: orig = (0.889920, 0.364138, 0.876820), p = (0.889920, 0.364138, 0.876820)
Body 779: orig = (0.140077, 0.845386, 0.887057), p = (0.140077, 0.845386, 0.887057)
Body 780: orig = (0.240063, 0.565166, 0.858323), p = (0.240063, 0.565166, 0.858323)
Body 781: orig = (0.225648, 0.192801, 0.665873), p = (0.225648, 0.192801, 0.665873)
Body 782: orig = (0.316775, 0.773264, 0.410888), p = (0.316775, 0.773264, 0.410888)
Body 783: orig = (0.785011, 0.210105, 0.728257), p = (0.785011, 0.210105, 0.728257)
Body 784: orig = (0.755103, 0.360420, 0.436447), p = (0.755103, 0.360420, 0.436447)
Body 785: orig = (0.778355, 0.307871, 0.074096), p = (0.778355, 0.307871, 0.074096)
Body 786: orig = (0.144027, 0.595944, 0.322998), p = (0.144027, 0.595944, 0.322998)
Body 787: orig = (0.141988, 0.739742, 0.266799), p = (0.141988, 0.739742, 0.266799)
Body 788: orig = (0.636914, 0.584628, 0.340563), p = (0.636914, 0.584628, 0.340563)
Body 789: orig = (0.206760, 0.594723, 0.205274), p = (0.206760, 0.594723, 0.205274)
Body 790: orig = (0.762308, 0.382039, 0.215626), p = (0.762308, 0.382039, 0.215626)
Body 791: orig = (0.087354, 0.127760, 0.900865), p = (0.087354, 0.127760, 0.900865)
Body 792: orig = (0.575376, 0.614103, 0.269691), p = (0.575376, 0.614103, 0.269691)
Body 793: orig = (0.709579, 0.622816, 0.219402), p = (0.709579, 0.622816, 0.219402)
Body 794: orig = (0.848424, 0.498484, 0.829991), p = (0.848424, 0.498484, 0.829991)
Body 795: orig = (0.857136, 0.232187, 0.284182), p = (0.857136, 0.232187, 0.284182)
Body 796: orig = (0.184982, 0.489872, 0.159226), p = (0.184982, 0.489872, 0.159226)
Body 797: orig = (1.547793, 0.431124, -0.272916), p = (1.547793, 0.431124, -0.272916)
Body 798: orig = (0.589104, 0.137474, 0.760752), p = (0.589104, 0.137474, 0.760752)
Body 799: orig = (0.285140, 0.376902, 0.732767), p = (0.285140, 0.376902, 0.732767)
Body 800: orig = (0.196250, 0.342710, 0.492268), p = (0.196250, 0.342710, 0.492268)
Body 801: orig = (0.393877, 0.597106, 0.472219), p = (0.393877, 0.597106, 0.472219)
Body 802: orig = (0.660870, 0.898122, 0.153154), p = (0.660870, 0.898122, 0.153154)
Body 803: orig = (0.456545, 0.742175, 0.266154), p = (0.456545, 0.742175, 0.266154)
Body 804: orig = (0.206038, 0.395314, 0.313643), p = (0.206038, 0.395314, 0.313643)
Body 805: orig = (0.235847, 0.426881, 0.391610), p = (0.235847, 0.426881, 0.391610)
Body 806: orig = (0.469148, 0.558554, 0.237443), p = (0.469148, 0.558554, 0.237443)
Body 807: orig = (0.150800, 0.299456, 0.126958), p = (0.150800, 0.299456, 0.126958)
Body 808: orig = (0.437959, 0.855561, 0.136614), p = (0.437959, 0.855561, 0.136614)
Body 809: orig = (0.206694, 0.351197, 0.612407), p = (0.206694, 0.351197, 0.612407)
Body 810: orig = (0.771740, 0.365405, 0.312290), p = (0.771740, 0.365405, 0.312290)
Body 811: orig = (0.361336, 0.247324, 0.746597), p = (0.361336, 0.247324, 0.746597)
Body 812: orig = (0.298188, 0.383976, 0.414198), p = (0.298188, 0.383976, 0.414198)
Body 813: orig = (0.246070, 0.119269, 0.131831), p = (0.246070, 0.119269, 0.131831)
Body 814: orig = (0.144804, 0.191359, 0.478241), p = (0.144804, 0.191359, 0.478241)
Body 815: orig = (0.696553, 0.849441, 0.502034), p = (0.696553, 0.849441, 0.502034)
Body 816: orig = (0.700398, 0.148067, 0.154710), p = (0.700398, 0.148067, 0.154710)
Body 817: orig = (0.301428, 0.574280, 0.189834), p = (0.301428, 0.574280, 0.189834)
Body 818: orig = (0.603328, 0.148590, 0.505148), p = (0.603328, 0.148590, 0.505148)
Body 819: orig = (0.790232, 0.671191, 0.611285), p = (0.790232, 0.671191, 0.611285)
Body 820: orig = (0.787964, 0.746753, 0.935428), p = (0.787964, 0.746753, 0.935428)
Body 821: orig = (0.806133, 0.183218, 0.114813), p = (0.806133, 0.183218, 0.114813)
Body 822: orig = (0.433208, 0.635323, 0.568734), p = (0.433208, 0.635323, 0.568734)
Body 823: orig = (0.161346, 0.254925, 0.694579), p = (0.161346, 0.254925, 0.694579)
Body 824: orig = (0.830601, 0.821256, 0.613797), p = (0.830601, 0.821256, 0.613797)
Body 825: orig = (0.437908, 0.819882, 0.695364), p = (0.437908, 0.819882, 0.695364)
Body 826: orig = (0.115936, 0.898409, 0.548631), p = (0.115936, 0.898409, 0.548631)
Body 827: orig = (0.819644, 0.471735, 0.730248), p = (0.819644, 0.471735, 0.730248)
Body 828: orig = (0.770434, 0.254124, 0.269971), p = (0.770434, 0.254124, 0.269971)
Body 829: orig = (0.842031, 0.697163, 0.681183), p = (0.842031, 0.697163, 0.681183)
Body 830: orig = (0.194161, 0.108973, 0.779991), p = (0.194161, 0.108973, 0.779991)
Body 831: orig = (0.229641, 0.320711, 0.223153), p = (0.229641, 0.320711, 0.223153)
Body 832: orig = (0.208793, 0.337349, 0.438215), p = (0.208793, 0.337349, 0.438215)
Body 833: orig = (0.163164, 0.520429, 0.318635), p = (0.163164, 0.520429, 0.318635)
Body 834: orig = (0.531664, 0.617762, 0.568390), p = (0.531664, 0.617762, 0.568390)
Body 835: orig = (0.129457, 0.215352, 0.401255), p = (0.129457, 0.215352, 0.401255)
Body 836: orig = (0.832830, 0.494115, 0.710884), p = (0.832830, 0.494115, 0.710884)
Body 837: orig = (0.497222, 0.815511, 0.418015), p = (0.497222, 0.815511, 0.418015)
Body 838: orig = (0.697163, 0.600947, 0.147536), p = (0.697163, 0.600947, 0.147536)
Body 839: orig = (0.761030, 0.788632, 0.769326), p = (0.761030, 0.788632, 0.769326)
Body 840: orig = (0.640953, 0.736933, 0.326120), p = (0.640953, 0.736933, 0.326120)
Body 841: orig = (0.156168, 0.321248, 0.779009), p = (0.156168, 0.321248, 0.779009)
Body 842: orig = (0.459643, 0.807663, 0.554650), p = (0.459643, 0.807663, 0.554650)
Body 843: orig = (0.317499, 0.763908, 0.401330), p = (0.317499, 0.763908, 0.401330)
Body 844: orig = (0.560863, 0.218175, 0.838194), p = (0.560863, 0.218175, 0.838194)
Body 845: orig = (0.730587, 0.257941, 0.831086), p = (0.730587, 0.257941, 0.831086)
Body 846: orig = (0.084504, 0.315478, 0.717450), p = (0.084504, 0.315478, 0.717450)
Body 847: orig = (0.225289, 0.313410, 0.150979), p = (0.225289, 0.313410, 0.150979)
Body 848: orig = (0.071006, 0.804706, 0.224965), p = (0.071006, 0.804706, 0.224965)
Body 849: orig = (0.292792, 0.564064, 0.176648), p = (0.292792, 0.564064, 0.176648)
Body 850: orig = (0.152953, 0.608889, 0.482332), p = (0.152953, 0.608889, 0.482332)
Body 851: orig = (0.227825, 0.458830, 0.380157), p = (0.227825, 0.458830, 0.380157)
Body 852: orig = (0.496445, 0.698499, 0.451143), p = (0.496445, 0.698499, 0.451143)
Body 853: orig = (0.241373, 0.696123, 0.124030), p = (0.241373, 0.696123, 0.124030)
Body 854: orig = (0.768016, 0.691831, 0.408814), p = (0.768016, 0.691831, 0.408814)
Body 855: orig = (0.554534, 0.572633, 0.521793), p = (0.554534, 0.572633, 0.521793)
Body 856: orig = (0.350991, 0.559319, 0.725349), p = (0.350991, 0.559319, 0.725349)
Body 857: orig = (0.809740, 0.203387, 0.496137), p = (0.809740, 0.203387, 0.496137)
Body 858: orig = (0.154170, 0.777341, 0.848112), p = (0.154170, 0.777341, 0.848112)
Body 859: orig = (0.794075, 0.435654, 0.430283), p = (0.794075, 0.435654, 0.430283)
Body 860: orig = (0.515046, 0.768938, 0.797055), p = (0.515046, 0.768938, 0.797055)
Body 861: orig = (0.497436, 0.214843, 0.269473), p = (0.497436, 0.214843, 0.269473)
Body 862: orig = (0.340180, 0.831870, 0.848575), p = (0.340180, 0.831870, 0.848575)
Body 863: orig = (0.223552, 0.808197, 0.578605), p = (0.223552, 0.808197, 0.578605)
Body 864: orig = (0.552845, 0.375128, 0.420632), p = (0.552845, 0.375128, 0.420632)
Body 865: orig = (0.172368, 0.181244, 0.179406), p = (0.172368, 0.181244, 0.179406)
Body 866: orig = (0.472836, 0.832850, 0.769344), p = (0.472836, 0.832850, 0.769344)
Body 867: orig = (0.667617, 0.743156, 0.349450), p = (0.667617, 0.743156, 0.349450)
Body 868: orig = (0.471800, 0.309333, 0.405028), p = (0.471800, 0.309333, 0.405028)
Body 869: orig = (0.146094, 0.393909, 0.470528), p = (0.146094, 0.393909, 0.470528)
Body 870: orig = (0.573038, 0.766775, 0.440366), p = (0.573038, 0.766775, 0.440366)
Body 871: orig = (0.161079, 0.605608, 0.733266), p = (0.161079, 0.605608, 0.733266)
Body 872: orig = (0.232154, 0.900465, 0.611992), p = (0.232154, 0.900465, 0.611992)
Body 873: orig = (0.283223, 0.638936, 0.378022), p = (0.283223, 0.638936, 0.378022)
Body 874: orig = (0.465990, 0.761418, 0.134866), p = (0.465990, 0.761418, 0.134866)
Body 875: orig = (0.552969, 0.482171, 0.792584), p = (0.552969, 0.482171, 0.792584)
Body 876: orig = (0.521238, 0.833429, 0.392187), p = (0.521238, 0.833429, 0.392187)
Body 877: orig = (0.519791, 0.255731, 0.451082), p = (0.519791, 0.255731, 0.451082)
Body 878: orig = (0.603677, 0.298182, 0.300504), p = (0.603677, 0.298182, 0.300504)
Body 879: orig = (0.623154, 0.530991, 0.548833), p = (0.623154, 0.530991, 0.548833)
Body 880: orig = (0.573005, 0.842890, 0.643494), p = (0.573005, 0.842890, 0.643494)
Body 881: orig = (0.555805, 0.472895, 0.316770), p = (0.555805, 0.472895, 0.316770)
Body 882: orig = (0.871840, 0.192481, 0.220225), p = (0.871840, 0.192481, 0.220225)
Body 883: orig = (0.432590, 0.199895, 0.374946), p = (0.432590, 0.199895, 0.374946)
Body 884: orig = (0.855122, 0.624793, 0.663387), p = (0.855122, 0.624793, 0.663387)
Body 885: orig = (0.778651, 0.633556, 0.401073), p = (0.778651, 0.633556, 0.401073)
Body 886: orig = (0.529902, 0.190431, 0.186428), p = (0.529902, 0.190431, 0.186428)
Body 887: orig = (0.698407, 0.433174, 0.867380), p = (0.698407, 0.433174, 0.867380)
Body 888: orig = (0.654952, 0.769268, 0.360168), p = (0.654952, 0.769268, 0.360168)
Body 889: orig = (0.324250, 0.672435, 0.681768), p = (0.324250, 0.672435, 0.681768)
Body 890: orig = (0.608606, 0.541018, 0.560142), p = (0.608606, 0.541018, 0.560142)
Body 891: orig = (0.429814, 0.204948, 0.802127), p = (0.429814, 0.204948, 0.802127)
Body 892: orig = (0.125504, 0.696930, 0.646030), p = (0.125504, 0.696930, 0.646030)
Body 893: orig = (0.522777, 0.562082, 0.426171), p = (0.522777, 0.562082, 0.426171)
Body 894: orig = (0.767227, 0.636320, 0.335641), p = (0.767227, 0.636320, 0.335641)
Body 895: orig = (0.680053, 0.245701, 0.290355), p = (0.680053, 0.245701, 0.290355)
Body 896: orig = (0.644089, 0.154849, 0.405724), p = (0.644089, 0.154849, 0.405724)
Body 897: orig = (0.405601, 0.779064, 0.387928), p = (0.405601, 0.779064, 0.387928)
Body 898: orig = (0.713552, 0.679117, 0.715286), p = (0.713552, 0.679117, 0.715286)
Body 899: orig = (0.472773, 0.598822, 0.480734), p = (0.472773, 0.598822, 0.480734)
Body 900: orig = (0.450435, 0.823729, 0.844809), p = (0.450435, 0.823729, 0.844809)
Body 901: orig = (0.686559, 0.355470, 0.128536), p = (0.686559, 0.355470, 0.128536)
Body 902: orig = (0.332709, 0.596658, 0.321675), p = (0.332709, 0.596658, 0.321675)
Body 903: orig = (0.194096, 0.261303, 0.291834), p = (0.194096, 0.261303, 0.291834)
Body 904: orig = (0.680871, 0.129453, 0.885136), p = (0.680871, 0.129453, 0.885136)
Body 905: orig = (0.809810, 0.704548, 0.731801), p = (0.809810, 0.704548, 0.731801)
Body 906: orig = (0.619393, 0.343647, 0.144708), p = (0.619393, 0.343647, 0.144708)
Body 907: orig = (0.288522, 0.567813, 0.193127), p = (0.288522, 0.567813, 0.193127)
Body 908: orig = (0.456515, 0.343398, 0.518660), p = (0.456515, 0.343398, 0.518660)
Body 909: orig = (0.147900, 0.228769, 0.546566), p = (0.147900, 0.228769, 0.546566)
Body 910: orig = (0.173995, 0.191966, 0.130266), p = (0.173995, 0.191966, 0.130266)
Body 911: orig = (0.494539, 0.688376, 0.579749), p = (0.494539, 0.688376, 0.579749)
Body 912: orig = (0.838544, 0.242058, 0.333108), p = (0.838544, 0.242058, 0.333108)
Body 913: orig = (0.831735, 0.536363, 0.432503), p = (0.831735, 0.536363, 0.432503)
Body 914: orig = (0.398817, 0.174695, 0.775470), p = (0.398817, 0.174695, 0.775470)
Body 915: orig = (0.504084, 0.535355, 0.390874), p = (0.504084, 0.535355, 0.390874)
Body 916: orig = (0.573712, 0.184581, 0.371465), p = (0.573712, 0.184581, 0.371465)
Body 917: orig = (0.745485, 0.779596, 0.565775), p = (0.745485, 0.779596, 0.565775)
Body 918: orig = (0.268327, 0.744801, 0.393106), p = (0.268327, 0.744801, 0.393106)
Body 919: orig = (0.494536, 0.697591, 0.451377), p = (0.494536, 0.697591, 0.451377)
Body 920: orig = (0.703852, 0.362868, 0.158501), p = (0.703852, 0.362868, 0.158501)
Body 921: orig = (0.732129, 0.175652, 0.616252), p = (0.732129, 0.175652, 0.616252)
Body 922: orig = (0.592336, 0.459424, 0.381067), p = (0.592336, 0.459424, 0.381067)
Body 923: orig = (0.176927, 0.655687, 0.829223), p = (0.176927, 0.655687, 0.829223)
Body 924: orig = (0.681001, 0.556154, 0.542483), p = (0.681001, 0.556154, 0.542483)
Body 925: orig = (0.902876, 0.893222, 0.339273), p = (0.902876, 0.893222, 0.339273)
Body 926: orig = (0.184655, 0.219944, 0.460731), p = (0.184655, 0.219944, 0.460731)
Body 927: orig = (0.704548, 0.724093, 0.584299), p = (0.704548, 0.724093, 0.584299)
Body 928: orig = (0.394523, 0.513302, 0.570857), p = (0.394523, 0.513302, 0.570857)
Body 929: orig = (0.856251, 0.071815, 0.089890), p = (0.856251, 0.071815, 0.089890)
Body 930: orig = (0.519383, 0.825122, 0.600561), p = (0.519383, 0.825122, 0.600561)
Body 931: orig = (0.377492, 0.513871, 0.411746), p = (0.377492, 0.513871, 0.411746)
Body 932: orig = (0.339060, 0.311928, 0.687905), p = (0.339060, 0.311928, 0.687905)
Body 933: orig = (0.207347, 0.355412, 0.358462), p = (0.207347, 0.355412, 0.358462)
Body 934: orig = (0.651892, 0.547899, 0.404254), p = (0.651892, 0.547899, 0.404254)
Body 935: orig = (0.375421, 0.512499, 0.244328), p = (0.375421, 0.512499, 0.244328)
Body 936: orig = (0.691272, 0.208652, 0.395319), p = (0.691272, 0.208652, 0.395319)
Body 937: orig = (0.794873, 0.617294, 0.170490), p = (0.794873, 0.617294, 0.170490)
Body 938: orig = (0.695857, 0.759089, 0.412643), p = (0.695857, 0.759089, 0.412643)
Body 939: orig = (0.560617, 0.293007, 0.698191), p = (0.560617, 0.293007, 0.698191)
Body 940: orig = (0.770101, 0.165014, 0.650696), p = (0.770101, 0.165014, 0.650696)
Body 941: orig = (0.666588, 0.604208, 0.247064), p = (0.666588, 0.604208, 0.247064)
Body 942: orig = (0.253057, 0.649170, 0.385993), p = (0.253057, 0.649170, 0.385993)
Body 943: orig = (0.191283, 0.565712, 0.148383), p = (0.191283, 0.565712, 0.148383)
Body 944: orig = (0.136982, 0.637038, 0.422064), p = (0.136982, 0.637038, 0.422064)
Body 945: orig = (0.456756, 0.183367, 0.372101), p = (0.456756, 0.183367, 0.372101)
Body 946: orig = (0.179542, 0.365891, 0.426041), p = (0.179542, 0.365891, 0.426041)
Body 947: orig = (0.198080, 0.270564, 0.269601), p = (0.198080, 0.270564, 0.269601)
Body 948: orig = (0.560094, 0.199729, 0.795238), p = (0.560094, 0.199729, 0.795238)
Body 949: orig = (0.706068, 0.539343, 0.211398), p = (0.706068, 0.539343, 0.211398)
Body 950: orig = (0.520385, 0.816839, 0.395651), p = (0.520385, 0.816839, 0.395651)
Body 951: orig = (0.650876, 0.159798, 0.456644), p = (0.650876, 0.159798, 0.456644)
Body 952: orig = (0.699147, 0.187555, 0.362258), p = (0.699147, 0.187555, 0.362258)
Body 953: orig = (0.861849, 0.460859, 0.693035), p = (0.861849, 0.460859, 0.693035)
Body 954: orig = (0.768325, 0.312886, 0.105304), p = (0.768325, 0.312886, 0.105304)
Body 955: orig = (0.651203, 0.690568, 0.623661), p = (0.651203, 0.690568, 0.623661)
Body 956: orig = (0.698092, 0.168743, 0.211513), p = (0.698092, 0.168743, 0.211513)
Body 957: orig = (0.846611, 0.811821, 0.437085), p = (0.846611, 0.811821, 0.437085)
Body 958: orig = (0.358648, 0.394524, 0.490096), p = (0.358648, 0.394524, 0.490096)
Body 959: orig = (0.802625, 0.513757, 0.682767), p = (0.802625, 0.513757, 0.682767)
Body 960: orig = (0.340121, 0.352240, 0.529842), p = (0.340121, 0.352240, 0.529842)
Body 961: orig = (0.192902, 0.797622, 0.197969), p = (0.192902, 0.797622, 0.197969)
Body 962: orig = (0.749217, 0.373691, 0.468473), p = (0.749217, 0.373691, 0.468473)
Body 963: orig = (0.230784, 0.785469, 0.197722), p = (0.230784, 0.785469, 0.197722)
Body 964: orig = (0.199836, 0.260953, 0.294103), p = (0.199836, 0.260953, 0.294103)
Body 965: orig = (0.165944, 0.813719, 0.469914), p = (0.165944, 0.813719, 0.469914)
Body 966: orig = (0.447124, 0.846108, 0.735788), p = (0.447124, 0.846108, 0.735788)
Body 967: orig = (0.664449, 0.135005, 0.220509), p = (0.664449, 0.135005, 0.220509)
Body 968: orig = (0.812549, 0.719401, 0.159256), p = (0.812549, 0.719401, 0.159256)
Body 969: orig = (0.197380, 0.672257, 0.231056), p = (0.197380, 0.672257, 0.231056)
Body 970: orig = (0.579344, 0.744328, 0.773243), p = (0.579344, 0.744328, 0.773243)
Body 971: orig = (0.272252, 0.508995, 0.655054), p = (0.272252, 0.508995, 0.655054)
Body 972: orig = (0.134774, 0.744234, 0.196741), p = (0.134774, 0.744234, 0.196741)
Body 973: orig = (0.342516, 0.557346, 0.752495), p = (0.342516, 0.557346, 0.752495)
Body 974: orig = (0.131352, 0.838069, 0.894263), p = (0.131352, 0.838069, 0.894263)
Body 975: orig = (0.255216, 0.607381, 0.253034), p = (0.255216, 0.607381, 0.253034)
Body 976: orig = (0.491910, 0.210217, 0.292743), p = (0.491910, 0.210217, 0.292743)
Body 977: orig = (0.244464, 0.947609, 0.650828), p = (0.244464, 0.947609, 0.650828)
Body 978: orig = (0.644134, 0.389285, 0.404700), p = (0.644134, 0.389285, 0.404700)
Body 979: orig = (0.192159, 0.856064, 0.776820), p = (0.192159, 0.856064, 0.776820)
Body 980: orig = (0.504936, 0.855841, 0.786108), p = (0.504936, 0.855841, 0.786108)
Body 981: orig = (0.211741, 0.750753, 0.952355), p = (0.211741, 0.750753, 0.952355)
Body 982: orig = (0.672649, 0.827775, 0.278138), p = (0.672649, 0.827775, 0.278138)
Body 983: orig = (0.573494, 0.287857, 0.829054), p = (0.573494, 0.287857, 0.829054)
Body 984: orig = (0.469694, 0.662263, 0.708728), p = (0.469694, 0.662263, 0.708728)
Body 985: orig = (0.276752, 0.249787, 0.281848), p = (0.276752, 0.249787, 0.281848)
Body 986: orig = (0.774018, 0.812169, 0.225124), p = (0.774018, 0.812169, 0.225124)
Body 987: orig = (0.289342, 0.391287, 0.380646), p = (0.289342, 0.391287, 0.380646)
Body 988: orig = (0.875316, 0.678090, 0.539599), p = (0.875316, 0.678090, 0.539599)
Body 989: orig = (0.561062, 0.601167, 0.640064), p = (0.561062, 0.601167, 0.640064)
Body 990: orig = (0.702137, 0.488269, 0.227982), p = (0.702137, 0.488269, 0.227982)
Body 991: orig = (0.278967, 0.670661, 0.400191), p = (0.278967, 0.670661, 0.400191)
Body 992: orig = (0.647023, 0.175011, 0.373450), p = (0.647023, 0.175011, 0.373450)
Body 993: orig = (0.362175, 0.098694, 0.094206), p = (0.362175, 0.098694, 0.094206)
Body 994: orig = (0.555467, 0.593847, 0.459815), p = (0.555467, 0.593847, 0.459815)
Body 995: orig = (0.137421, 0.226534, 0.297737), p = (0.137421, 0.226534, 0.297737)
Body 996: orig = (0.457426, 0.848506, 0.116011), p = (0.457426, 0.848506, 0.116011)
Body 997: orig = (0.465105, 0.179909, 0.346486), p = (0.465105, 0.179909, 0.346486)
Body 998: orig = (0.282259, 0.247680, 0.609163), p = (0.282259, 0.247680, 0.609163)
Body 999: orig = (0.303514, 0.150896, 0.286442), p = (0.303514, 0.150896, 0.286442)
RMS error: 0.000000
Beginning nbody simulation...
 - DS method 
 - 10000 bodies
 - MAC parameter: 0.500000
 - Iterations: 1
 - Time step: 0.010000
-----------------------------------------------
Iteration 1: time = 0.320 seconds
Total time = 0.000 seconds, Average time = -nan seconds.
10000 Bodies: average -nan Billion Interactions / second
-----------------------------------------------
ACCURACY CHECK AGAINST DS
Iteration 1: time = 1.815 seconds
Body 0: orig = (-0.202570, 0.213647, 0.453637), p = (-0.202570, 0.213647, 0.453637)
Body 1: orig = (0.791258, 0.423865, 0.116640), p = (0.791258, 0.423865, 0.116640)
Body 2: orig = (0.537277, 0.613208, 1.225865), p = (0.537277, 0.613208, 1.225865)
Body 3: orig = (0.301584, 0.416014, 0.525338), p = (0.301584, 0.416014, 0.525338)
Body 4: orig = (1.237898, 0.303073, 0.580558), p = (1.237898, 0.303073, 0.580558)
Body 5: orig = (0.302735, 1.001788, 0.893913), p = (0.302735, 1.001788, 0.893913)
Body 6: orig = (0.636525, 0.563045, 1.282795), p = (0.636525, 0.563045, 1.282795)
Body 7: orig = (0.651432, 1.286976, 1.280167), p = (0.651432, 1.286976, 1.280167)
Body 8: orig = (-0.485212, 0.687079, 0.876554), p = (-0.485212, 0.687079, 0.876554)
Body 9: orig = (-0.116363, 0.611247, 0.403910), p = (-0.116363, 0.611247, 0.403910)
Body 10: orig = (3.352120, 2.810839, 0.428748), p = (3.352120, 2.810839, 0.428748)
Body 11: orig = (-0.457950, 0.518125, 0.530192), p = (-0.457950, 0.518125, 0.530192)
Body 12: orig = (-0.175238, 0.610017, 0.146982), p = (-0.175238, 0.610017, 0.146982)
Body 13: orig = (1.074535, 0.120610, 0.695421), p = (1.074535, 0.120610, 0.695421)
Body 14: orig = (0.121611, 0.249951, 0.307222), p = (0.121611, 0.249951, 0.307222)
Body 15: orig = (0.524668, 0.303252, 0.467774), p = (0.524668, 0.303252, 0.467774)
Body 16: orig = (0.519289, -0.150916, -0.134059), p = (0.519289, -0.150916, -0.134059)
Body 17: orig = (0.016907, 0.250614, 0.338544), p = (0.016907, 0.250614, 0.338544)
Body 18: orig = (0.721510, -0.116463, 0.388296), p = (0.721510, -0.116463, 0.388296)
Body 19: orig = (0.960701, 0.554332, 0.257437), p = (0.960701, 0.554332, 0.257437)
Body 20: orig = (0.387635, 1.156988, 0.882306), p = (0.387635, 1.156988, 0.882306)
Body 21: orig = (0.609491, 0.780371, -0.161968), p = (0.609491, 0.780371, -0.161968)
Body 22: orig = (0.073984, 0.243145, 0.712977), p = (0.073984, 0.243145, 0.712977)
Body 23: orig = (0.303238, 0.529266, 0.379319), p = (0.303238, 0.529266, 0.379319)
Body 24: orig = (0.398325, 0.531974, 0.814160), p = (0.398325, 0.531974, 0.814160)
Body 25: orig = (0.372113, 0.303190, 1.214907), p = (0.372113, 0.303190, 1.214907)
Body 26: orig = (1.177662, 0.355598, 0.500090), p = (1.177662, 0.355598, 0.500090)
Body 27: orig = (1.201650, 1.088115, 0.382891), p = (1.201650, 1.088115, 0.382891)
Body 28: orig = (0.729944, 0.578472, 0.763097), p = (0.729944, 0.578472, 0.763097)
Body 29: orig = (0.549621, 0.295827, 1.094105), p = (0.549621, 0.295827, 1.094105)
Body 30: orig = (0.629288, -0.088300, 0.851800), p = (0.629288, -0.088300, 0.851800)
Body 31: orig = (0.318958, 0.169721, 0.072106), p = (0.318958, 0.169721, 0.072106)
Body 32: orig = (0.243791, 0.281793, 0.623991), p = (0.243791, 0.281793, 0.623991)
Body 33: orig = (0.373003, -0.060326, 0.331238), p = (0.373003, -0.060326, 0.331238)
Body 34: orig = (0.285382, 0.877550, 0.309755), p = (0.285382, 0.877550, 0.309755)
Body 35: orig = (0.402965, -0.246121, 0.564272), p = (0.402965, -0.246121, 0.564272)
Body 36: orig = (0.501475, -0.265593, -0.072753), p = (0.501475, -0.265593, -0.072753)
Body 37: orig = (-0.192400, 0.438588, 0.254591), p = (-0.192400, 0.438588, 0.254591)
Body 38: orig = (1.400202, 0.518681, 0.670160), p = (1.400202, 0.518681, 0.670160)
Body 39: orig = (0.626635, -0.203010, 0.619493), p = (0.626635, -0.203010, 0.619493)
Body 40: orig = (1.315149, 0.326744, 0.693224), p = (1.315149, 0.326744, 0.693224)
Body 41: orig = (-0.270472, 0.709843, 0.604212), p = (-0.270472, 0.709843, 0.604212)
Body 42: orig = (0.384207, 0.690343, -0.160713), p = (0.384207, 0.690343, -0.160713)
Body 43: orig = (0.306098, 0.425586, 0.001489), p = (0.306098, 0.425586, 0.001489)
Body 44: orig = (0.388795, 0.813039, -0.184338), p = (0.388795, 0.813039, -0.184338)
Body 45: orig = (0.364096, 0.237343, 1.037431), p = (0.364096, 0.237343, 1.037431)
Body 46: orig = (0.469749, 0.515057, 1.366367), p = (0.469749, 0.515057, 1.366367)
Body 47: orig = (0.249889, 0.402776, 1.223477), p = (0.249889, 0.402776, 1.223477)
Body 48: orig = (0.487387, 1.380262, 0.300913), p = (0.487387, 1.380262, 0.300913)
Body 49: orig = (0.425617, 0.246040, 0.851090), p = (0.425617, 0.246040, 0.851090)
Body 50: orig = (0.279640, 0.317367, 0.533344), p = (0.279640, 0.317367, 0.533344)
Body 51: orig = (0.362729, 1.260984, 0.777500), p = (0.362729, 1.260984, 0.777500)
Body 52: orig = (0.461564, 0.401386, -0.152495), p = (0.461564, 0.401386, -0.152495)
Body 53: orig = (-0.122925, 0.408960, 0.779715), p = (-0.122925, 0.408960, 0.779715)
Body 54: orig = (0.478010, 0.083016, 1.114049), p = (0.478010, 0.083016, 1.114049)
Body 55: orig = (1.031487, 0.498294, 0.504345), p = (1.031487, 0.498294, 0.504345)
Body 56: orig = (0.785078, 0.185539, 0.515225), p = (0.785078, 0.185539, 0.515225)
Body 57: orig = (0.571408, 0.374303, 1.275022), p = (0.571408, 0.374303, 1.275022)
Body 58: orig = (1.209602, 0.798649, 0.400229), p = (1.209602, 0.798649, 0.400229)
Body 59: orig = (0.525300, 0.983317, 0.800427), p = (0.525300, 0.983317, 0.800427)
Body 60: orig = (-0.483904, 0.405503, 0.328381), p = (-0.483904, 0.405503, 0.328381)
Body 61: orig = (0.358065, 0.349327, 0.528758), p = (0.358065, 0.349327, 0.528758)
Body 62: orig = (0.905245, 0.338392, 0.892619), p = (0.905245, 0.338392, 0.892619)
Body 63: orig = (0.679381, 0.853322, 0.918508), p = (0.679381, 0.853322, 0.918508)
Body 64: orig = (0.284792, 0.655619, -0.347845), p = (0.284792, 0.655619, -0.347845)
Body 65: orig = (0.464273, -0.137267, 0.215327), p = (0.464273, -0.137267, 0.215327)
Body 66: orig = (0.281361, 0.691567, 0.916237), p = (0.281361, 0.691567, 0.916237)
Body 67: orig = (0.134439, 0.520568, 0.059315), p = (0.134439, 0.520568, 0.059315)
Body 68: orig = (0.501387, 0.769214, -0.017685), p = (0.501387, 0.769214, -0.017685)
Body 69: orig = (0.726789, 0.664755, 0.645372), p = (0.726789, 0.664755, 0.645372)
Body 70: orig = (0.750575, 0.292634, 0.302724), p = (0.750575, 0.292634, 0.302724)
Body 71: orig = (0.564545, 0.603572, 0.713573), p = (0.564545, 0.603572, 0.713573)
Body 72: orig = (-0.006187, 0.736472, -0.072473), p = (-0.006187, 0.736472, -0.072473)
Body 73: orig = (0.133701, 0.808292, 0.273670), p = (0.133701, 0.808292, 0.273670)
Body 74: orig = (0.159333, 0.381141, 0.200419), p = (0.159333, 0.381141, 0.200419)
Body 75: orig = (-0.248999, 0.307933, 0.291198), p = (-0.248999, 0.307933, 0.291198)
Body 76: orig = (0.976555, 0.536332, 0.469311), p = (0.976555, 0.536332, 0.469311)
Body 77: orig = (0.223350, 0.173254, 0.899021), p = (0.223350, 0.173254, 0.899021)
Body 78: orig = (0.812141, -0.277134, 0.613810), p = (0.812141, -0.277134, 0.613810)
Body 79: orig = (0.461565, 0.681005, 1.434774), p = (0.461565, 0.681005, 1.434774)
Body 80: orig = (0.522016, 0.054214, 0.877107), p = (0.522016, 0.054214, 0.877107)
Body 81: orig = (0.761728, -0.016652, 0.268228), p = (0.761728, -0.016652, 0.268228)
Body 82: orig = (0.950618, 0.152647, 0.719432), p = (0.950618, 0.152647, 0.719432)
Body 83: orig = (0.364899, 0.406296, -0.074465), p = (0.364899, 0.406296, -0.074465)
Body 84: orig = (0.623256, 0.209875, 0.192538), p = (0.623256, 0.209875, 0.192538)
Body 85: orig = (0.555313, 0.771149, 0.499184), p = (0.555313, 0.771149, 0.499184)
Body 86: orig = (0.301435, 0.600111, 1.161100), p = (0.301435, 0.600111, 1.161100)
Body 87: orig = (0.632532, 1.238039, 0.147862), p = (0.632532, 1.238039, 0.147862)
Body 88: orig = (0.299557, 0.636296, -0.274105), p = (0.299557, 0.636296, -0.274105)
Body 89: orig = (0.316886, 1.351587, 0.633732), p = (0.316886, 1.351587, 0.633732)
Body 90: orig = (0.626445, -0.083529, 0.434828), p = (0.626445, -0.083529, 0.434828)
Body 91: orig = (0.312338, 0.773329, 1.126642), p = (0.312338, 0.773329, 1.126642)
Body 92: orig = (0.261135, 1.002108, 0.487141), p = (0.261135, 1.002108, 0.487141)
Body 93: orig = (0.394368, 0.824033, -0.171798), p = (0.394368, 0.824033, -0.171798)
Body 94: orig = (0.285227, -0.118241, 0.529267), p = (0.285227, -0.118241, 0.529267)
Body 95: orig = (0.414480, 0.800703, 1.178776), p = (0.414480, 0.800703, 1.178776)
Body 96: orig = (0.781745, 0.377861, 0.053480), p = (0.781745, 0.377861, 0.053480)
Body 97: orig = (0.532300, 1.057256, 0.553551), p = (0.532300, 1.057256, 0.553551)
Body 98: orig = (0.656449, 0.067420, 0.696211), p = (0.656449, 0.067420, 0.696211)
Body 99: orig = (0.604863, 0.604618, 1.031579), p = (0.604863, 0.604618, 1.031579)
Body 100: orig = (0.462315, 0.530193, 0.129639), p = (0.462315, 0.530193, 0.129639)
Body 101: orig = (0.066172, 0.284283, 0.027481), p = (0.066172, 0.284283, 0.027481)
Body 102: orig = (1.053274, 0.408189, 0.487092), p = (1.053274, 0.408189, 0.487092)
Body 103: orig = (0.424767, -0.007041, 0.471446), p = (0.424767, -0.007041, 0.471446)
Body 104: orig = (0.631648, 1.313669, 0.572525), p = (0.631648, 1.313669, 0.572525)
Body 105: orig = (0.530597, -0.268285, 0.190408), p = (0.530597, -0.268285, 0.190408)
Body 106: orig = (0.668660, 0.659029, 0.292007), p = (0.668660, 0.659029, 0.292007)
Body 107: orig = (0.432080, 0.923046, 0.256858), p = (0.432080, 0.923046, 0.256858)
Body 108: orig = (1.198739, 0.820387, 0.359541), p = (1.198739, 0.820387, 0.359541)
Body 109: orig = (0.740853, 0.450988, 0.232933), p = (0.740853, 0.450988, 0.232933)
Body 110: orig = (-0.364649, 0.493826, 0.491729), p = (-0.364649, 0.493826, 0.491729)
Body 111: orig = (0.155100, 0.342537, 0.257341), p = (0.155100, 0.342537, 0.257341)
Body 112: orig = (0.509560, 0.559607, 0.114262), p = (0.509560, 0.559607, 0.114262)
Body 113: orig = (0.357091, -0.399741, 0.484064), p = (0.357091, -0.399741, 0.484064)
Body 114: orig = (0.769860, 0.754233, 0.500620), p = (0.769860, 0.754233, 0.500620)
Body 115: orig = (0.691164, 1.157120, 0.016286), p = (0.691164, 1.157120, 0.016286)
Body 116: orig = (0.895448, 0.322012, 1.238853), p = (0.895448, 0.322012, 1.238853)
Body 117: orig = (0.103679, 0.356742, 0.789682), p = (0.103679, 0.356742, 0.789682)
Body 118: orig = (0.365417, 0.666032, -0.291834), p = (0.365417, 0.666032, -0.291834)
Body 119: orig = (0.577772, 0.045557, 0.933059), p = (0.577772, 0.045557, 0.933059)
Body 120: orig = (0.635280, -0.394327, 0.509266), p = (0.635280, -0.394327, 0.509266)
Body 121: orig = (0.390557, -0.125993, 0.948059), p = (0.390557, -0.125993, 0.948059)
Body 122: orig = (-0.439991, 0.561259, 0.453189), p = (-0.439991, 0.561259, 0.453189)
Body 123: orig = (0.677257, 1.048841, -0.254999), p = (0.677257, 1.048841, -0.254999)
Body 124: orig = (-0.126938, 0.476341, 0.658218), p = (-0.126938, 0.476341, 0.658218)
Body 125: orig = (0.094207, 0.460382, 1.057679), p = (0.094207, 0.460382, 1.057679)
Body 126: orig = (0.769586, 0.602474, -0.324048), p = (0.769586, 0.602474, -0.324048)
Body 127: orig = (0.396741, 1.096624, 0.915547), p = (0.396741, 1.096624, 0.915547)
Body 128: orig = (0.804852, 0.694947, -0.533674), p = (0.804852, 0.694947, -0.533674)
Body 129: orig = (0.318999, 1.074827, 0.492027), p = (0.318999, 1.074827, 0.492027)
Body 130: orig = (0.410132, 0.884797, 0.821381), p = (0.410132, 0.884797, 0.821381)
Body 131: orig = (0.470571, 0.550250, -0.024229), p = (0.470571, 0.550250, -0.024229)
Body 132: orig = (0.581751, 0.767087, 0.488047), p = (0.581751, 0.767087, 0.488047)
Body 133: orig = (0.277279, 1.029863, 1.020070), p = (0.277279, 1.029863, 1.020070)
Body 134: orig = (-0.062621, 0.916773, 0.930816), p = (-0.062621, 0.916773, 0.930816)
Body 135: orig = (2.655241, 2.427708, 1.201883), p = (2.655241, 2.427708, 1.201883)
Body 136: orig = (0.565060, 0.941250, 0.269175), p = (0.565060, 0.941250, 0.269175)
Body 137: orig = (0.414588, 0.207955, 1.054832), p = (0.414588, 0.207955, 1.054832)
Body 138: orig = (0.582728, 0.757107, 0.283115), p = (0.582728, 0.757107, 0.283115)
Body 139: orig = (-0.327820, 0.323235, 0.482361), p = (-0.327820, 0.323235, 0.482361)
Body 140: orig = (-0.385448, 0.441903, 0.691473), p = (-0.385448, 0.441903, 0.691473)
Body 141: orig = (1.047987, 0.028600, 0.013147), p = (1.047987, 0.028600, 0.013147)
Body 142: orig = (0.936322, 0.801193, 0.708874), p = (0.936322, 0.801193, 0.708874)
Body 143: orig = (0.654107, 0.801908, 0.783670), p = (0.654107, 0.801908, 0.783670)
Body 144: orig = (0.097362, 0.242184, 0.004302), p = (0.097362, 0.242184, 0.004302)
Body 145: orig = (0.544333, 0.806522, 0.563320), p = (0.544333, 0.806522, 0.563320)
Body 146: orig = (0.748326, 1.107026, 0.548147), p = (0.748326, 1.107026, 0.548147)
Body 147: orig = (0.478118, 1.033884, 0.865701), p = (0.478118, 1.033884, 0.865701)
Body 148: orig = (0.534625, 1.030593, 0.862388), p = (0.534625, 1.030593, 0.862388)
Body 149: orig = (0.815823, 0.326993, 0.000566), p = (0.815823, 0.326993, 0.000566)
Body 150: orig = (0.450262, -0.441471, 0.426435), p = (0.450262, -0.441471, 0.426435)
Body 151: orig = (0.200248, 0.525236, 0.044295), p = (0.200248, 0.525236, 0.044295)
Body 152: orig = (0.343438, 0.247418, 0.732227), p = (0.343438, 0.247418, 0.732227)
Body 153: orig = (0.271127, 0.479356, 0.689468), p = (0.271127, 0.479356, 0.689468)
Body 154: orig = (0.116631, 0.730905, 0.598262), p = (0.116631, 0.730905, 0.598262)
Body 155: orig = (0.114466, 0.961902, 0.444476), p = (0.114466, 0.961902, 0.444476)
Body 156: orig = (0.460581, 0.233272, 0.097133), p = (0.460581, 0.233272, 0.097133)
Body 157: orig = (-0.320474, 0.619427, 0.435248), p = (-0.320474, 0.619427, 0.435248)
Body 158: orig = (0.127338, 0.447881, 0.015831), p = (0.127338, 0.447881, 0.015831)
Body 159: orig = (1.306923, 0.731475, 0.370788), p = (1.306923, 0.731475, 0.370788)
Body 160: orig = (0.568095, 0.150401, -0.208452), p = (0.568095, 0.150401, -0.208452)
Body 161: orig = (0.785994, 0.062376, 0.365839), p = (0.785994, 0.062376, 0.365839)
Body 162: orig = (-0.053552, 1.014705, 0.697535), p = (-0.053552, 1.014705, 0.697535)
Body 163: orig = (0.310817, 0.342162, 0.692165), p = (0.310817, 0.342162, 0.692165)
Body 164: orig = (0.458246, 0.459546, 0.399623), p = (0.458246, 0.459546, 0.399623)
Body 165: orig = (-0.286913, 0.505071, 0.766254), p = (-0.286913, 0.505071, 0.766254)
Body 166: orig = (1.155224, -0.472896, 0.361928), p = (1.155224, -0.472896, 0.361928)
Body 167: orig = (0.545951, 0.863456, 1.053347), p = (0.545951, 0.863456, 1.053347)
Body 168: orig = (0.830279, 0.682570, 0.044463), p = (0.830279, 0.682570, 0.044463)
Body 169: orig = (1.102003, 0.213680, 0.715094), p = (1.102003, 0.213680, 0.715094)
Body 170: orig = (-0.201361, 0.144504, 0.570896), p = (-0.201361, 0.144504, 0.570896)
Body 171: orig = (0.142250, 0.448843, 0.609520), p = (0.142250, 0.448843, 0.609520)
Body 172: orig = (0.155418, 1.290555, 0.479328), p = (0.155418, 1.290555, 0.479328)
Body 173: orig = (0.302415, 0.563623, 1.334545), p = (0.302415, 0.563623, 1.334545)
Body 174: orig = (0.787793, 0.116012, 0.671493), p = (0.787793, 0.116012, 0.671493)
Body 175: orig = (0.812158, 0.778081, 0.407737), p = (0.812158, 0.778081, 0.407737)
Body 176: orig = (-0.331841, 0.569198, 0.691849), p = (-0.331841, 0.569198, 0.691849)
Body 177: orig = (0.844639, 1.055263, 0.338364), p = (0.844639, 1.055263, 0.338364)
Body 178: orig = (0.648535, 0.620202, -0.056561), p = (0.648535, 0.620202, -0.056561)
Body 179: orig = (0.324829, 0.943048, 1.006501), p = (0.324829, 0.943048, 1.006501)
Body 180: orig = (1.031518, 0.765801, 0.558482), p = (1.031518, 0.765801, 0.558482)
Body 181: orig = (0.847842, 0.110363, 0.926026), p = (0.847842, 0.110363, 0.926026)
Body 182: orig = (0.392914, -0.333415, 0.568637), p = (0.392914, -0.333415, 0.568637)
Body 183: orig = (0.942935, 0.775702, 0.289265), p = (0.942935, 0.775702, 0.289265)
Body 184: orig = (0.085900, 0.450148, 0.113256), p = (0.085900, 0.450148, 0.113256)
Body 185: orig = (0.493791, 0.195901, 0.082625), p = (0.493791, 0.195901, 0.082625)
Body 186: orig = (0.371582, -0.025400, 0.990856), p = (0.371582, -0.025400, 0.990856)
Body 187: orig = (1.139996, 0.335708, 0.146362), p = (1.139996, 0.335708, 0.146362)
Body 188: orig = (0.682115, 0.618587, 0.228450), p = (0.682115, 0.618587, 0.228450)
Body 189: orig = (0.983199, 0.661750, 0.422008), p = (0.983199, 0.661750, 0.422008)
Body 190: orig = (0.410125, -0.148837, 0.025825), p = (0.410125, -0.148837, 0.025825)
Body 191: orig = (1.236270, 0.384797, 0.322948), p = (1.236270, 0.384797, 0.322948)
Body 192: orig = (0.690552, -0.682830, 0.202341), p = (0.690552, -0.682830, 0.202341)
Body 193: orig = (-0.035021, 0.517338, 0.204586), p = (-0.035021, 0.517338, 0.204586)
Body 194: orig = (0.590167, 0.317920, 0.756776), p = (0.590167, 0.317920, 0.756776)
Body 195: orig = (-0.246698, 0.466364, 0.077064), p = (-0.246698, 0.466364, 0.077064)
Body 196: orig = (0.146075, 0.497786, 0.899176), p = (0.146075, 0.497786, 0.899176)
Body 197: orig = (-0.020567, 0.834179, 0.504329), p = (-0.020567, 0.834179, 0.504329)
Body 198: orig = (0.547161, 0.550615, 0.355436), p = (0.547161, 0.550615, 0.355436)
Body 199: orig = (0.421327, 0.930565, 0.382280), p = (0.421327, 0.930565, 0.382280)
Body 200: orig = (0.698275, 0.774685, -0.351712), p = (0.698275, 0.774685, -0.351712)
Body 201: orig = (0.368985, 0.375071, 0.072782), p = (0.368985, 0.375071, 0.072782)
Body 202: orig = (0.478425, 1.465057, 0.584286), p = (0.478425, 1.465057, 0.584286)
Body 203: orig = (0.569889, 0.616564, 0.988519), p = (0.569889, 0.616564, 0.988519)
Body 204: orig = (0.617123, 0.794576, 0.034717), p = (0.617123, 0.794576, 0.034717)
Body 205: orig = (-0.034417, 0.659678, 0.061169), p = (-0.034417, 0.659678, 0.061169)
Body 206: orig = (-0.157603, 0.769666, 0.683680), p = (-0.157603, 0.769666, 0.683680)
Body 207: orig = (0.522790, 0.988073, 0.811245), p = (0.522790, 0.988073, 0.811245)
Body 208: orig = (0.378226, 0.112631, 0.400808), p = (0.378226, 0.112631, 0.400808)
Body 209: orig = (-0.267329, 0.490702, 0.504903), p = (-0.267329, 0.490702, 0.504903)
Body 210: orig = (0.701029, -0.275053, -0.154119), p = (0.701029, -0.275053, -0.154119)
Body 211: orig = (0.037978, 0.325208, 0.848866), p = (0.037978, 0.325208, 0.848866)
Body 212: orig = (0.327860, 0.919445, 0.692276), p = (0.327860, 0.919445, 0.692276)
Body 213: orig = (0.492365, 0.659072, 0.740317), p = (0.492365, 0.659072, 0.740317)
Body 214: orig = (-0.012618, 0.472046, 0.897624), p = (-0.012618, 0.472046, 0.897624)
Body 215: orig = (0.948959, 0.634531, 0.188979), p = (0.948959, 0.634531, 0.188979)
Body 216: orig = (0.836848, 0.601586, 0.852180), p = (0.836848, 0.601586, 0.852180)
Body 217: orig = (0.680152, -0.160585, 0.637197), p = (0.680152, -0.160585, 0.637197)
Body 218: orig = (0.505804, 0.261744, 1.179847), p = (0.505804, 0.261744, 1.179847)
Body 219: orig = (0.038170, 1.442014, 0.225701), p = (0.038170, 1.442014, 0.225701)
Body 220: orig = (0.542741, 0.187851, 0.650856), p = (0.542741, 0.187851, 0.650856)
Body 221: orig = (0.373298, 1.223101, 0.538899), p = (0.373298, 1.223101, 0.538899)
Body 222: orig = (0.992328, 0.188896, -0.136701), p = (0.992328, 0.188896, -0.136701)
Body 223: orig = (0.214048, 0.923257, -0.344910), p = (0.214048, 0.923257, -0.344910)
Body 224: orig = (1.308404, 0.403139, 0.407432), p = (1.308404, 0.403139, 0.407432)
Body 225: orig = (0.205641, -0.198102, 0.453692), p = (0.205641, -0.198102, 0.453692)
Body 226: orig = (0.333885, -0.193038, 0.461896), p = (0.333885, -0.193038, 0.461896)
Body 227: orig = (0.844723, 0.751614, 0.763908), p = (0.844723, 0.751614, 0.763908)
Body 228: orig = (0.437642, -0.033723, 0.207062), p = (0.437642, -0.033723, 0.207062)
Body 229: orig = (-0.283799, 0.435114, 0.239609), p = (-0.283799, 0.435114, 0.239609)
Body 230: orig = (0.119124, 0.159133, 0.600997), p = (0.119124, 0.159133, 0.600997)
Body 231: orig = (0.447302, 0.273330, -0.405322), p = (0.447302, 0.273330, -0.405322)
Body 232: orig = (-3.193920, -9.865070, -9.475121), p = (-3.193920, -9.865070, -9.475121)
Body 233: orig = (0.490945, -0.070177, 0.433497), p = (0.490945, -0.070177, 0.433497)
Body 234: orig = (0.861350, -0.099349, 0.594198), p = (0.861350, -0.099349, 0.594198)
Body 235: orig = (0.593852, 0.101762, 0.787732), p = (0.593852, 0.101762, 0.787732)
Body 236: orig = (0.491506, 0.448309, 1.289383), p = (0.491506, 0.448309, 1.289383)
Body 237: orig = (-0.367582, 0.595834, 0.532819), p = (-0.367582, 0.595834, 0.532819)
Body 238: orig = (1.155784, 0.822799, 0.391142), p = (1.155784, 0.822799, 0.391142)
Body 239: orig = (0.544330, 0.132878, 1.179829), p = (0.544330, 0.132878, 1.179829)
Body 240: orig = (1.147792, 0.524582, 0.900181), p = (1.147792, 0.524582, 0.900181)
Body 241: orig = (0.915597, 0.373118, 0.765336), p = (0.915597, 0.373118, 0.765336)
Body 242: orig = (0.031862, 0.585280, 0.381221), p = (0.031862, 0.585280, 0.381221)
Body 243: orig = (0.162826, 0.474958, -0.085306), p = (0.162826, 0.474958, -0.085306)
Body 244: orig = (1.030704, 0.522021, 0.892829), p = (1.030704, 0.522021, 0.892829)
Body 245: orig = (0.653012, 0.573040, 0.611881), p = (0.653012, 0.573040, 0.611881)
Body 246: orig = (1.815904, -0.385457, 0.570936), p = (1.815904, -0.385457, 0.570936)
Body 247: orig = (1.235521, 0.676356, 0.431776), p = (1.235521, 0.676356, 0.431776)
Body 248: orig = (0.637336, -0.076948, 0.990816), p = (0.637336, -0.076948, 0.990816)
Body 249: orig = (0.351319, 0.566765, 1.619666), p = (0.351319, 0.566765, 1.619666)
Body 250: orig = (0.410781, -0.291885, 0.305529), p = (0.410781, -0.291885, 0.305529)
Body 251: orig = (0.899690, 0.778354, 0.379922), p = (0.899690, 0.778354, 0.379922)
Body 252: orig = (0.936244, -0.123237, 0.211715), p = (0.936244, -0.123237, 0.211715)
Body 253: orig = (0.235240, -0.235158, 0.673917), p = (0.235240, -0.235158, 0.673917)
Body 254: orig = (-0.111782, -0.154806, 0.390822), p = (-0.111782, -0.154806, 0.390822)
Body 255: orig = (0.363496, 1.016627, 0.655238), p = (0.363496, 1.016627, 0.655238)
Body 256: orig = (0.137237, 0.308628, 0.219825), p = (0.137237, 0.308628, 0.219825)
Body 257: orig = (0.589680, 0.358871, 0.650568), p = (0.589680, 0.358871, 0.650568)
Body 258: orig = (0.373613, 0.396363, 1.017537), p = (0.373613, 0.396363, 1.017537)
Body 259: orig = (0.582238, 0.114081, 0.838612), p = (0.582238, 0.114081, 0.838612)
Body 260: orig = (0.384746, 0.374413, 0.282006), p = (0.384746, 0.374413, 0.282006)
Body 261: orig = (0.918855, 0.179926, 0.520414), p = (0.918855, 0.179926, 0.520414)
Body 262: orig = (0.157552, 0.566803, -0.238515), p = (0.157552, 0.566803, -0.238515)
Body 263: orig = (0.067407, 0.293128, 0.800642), p = (0.067407, 0.293128, 0.800642)
Body 264: orig = (0.291469, 0.442746, 1.582973), p = (0.291469, 0.442746, 1.582973)
Body 265: orig = (-0.341498, 0.218254, 0.561095), p = (-0.341498, 0.218254, 0.561095)
Body 266: orig = (0.058360, 0.252164, 0.305997), p = (0.058360, 0.252164, 0.305997)
Body 267: orig = (0.323115, 0.550447, -0.182727), p = (0.323115, 0.550447, -0.182727)
Body 268: orig = (0.129361, 0.144735, 0.507161), p = (0.129361, 0.144735, 0.507161)
Body 269: orig = (1.018876, 0.443309, 0.975441), p = (1.018876, 0.443309, 0.975441)
Body 270: orig = (0.302602, 0.321250, 0.634060), p = (0.302602, 0.321250, 0.634060)
Body 271: orig = (0.382631, 1.166497, 0.880012), p = (0.382631, 1.166497, 0.880012)
Body 272: orig = (0.653677, 0.461626, 0.435656), p = (0.653677, 0.461626, 0.435656)
Body 273: orig = (0.659478, 0.559824, 0.512088), p = (0.659478, 0.559824, 0.512088)
Body 274: orig = (0.196256, 0.874933, 0.614320), p = (0.196256, 0.874933, 0.614320)
Body 275: orig = (1.017656, 0.173950, 0.713514), p = (1.017656, 0.173950, 0.713514)
Body 276: orig = (0.197186, 0.437908, 0.024002), p = (0.197186, 0.437908, 0.024002)
Body 277: orig = (0.656416, -0.133761, 0.396499), p = (0.656416, -0.133761, 0.396499)
Body 278: orig = (0.406751, 0.477266, -0.216542), p = (0.406751, 0.477266, -0.216542)
Body 279: orig = (0.577655, 0.482194, 0.753135), p = (0.577655, 0.482194, 0.753135)
Body 280: orig = (0.691024, 0.722187, 0.263692), p = (0.691024, 0.722187, 0.263692)
Body 281: orig = (0.046973, 0.947086, 1.180913), p = (0.046973, 0.947086, 1.180913)
Body 282: orig = (0.275518, 0.411233, 0.048535), p = (0.275518, 0.411233, 0.048535)
Body 283: orig = (0.544818, 0.773413, -0.064396), p = (0.544818, 0.773413, -0.064396)
Body 284: orig = (0.497184, 0.789039, 0.046471), p = (0.497184, 0.789039, 0.046471)
Body 285: orig = (1.187891, 0.233051, 0.548762), p = (1.187891, 0.233051, 0.548762)
Body 286: orig = (0.797963, 0.486469, 0.285777), p = (0.797963, 0.486469, 0.285777)
Body 287: orig = (0.566485, 0.809348, 0.176542), p = (0.566485, 0.809348, 0.176542)
Body 288: orig = (0.984029, 0.513963, 0.886327), p = (0.984029, 0.513963, 0.886327)
Body 289: orig = (0.650156, 0.161019, 0.185058), p = (0.650156, 0.161019, 0.185058)
Body 290: orig = (1.403040, 0.225050, 0.617022), p = (1.403040, 0.225050, 0.617022)
Body 291: orig = (0.618622, 0.330617, -0.560775), p = (0.618622, 0.330617, -0.560775)
Body 292: orig = (-0.367969, 0.643309, 0.498586), p = (-0.367969, 0.643309, 0.498586)
Body 293: orig = (0.570331, 0.760353, -0.138747), p = (0.570331, 0.760353, -0.138747)
Body 294: orig = (0.095128, 0.787089, 0.173475), p = (0.095128, 0.787089, 0.173475)
Body 295: orig = (0.585511, 0.110508, 0.853231), p = (0.585511, 0.110508, 0.853231)
Body 296: orig = (-0.117562, 0.838634, 0.397897), p = (-0.117562, 0.838634, 0.397897)
Body 297: orig = (0.151738, 0.599746, 0.190973), p = (0.151738, 0.599746, 0.190973)
Body 298: orig = (0.351912, 1.380132, 0.493702), p = (0.351912, 1.380132, 0.493702)
Body 299: orig = (0.229539, -0.138636, 0.311515), p = (0.229539, -0.138636, 0.311515)
Body 300: orig = (1.139167, 0.701736, 0.621463), p = (1.139167, 0.701736, 0.621463)
Body 301: orig = (0.790281, 0.273135, 0.984338), p = (0.790281, 0.273135, 0.984338)
Body 302: orig = (0.524536, 0.131623, 1.056510), p = (0.524536, 0.131623, 1.056510)
Body 303: orig = (1.148643, 0.505883, 0.392962), p = (1.148643, 0.505883, 0.392962)
Body 304: orig = (0.934425, 0.855352, 0.408187), p = (0.934425, 0.855352, 0.408187)
Body 305: orig = (-0.167634, 0.715109, 0.875362), p = (-0.167634, 0.715109, 0.875362)
Body 306: orig = (0.412514, 0.768112, 0.620475), p = (0.412514, 0.768112, 0.620475)
Body 307: orig = (0.236769, 0.346478, 0.200155), p = (0.236769, 0.346478, 0.200155)
Body 308: orig = (0.967205, 0.436228, 0.480675), p = (0.967205, 0.436228, 0.480675)
Body 309: orig = (0.442224, 0.285165, 0.861650), p = (0.442224, 0.285165, 0.861650)
Body 310: orig = (0.311594, 0.530912, 0.566126), p = (0.311594, 0.530912, 0.566126)
Body 311: orig = (-0.404597, 0.528334, 0.535622), p = (-0.404597, 0.528334, 0.535622)
Body 312: orig = (0.250063, -0.113062, 0.166858), p = (0.250063, -0.113062, 0.166858)
Body 313: orig = (0.406796, 0.239145, 0.838517), p = (0.406796, 0.239145, 0.838517)
Body 314: orig = (0.414237, 1.465334, 0.605942), p = (0.414237, 1.465334, 0.605942)
Body 315: orig = (1.176061, 0.232623, 0.533118), p = (1.176061, 0.232623, 0.533118)
Body 316: orig = (0.499984, 1.038921, 0.220696), p = (0.499984, 1.038921, 0.220696)
Body 317: orig = (1.293810, 0.221795, 0.749530), p = (1.293810, 0.221795, 0.749530)
Body 318: orig = (0.463032, -0.044875, 0.787257), p = (0.463032, -0.044875, 0.787257)
Body 319: orig = (1.274262, 0.374686, 0.497552), p = (1.274262, 0.374686, 0.497552)
Body 320: orig = (1.187858, -1.427128, 0.283967), p = (1.187858, -1.427128, 0.283967)
Body 321: orig = (1.008870, 0.437836, 0.587080), p = (1.008870, 0.437836, 0.587080)
Body 322: orig = (0.674410, 0.757920, 1.309510), p = (0.674410, 0.757920, 1.309510)
Body 323: orig = (-0.035383, 0.262416, 0.522779), p = (-0.035383, 0.262416, 0.522779)
Body 324: orig = (4.513039, -1.913395, 6.086867), p = (4.513039, -1.913395, 6.086867)
Body 325: orig = (-0.419612, 0.326724, 0.481905), p = (-0.419612, 0.326724, 0.481905)
Body 326: orig = (0.213847, 0.670297, 0.902241), p = (0.213847, 0.670297, 0.902241)
Body 327: orig = (1.122647, 0.867668, 0.550762), p = (1.122647, 0.867668, 0.550762)
Body 328: orig = (0.538419, 0.740916, 1.100762), p = (0.538419, 0.740916, 1.100762)
Body 329: orig = (-0.027490, 0.560905, 0.744461), p = (-0.027490, 0.560905, 0.744461)
Body 330: orig = (0.275837, 0.753953, 0.959702), p = (0.275837, 0.753953, 0.959702)
Body 331: orig = (0.983760, 0.089109, 0.517485), p = (0.983760, 0.089109, 0.517485)
Body 332: orig = (0.466683, 0.584061, 1.373924), p = (0.466683, 0.584061, 1.373924)
Body 333: orig = (0.611576, -0.047062, 1.063810), p = (0.611576, -0.047062, 1.063810)
Body 334: orig = (0.006652, 0.914817, 0.571331), p = (0.006652, 0.914817, 0.571331)
Body 335: orig = (0.136452, 2.531516, 0.176529), p = (0.136452, 2.531516, 0.176529)
Body 336: orig = (0.909716, 0.554771, 0.552774), p = (0.909716, 0.554771, 0.552774)
Body 337: orig = (0.679711, 0.646606, 1.217923), p = (0.679711, 0.646606, 1.217923)
Body 338: orig = (0.360900, 0.539646, 0.484342), p = (0.360900, 0.539646, 0.484342)
Body 339: orig = (-0.444417, 0.681935, 1.929139), p = (-0.444417, 0.681935, 1.929139)
Body 340: orig = (0.229476, 0.620100, 1.269110), p = (0.229476, 0.620100, 1.269110)
Body 341: orig = (0.875363, 0.400562, 1.006188), p = (0.875363, 0.400562, 1.006188)
Body 342: orig = (1.068675, 0.449995, -0.201410), p = (1.068675, 0.449995, -0.201410)
Body 343: orig = (1.529202, 0.454028, 0.469430), p = (1.529202, 0.454028, 0.469430)
Body 344: orig = (0.521701, 0.518610, 0.520179), p = (0.521701, 0.518610, 0.520179)
Body 345: orig = (0.003890, 0.685853, 0.217637), p = (0.003890, 0.685853, 0.217637)
Body 346: orig = (0.293294, -0.098007, 0.837066), p = (0.293294, -0.098007, 0.837066)
Body 347: orig = (0.554019, 0.478846, 0.547742), p = (0.554019, 0.478846, 0.547742)
Body 348: orig = (0.616055, -0.288842, 0.706947), p = (0.616055, -0.288842, 0.706947)
Body 349: orig = (0.408296, 0.564675, 1.401561), p = (0.408296, 0.564675, 1.401561)
Body 350: orig = (0.666449, -0.363507, 0.520769), p = (0.666449, -0.363507, 0.520769)
Body 351: orig = (0.819983, -0.001004, 0.442495), p = (0.819983, -0.001004, 0.442495)
Body 352: orig = (0.961205, -0.078797, 0.535567), p = (0.961205, -0.078797, 0.535567)
Body 353: orig = (0.405213, 0.636659, 0.019134), p = (0.405213, 0.636659, 0.019134)
Body 354: orig = (-0.167405, 0.856235, 0.754416), p = (-0.167405, 0.856235, 0.754416)
Body 355: orig = (0.696672, 0.759388, -0.396460), p = (0.696672, 0.759388, -0.396460)
Body 356: orig = (0.532910, 1.095499, 1.161935), p = (0.532910, 1.095499, 1.161935)
Body 357: orig = (0.244078, 0.327785, 0.968132), p = (0.244078, 0.327785, 0.968132)
Body 358: orig = (-0.001943, 0.694585, 0.413284), p = (-0.001943, 0.694585, 0.413284)
Body 359: orig = (0.590060, 0.374909, 0.054460), p = (0.590060, 0.374909, 0.054460)
Body 360: orig = (0.777133, 0.022635, 0.383502), p = (0.777133, 0.022635, 0.383502)
Body 361: orig = (1.184274, 0.427828, 0.442461), p = (1.184274, 0.427828, 0.442461)
Body 362: orig = (0.877220, 0.995127, 0.400720), p = (0.877220, 0.995127, 0.400720)
Body 363: orig = (0.713226, 1.081250, 0.396925), p = (0.713226, 1.081250, 0.396925)
Body 364: orig = (0.406401, 0.919872, 0.663753), p = (0.406401, 0.919872, 0.663753)
Body 365: orig = (0.534691, 1.022254, 1.106778), p = (0.534691, 1.022254, 1.106778)
Body 366: orig = (0.928661, 0.598564, 0.894909), p = (0.928661, 0.598564, 0.894909)
Body 367: orig = (1.222425, 0.616157, 0.235720), p = (1.222425, 0.616157, 0.235720)
Body 368: orig = (0.267460, 0.443515, -0.137642), p = (0.267460, 0.443515, -0.137642)
Body 369: orig = (0.097518, 0.597985, 0.373541), p = (0.097518, 0.597985, 0.373541)
Body 370: orig = (1.015916, 0.047028, 0.531304), p = (1.015916, 0.047028, 0.531304)
Body 371: orig = (0.543836, 1.536152, 0.085722), p = (0.543836, 1.536152, 0.085722)
Body 372: orig = (0.394450, 0.811718, 1.159925), p = (0.394450, 0.811718, 1.159925)
Body 373: orig = (0.186835, 0.320310, 0.256016), p = (0.186835, 0.320310, 0.256016)
Body 374: orig = (0.690478, 0.008314, -0.016027), p = (0.690478, 0.008314, -0.016027)
Body 375: orig = (0.373047, -0.014331, 0.463471), p = (0.373047, -0.014331, 0.463471)
Body 376: orig = (0.687753, 1.225321, 0.496520), p = (0.687753, 1.225321, 0.496520)
Body 377: orig = (-0.442354, 0.486882, 0.519698), p = (-0.442354, 0.486882, 0.519698)
Body 378: orig = (0.589210, 1.233668, 0.261166), p = (0.589210, 1.233668, 0.261166)
Body 379: orig = (0.736963, -0.033917, 0.720488), p = (0.736963, -0.033917, 0.720488)
Body 380: orig = (0.317474, 0.465778, 0.042717), p = (0.317474, 0.465778, 0.042717)
Body 381: orig = (0.525328, 0.658721, 1.016804), p = (0.525328, 0.658721, 1.016804)
Body 382: orig = (0.554280, 0.666079, 0.013836), p = (0.554280, 0.666079, 0.013836)
Body 383: orig = (0.830169, 0.318976, 0.659883), p = (0.830169, 0.318976, 0.659883)
Body 384: orig = (0.734701, 0.958700, 0.281377), p = (0.734701, 0.958700, 0.281377)
Body 385: orig = (0.522670, 0.060161, -0.071091), p = (0.522670, 0.060161, -0.071091)
Body 386: orig = (0.040275, 0.648707, 0.794871), p = (0.040275, 0.648707, 0.794871)
Body 387: orig = (0.110023, -0.225435, 0.581131), p = (0.110023, -0.225435, 0.581131)
Body 388: orig = (0.193882, 1.130738, 0.741331), p = (0.193882, 1.130738, 0.741331)
Body 389: orig = (0.652295, 1.320227, 0.607751), p = (0.652295, 1.320227, 0.607751)
Body 390: orig = (0.862436, 0.981516, 0.067640), p = (0.862436, 0.981516, 0.067640)
Body 391: orig = (0.218592, -0.159354, 0.684710), p = (0.218592, -0.159354, 0.684710)
Body 392: orig = (0.515284, 0.506609, 1.017617), p = (0.515284, 0.506609, 1.017617)
Body 393: orig = (0.535814, 1.085748, 1.081014), p = (0.535814, 1.085748, 1.081014)
Body 394: orig = (0.618158, 0.002983, 0.818849), p = (0.618158, 0.002983, 0.818849)
Body 395: orig = (0.482654, 0.807699, 0.998225), p = (0.482654, 0.807699, 0.998225)
Body 396: orig = (0.069715, 0.408397, 0.102083), p = (0.069715, 0.408397, 0.102083)
Body 397: orig = (0.451065, 0.285261, 0.073886), p = (0.451065, 0.285261, 0.073886)
Body 398: orig = (0.377896, 1.237507, 0.665226), p = (0.377896, 1.237507, 0.665226)
Body 399: orig = (0.726602, 0.275850, 0.826313), p = (0.726602, 0.275850, 0.826313)
Body 400: orig = (0.044310, 0.057122, 0.449060), p = (0.044310, 0.057122, 0.449060)
Body 401: orig = (1.106340, 0.572403, 0.927336), p = (1.106340, 0.572403, 0.927336)
Body 402: orig = (0.342882, -0.308385, 0.454111), p = (0.342882, -0.308385, 0.454111)
Body 403: orig = (0.584543, 0.949646, 0.658581), p = (0.584543, 0.949646, 0.658581)
Body 404: orig = (0.678864, 0.853869, 1.091866), p = (0.678864, 0.853869, 1.091866)
Body 405: orig = (-0.070091, 0.265363, 0.561981), p = (-0.070091, 0.265363, 0.561981)
Body 406: orig = (0.401815, 1.428950, 0.797002), p = (0.401815, 1.428950, 0.797002)
Body 407: orig = (0.429294, 0.474325, -0.272490), p = (0.429294, 0.474325, -0.272490)
Body 408: orig = (1.197394, 0.335708, 0.476196), p = (1.197394, 0.335708, 0.476196)
Body 409: orig = (0.231011, 0.346538, 0.773009), p = (0.231011, 0.346538, 0.773009)
Body 410: orig = (0.709075, 0.811799, 0.856841), p = (0.709075, 0.811799, 0.856841)
Body 411: orig = (0.615383, 0.356642, -0.092286), p = (0.615383, 0.356642, -0.092286)
Body 412: orig = (0.600367, 0.781411, 0.810667), p = (0.600367, 0.781411, 0.810667)
Body 413: orig = (0.742456, 0.452360, 0.813958), p = (0.742456, 0.452360, 0.813958)
Body 414: orig = (0.054166, 0.929733, 0.776698), p = (0.054166, 0.929733, 0.776698)
Body 415: orig = (1.235601, 0.818670, 0.800052), p = (1.235601, 0.818670, 0.800052)
Body 416: orig = (0.240114, 0.839935, 0.662306), p = (0.240114, 0.839935, 0.662306)
Body 417: orig = (1.141615, 0.472910, 0.316756), p = (1.141615, 0.472910, 0.316756)
Body 418: orig = (0.000007, 0.419797, 0.042867), p = (0.000007, 0.419797, 0.042867)
Body 419: orig = (0.417351, 0.693229, -0.022385), p = (0.417351, 0.693229, -0.022385)
Body 420: orig = (0.688525, 0.812213, 0.780995), p = (0.688525, 0.812213, 0.780995)
Body 421: orig = (0.061678, 0.058909, 0.597235), p = (0.061678, 0.058909, 0.597235)
Body 422: orig = (0.494017, 0.367953, 1.143656), p = (0.494017, 0.367953, 1.143656)
Body 423: orig = (-0.111298, 0.006447, 0.644211), p = (-0.111298, 0.006447, 0.644211)
Body 424: orig = (0.826409, 1.104574, 0.312582), p = (0.826409, 1.104574, 0.312582)
Body 425: orig = (0.611558, 0.504413, 0.050725), p = (0.611558, 0.504413, 0.050725)
Body 426: orig = (0.389303, 0.596203, -0.094777), p = (0.389303, 0.596203, -0.094777)
Body 427: orig = (0.414153, 0.846369, 0.799760), p = (0.414153, 0.846369, 0.799760)
Body 428: orig = (0.270203, 0.306038, 0.260977), p = (0.270203, 0.306038, 0.260977)
Body 429: orig = (0.312300, 0.184531, 0.691300), p = (0.312300, 0.184531, 0.691300)
Body 430: orig = (0.146262, 0.958008, 0.186473), p = (0.146262, 0.958008, 0.186473)
Body 431: orig = (0.847154, 0.359608, -0.295205), p = (0.847154, 0.359608, -0.295205)
Body 432: orig = (0.742863, 0.586661, 0.864528), p = (0.742863, 0.586661, 0.864528)
Body 433: orig = (-0.245585, 0.022506, 0.588358), p = (-0.245585, 0.022506, 0.588358)
Body 434: orig = (0.460653, 0.301206, -0.281899), p = (0.460653, 0.301206, -0.281899)
Body 435: orig = (0.367037, 0.492831, -0.474153), p = (0.367037, 0.492831, -0.474153)
Body 436: orig = (0.593042, 0.458683, -0.448261), p = (0.593042, 0.458683, -0.448261)
Body 437: orig = (0.451015, 0.245665, 0.237727), p = (0.451015, 0.245665, 0.237727)
Body 438: orig = (0.053542, 0.492210, -0.046133), p = (0.053542, 0.492210, -0.046133)
Body 439: orig = (1.288635, 0.729224, 0.434279), p = (1.288635, 0.729224, 0.434279)
Body 440: orig = (1.047098, 0.132402, 0.799661), p = (1.047098, 0.132402, 0.799661)
Body 441: orig = (0.651298, 0.042854, 0.405940), p = (0.651298, 0.042854, 0.405940)
Body 442: orig = (-0.199386, 0.416754, 0.535700), p = (-0.199386, 0.416754, 0.535700)
Body 443: orig = (0.207587, 0.941152, 0.685678), p = (0.207587, 0.941152, 0.685678)
Body 444: orig = (1.072949, 0.462507, 0.904705), p = (1.072949, 0.462507, 0.904705)
Body 445: orig = (0.860374, 0.492993, 1.145170), p = (0.860374, 0.492993, 1.145170)
Body 446: orig = (0.871305, 0.323298, 0.443248), p = (0.871305, 0.323298, 0.443248)
Body 447: orig = (0.377810, 0.658487, 0.393237), p = (0.377810, 0.658487, 0.393237)
Body 448: orig = (0.934049, 0.699637, 0.252404), p = (0.934049, 0.699637, 0.252404)
Body 449: orig = (-0.049176, 0.395020, 0.199462), p = (-0.049176, 0.395020, 0.199462)
Body 450: orig = (-0.394831, 0.492577, 0.450000), p = (-0.394831, 0.492577, 0.450000)
Body 451: orig = (0.220991, 0.962023, 0.499704), p = (0.220991, 0.962023, 0.499704)
Body 452: orig = (0.622202, 0.407911, 1.500759), p = (0.622202, 0.407911, 1.500759)
Body 453: orig = (0.428989, 0.824019, 0.202785), p = (0.428989, 0.824019, 0.202785)
Body 454: orig = (0.968200, 0.791307, 0.612482), p = (0.968200, 0.791307, 0.612482)
Body 455: orig = (0.710488, 0.191742, 0.308041), p = (0.710488, 0.191742, 0.308041)
Body 456: orig = (0.563509, -0.063436, 0.401029), p = (0.563509, -0.063436, 0.401029)
Body 457: orig = (-0.146311, 0.234732, 0.358355), p = (-0.146311, 0.234732, 0.358355)
Body 458: orig = (1.125514, 0.292775, 0.391942), p = (1.125514, 0.292775, 0.391942)
Body 459: orig = (-0.120346, 0.482915, 0.109881), p = (-0.120346, 0.482915, 0.109881)
Body 460: orig = (0.430679, 0.488036, 0.266240), p = (0.430679, 0.488036, 0.266240)
Body 461: orig = (-0.242913, 0.688467, 0.791712), p = (-0.242913, 0.688467, 0.791712)
Body 462: orig = (0.517132, 0.509573, 0.953638), p = (0.517132, 0.509573, 0.953638)
Body 463: orig = (0.792208, 0.581774, 1.328267), p = (0.792208, 0.581774, 1.328267)
Body 464: orig = (1.472815, 0.465983, 0.470096), p = (1.472815, 0.465983, 0.470096)
Body 465: orig = (0.650258, 0.419591, -0.698412), p = (0.650258, 0.419591, -0.698412)
Body 466: orig = (-0.300411, 0.574846, 0.611838), p = (-0.300411, 0.574846, 0.611838)
Body 467: orig = (-0.454534, 0.580677, 0.461719), p = (-0.454534, 0.580677, 0.461719)
Body 468: orig = (1.034603, 0.411642, 0.496388), p = (1.034603, 0.411642, 0.496388)
Body 469: orig = (1.492361, 1.044849, 1.164838), p = (1.492361, 1.044849, 1.164838)
Body 470: orig = (0.373047, 0.248044, 0.184438), p = (0.373047, 0.248044, 0.184438)
Body 471: orig = (0.370313, 0.223036, -0.083415), p = (0.370313, 0.223036, -0.083415)
Body 472: orig = (0.577597, 1.221658, 0.262547), p = (0.577597, 1.221658, 0.262547)
Body 473: orig = (0.520859, 0.454428, 0.305326), p = (0.520859, 0.454428, 0.305326)
Body 474: orig = (0.381170, -0.284687, 0.480557), p = (0.381170, -0.284687, 0.480557)
Body 475: orig = (-0.039530, 0.907162, 1.041111), p = (-0.039530, 0.907162, 1.041111)
Body 476: orig = (0.217789, 0.588061, -0.201215), p = (0.217789, 0.588061, -0.201215)
Body 477: orig = (0.315202, 0.807270, 0.745612), p = (0.315202, 0.807270, 0.745612)
Body 478: orig = (0.663035, 0.324968, -0.464883), p = (0.663035, 0.324968, -0.464883)
Body 479: orig = (0.156579, 0.462816, 0.635291), p = (0.156579, 0.462816, 0.635291)
Body 480: orig = (1.043414, -0.288702, 0.567153), p = (1.043414, -0.288702, 0.567153)
Body 481: orig = (0.612886, -0.154746, 0.431688), p = (0.612886, -0.154746, 0.431688)
Body 482: orig = (-0.290936, 0.712768, 0.358384), p = (-0.290936, 0.712768, 0.358384)
Body 483: orig = (0.763643, 1.434957, 0.543455), p = (0.763643, 1.434957, 0.543455)
Body 484: orig = (0.650987, -0.374184, 0.405059), p = (0.650987, -0.374184, 0.405059)
Body 485: orig = (0.606242, 0.806190, 0.660343), p = (0.606242, 0.806190, 0.660343)
Body 486: orig = (0.420989, 0.111672, 1.130500), p = (0.420989, 0.111672, 1.130500)
Body 487: orig = (0.582025, 0.681828, 0.447551), p = (0.582025, 0.681828, 0.447551)
Body 488: orig = (-0.210699, 0.303918, 0.128455), p = (-0.210699, 0.303918, 0.128455)
Body 489: orig = (0.731834, -0.127440, 0.602992), p = (0.731834, -0.127440, 0.602992)
Body 490: orig = (0.239526, 0.178357, 0.319890), p = (0.239526, 0.178357, 0.319890)
Body 491: orig = (0.580194, 0.089743, -0.003172), p = (0.580194, 0.089743, -0.003172)
Body 492: orig = (0.531127, 0.608111, 0.320016), p = (0.531127, 0.608111, 0.320016)
Body 493: orig = (-0.081394, 0.532570, 0.716696), p = (-0.081394, 0.532570, 0.716696)
Body 494: orig = (0.653841, 0.065908, 0.779487), p = (0.653841, 0.065908, 0.779487)
Body 495: orig = (0.650092, 0.568708, 0.493659), p = (0.650092, 0.568708, 0.493659)
Body 496: orig = (0.225365, 0.345616, 0.641912), p = (0.225365, 0.345616, 0.641912)
Body 497: orig = (0.771907, 0.672184, 0.089566), p = (0.771907, 0.672184, 0.089566)
Body 498: orig = (0.542258, 0.519090, -0.516289), p = (0.542258, 0.519090, -0.516289)
Body 499: orig = (1.279066, 0.822133, 0.494679), p = (1.279066, 0.822133, 0.494679)
Body 500: orig = (1.075830, 0.753308, 0.100288), p = (1.075830, 0.753308, 0.100288)
Body 501: orig = (0.675260, -0.565283, 1.354817), p = (0.675260, -0.565283, 1.354817)
Body 502: orig = (0.471607, 0.489848, 1.050083), p = (0.471607, 0.489848, 1.050083)
Body 503: orig = (0.863920, 0.416234, 0.456137), p = (0.863920, 0.416234, 0.456137)
Body 504: orig = (1.850945, 0.746979, 1.866126), p = (1.850945, 0.746979, 1.866126)
Body 505: orig = (0.141419, 0.252807, 0.641870), p = (0.141419, 0.252807, 0.641870)
Body 506: orig = (0.588303, 1.016349, 0.721807), p = (0.588303, 1.016349, 0.721807)
Body 507: orig = (0.193506, 0.786009, 0.874794), p = (0.193506, 0.786009, 0.874794)
Body 508: orig = (0.884421, 0.325259, -0.016214), p = (0.884421, 0.325259, -0.016214)
Body 509: orig = (0.490577, 0.031778, -0.036404), p = (0.490577, 0.031778, -0.036404)
Body 510: orig = (0.304865, 0.587529, 0.391555), p = (0.304865, 0.587529, 0.391555)
Body 511: orig = (0.656675, 0.495864, 0.597943), p = (0.656675, 0.495864, 0.597943)
Body 512: orig = (0.103568, 0.279034, 0.023863), p = (0.103568, 0.279034, 0.023863)
Body 513: orig = (0.351965, 0.109173, 0.065989), p = (0.351965, 0.109173, 0.065989)
Body 514: orig = (0.316498, -0.061898, 0.391891), p = (0.316498, -0.061898, 0.391891)
Body 515: orig = (0.341066, 1.940997, 1.053061), p = (0.341066, 1.940997, 1.053061)
Body 516: orig = (0.644847, 0.741730, 1.132875), p = (0.644847, 0.741730, 1.132875)
Body 517: orig = (1.054767, 0.398905, 0.911227), p = (1.054767, 0.398905, 0.911227)
Body 518: orig = (1.065100, 0.922387, 0.105794), p = (1.065100, 0.922387, 0.105794)
Body 519: orig = (0.062326, -0.103515, 0.471096), p = (0.062326, -0.103515, 0.471096)
Body 520: orig = (0.273529, 1.346492, 0.690289), p = (0.273529, 1.346492, 0.690289)
Body 521: orig = (0.500179, -0.106622, 0.457523), p = (0.500179, -0.106622, 0.457523)
Body 522: orig = (0.248132, 0.173213, 0.369493), p = (0.248132, 0.173213, 0.369493)
Body 523: orig = (0.841543, 1.019652, 0.493429), p = (0.841543, 1.019652, 0.493429)
Body 524: orig = (1.717181, 0.973836, -0.467622), p = (1.717181, 0.973836, -0.467622)
Body 525: orig = (1.994165, 0.655319, 1.206904), p = (1.994165, 0.655319, 1.206904)
Body 526: orig = (0.126416, 0.756334, 0.305207), p = (0.126416, 0.756334, 0.305207)
Body 527: orig = (0.642153, 0.212240, -0.065219), p = (0.642153, 0.212240, -0.065219)
Body 528: orig = (0.001761, 0.253929, 0.682388), p = (0.001761, 0.253929, 0.682388)
Body 529: orig = (-0.226773, 0.617365, 0.745074), p = (-0.226773, 0.617365, 0.745074)
Body 530: orig = (0.478616, 0.753169, 0.517391), p = (0.478616, 0.753169, 0.517391)
Body 531: orig = (-0.157674, 0.307599, 0.197253), p = (-0.157674, 0.307599, 0.197253)
Body 532: orig = (0.374567, 1.140975, 0.587059), p = (0.374567, 1.140975, 0.587059)
Body 533: orig = (0.750847, 0.703773, 0.629052), p = (0.750847, 0.703773, 0.629052)
Body 534: orig = (0.801979, 1.022026, 0.158229), p = (0.801979, 1.022026, 0.158229)
Body 535: orig = (0.911101, 0.732584, 0.583110), p = (0.911101, 0.732584, 0.583110)
Body 536: orig = (0.778341, 1.085762, 0.609365), p = (0.778341, 1.085762, 0.609365)
Body 537: orig = (-0.181974, 0.395006, 0.490602), p = (-0.181974, 0.395006, 0.490602)
Body 538: orig = (0.492154, 0.059784, 0.984992), p = (0.492154, 0.059784, 0.984992)
Body 539: orig = (0.533835, 0.386525, -0.348742), p = (0.533835, 0.386525, -0.348742)
Body 540: orig = (0.894035, 0.610162, -0.324412), p = (0.894035, 0.610162, -0.324412)
Body 541: orig = (0.475833, 0.677665, 1.323073), p = (0.475833, 0.677665, 1.323073)
Body 542: orig = (0.377674, 0.485130, 1.278061), p = (0.377674, 0.485130, 1.278061)
Body 543: orig = (0.208061, 0.631100, 0.148099), p = (0.208061, 0.631100, 0.148099)
Body 544: orig = (1.146140, 0.544425, 0.794312), p = (1.146140, 0.544425, 0.794312)
Body 545: orig = (0.449326, 1.016333, 0.362646), p = (0.449326, 1.016333, 0.362646)
Body 546: orig = (0.626176, 1.092291, 0.695277), p = (0.626176, 1.092291, 0.695277)
Body 547: orig = (0.513206, 1.232642, 0.563653), p = (0.513206, 1.232642, 0.563653)
Body 548: orig = (-0.095658, 0.364870, 0.546568), p = (-0.095658, 0.364870, 0.546568)
Body 549: orig = (0.436390, 0.319202, 0.032019), p = (0.436390, 0.319202, 0.032019)
Body 550: orig = (0.426275, 0.782471, 0.353266), p = (0.426275, 0.782471, 0.353266)
Body 551: orig = (0.132417, 0.470995, -0.247344), p = (0.132417, 0.470995, -0.247344)
Body 552: orig = (0.503457, -0.113405, 0.173775), p = (0.503457, -0.113405, 0.173775)
Body 553: orig = (0.517301, 1.176023, 0.077345), p = (0.517301, 1.176023, 0.077345)
Body 554: orig = (0.065433, 0.375143, 0.746970), p = (0.065433, 0.375143, 0.746970)
Body 555: orig = (-0.031652, 0.230100, 0.299959), p = (-0.031652, 0.230100, 0.299959)
Body 556: orig = (0.400943, 0.642714, 1.012997), p = (0.400943, 0.642714, 1.012997)
Body 557: orig = (0.279263, 1.300012, 0.398133), p = (0.279263, 1.300012, 0.398133)
Body 558: orig = (0.609155, 1.033897, 0.988861), p = (0.609155, 1.033897, 0.988861)
Body 559: orig = (0.392457, 0.710924, 0.572733), p = (0.392457, 0.710924, 0.572733)
Body 560: orig = (0.427596, 0.931120, 1.036903), p = (0.427596, 0.931120, 1.036903)
Body 561: orig = (0.456130, 1.005020, 0.971589), p = (0.456130, 1.005020, 0.971589)
Body 562: orig = (0.583776, 0.670536, 0.829833), p = (0.583776, 0.670536, 0.829833)
Body 563: orig = (0.869921, 0.064390, 0.266146), p = (0.869921, 0.064390, 0.266146)
Body 564: orig = (0.511826, 1.156962, 0.738476), p = (0.511826, 1.156962, 0.738476)
Body 565: orig = (-0.234298, -0.927399, 0.634025), p = (-0.234298, -0.927399, 0.634025)
Body 566: orig = (0.723682, 0.713524, 1.198259), p = (0.723682, 0.713524, 1.198259)
Body 567: orig = (0.491915, 1.120778, 0.833782), p = (0.491915, 1.120778, 0.833782)
Body 568: orig = (0.441324, 0.469596, -0.153969), p = (0.441324, 0.469596, -0.153969)
Body 569: orig = (-0.406044, 0.246709, 0.457673), p = (-0.406044, 0.246709, 0.457673)
Body 570: orig = (-0.447794, 0.609361, 0.407784), p = (-0.447794, 0.609361, 0.407784)
Body 571: orig = (0.309013, 0.591067, 1.343515), p = (0.309013, 0.591067, 1.343515)
Body 572: orig = (-0.126607, 0.285755, 0.585426), p = (-0.126607, 0.285755, 0.585426)
Body 573: orig = (1.057855, 0.683275, 0.136539), p = (1.057855, 0.683275, 0.136539)
Body 574: orig = (0.522386, -0.004363, 0.951011), p = (0.522386, -0.004363, 0.951011)
Body 575: orig = (1.294812, 0.585296, 0.311547), p = (1.294812, 0.585296, 0.311547)
Body 576: orig = (0.481012, 0.884782, -0.017575), p = (0.481012, 0.884782, -0.017575)
Body 577: orig = (0.868748, 0.537733, 0.732000), p = (0.868748, 0.537733, 0.732000)
Body 578: orig = (1.530709, 0.474267, 0.479869), p = (1.530709, 0.474267, 0.479869)
Body 579: orig = (0.449195, 0.090953, 1.431100), p = (0.449195, 0.090953, 1.431100)
Body 580: orig = (0.553284, -0.435574, 0.494967), p = (0.553284, -0.435574, 0.494967)
Body 581: orig = (0.470157, 0.559905, 0.445517), p = (0.470157, 0.559905, 0.445517)
Body 582: orig = (0.598841, 0.334470, 0.139153), p = (0.598841, 0.334470, 0.139153)
Body 583: orig = (0.570592, 0.550790, 0.391562), p = (0.570592, 0.550790, 0.391562)
Body 584: orig = (1.163367, 0.609295, 0.418254), p = (1.163367, 0.609295, 0.418254)
Body 585: orig = (0.790116, 0.587102, -0.047569), p = (0.790116, 0.587102, -0.047569)
Body 586: orig = (0.145747, -0.093464, 0.324727), p = (0.145747, -0.093464, 0.324727)
Body 587: orig = (0.747802, -0.413573, 0.336982), p = (0.747802, -0.413573, 0.336982)
Body 588: orig = (0.610404, 0.592782, -0.582008), p = (0.610404, 0.592782, -0.582008)
Body 589: orig = (0.439042, 0.873518, 0.817487), p = (0.439042, 0.873518, 0.817487)
Body 590: orig = (0.704909, 0.818434, -0.099491), p = (0.704909, 0.818434, -0.099491)
Body 591: orig = (-0.295350, 0.536123, 0.611232), p = (-0.295350, 0.536123, 0.611232)
Body 592: orig = (0.626285, 0.967145, 0.610504), p = (0.626285, 0.967145, 0.610504)
Body 593: orig = (0.766304, 0.543749, 0.939272), p = (0.766304, 0.543749, 0.939272)
Body 594: orig = (0.571108, -0.370807, 0.530852), p = (0.571108, -0.370807, 0.530852)
Body 595: orig = (0.292106, 1.287815, 0.380652), p = (0.292106, 1.287815, 0.380652)
Body 596: orig = (0.019019, -0.173950, 0.519365), p = (0.019019, -0.173950, 0.519365)
Body 597: orig = (-0.542108, 0.499354, 0.284736), p = (-0.542108, 0.499354, 0.284736)
Body 598: orig = (0.741196, 0.568669, 1.115841), p = (0.741196, 0.568669, 1.115841)
Body 599: orig = (0.082236, 0.797168, 0.122248), p = (0.082236, 0.797168, 0.122248)
Body 600: orig = (0.997047, 0.665434, 0.401068), p = (0.997047, 0.665434, 0.401068)
Body 601: orig = (0.646009, 0.297392, -0.019932), p = (0.646009, 0.297392, -0.019932)
Body 602: orig = (0.649172, -0.464890, 0.487597), p = (0.649172, -0.464890, 0.487597)
Body 603: orig = (0.883160, 0.664305, 0.695353), p = (0.883160, 0.664305, 0.695353)
Body 604: orig = (0.204325, 0.533733, 0.509353), p = (0.204325, 0.533733, 0.509353)
Body 605: orig = (-0.278080, 0.614707, 0.270165), p = (-0.278080, 0.614707, 0.270165)
Body 606: orig = (0.520238, 0.044562, 0.733078), p = (0.520238, 0.044562, 0.733078)
Body 607: orig = (0.369227, -0.446848, 0.505625), p = (0.369227, -0.446848, 0.505625)
Body 608: orig = (0.497124, 0.253419, 0.606178), p = (0.497124, 0.253419, 0.606178)
Body 609: orig = (0.577355, 0.833037, 0.683232), p = (0.577355, 0.833037, 0.683232)
Body 610: orig = (0.345309, 0.422495, 0.002049), p = (0.345309, 0.422495, 0.002049)
Body 611: orig = (0.353802, 0.343089, 0.951159), p = (0.353802, 0.343089, 0.951159)
Body 612: orig = (0.439640, 0.580236, 0.021536), p = (0.439640, 0.580236, 0.021536)
Body 613: orig = (0.206474, -0.631766, 0.178863), p = (0.206474, -0.631766, 0.178863)
Body 614: orig = (0.460185, 0.282852, 0.299285), p = (0.460185, 0.282852, 0.299285)
Body 615: orig = (0.782261, 0.580411, 0.026057), p = (0.782261, 0.580411, 0.026057)
Body 616: orig = (1.373917, 0.451687, 0.359431), p = (1.373917, 0.451687, 0.359431)
Body 617: orig = (0.277645, 0.185402, 0.267496), p = (0.277645, 0.185402, 0.267496)
Body 618: orig = (0.453388, 0.524671, 0.726154), p = (0.453388, 0.524671, 0.726154)
Body 619: orig = (0.235448, 0.759943, 1.038930), p = (0.235448, 0.759943, 1.038930)
Body 620: orig = (0.758073, 0.091844, 0.697643), p = (0.758073, 0.091844, 0.697643)
Body 621: orig = (0.637428, -0.415187, 0.456999), p = (0.637428, -0.415187, 0.456999)
Body 622: orig = (0.589976, 0.998176, 0.169426), p = (0.589976, 0.998176, 0.169426)
Body 623: orig = (0.561419, -0.102492, 0.699654), p = (0.561419, -0.102492, 0.699654)
Body 624: orig = (0.851735, 0.637450, -0.004165), p = (0.851735, 0.637450, -0.004165)
Body 625: orig = (-0.233047, 0.340397, 0.309536), p = (-0.233047, 0.340397, 0.309536)
Body 626: orig = (0.797609, 0.046173, 0.495779), p = (0.797609, 0.046173, 0.495779)
Body 627: orig = (0.665883, 0.506259, -0.058985), p = (0.665883, 0.506259, -0.058985)
Body 628: orig = (0.358039, 0.259472, -0.013379), p = (0.358039, 0.259472, -0.013379)
Body 629: orig = (-0.215571, 0.807470, 0.656585), p = (-0.215571, 0.807470, 0.656585)
Body 630: orig = (0.656145, 1.011623, 0.344745), p = (0.656145, 1.011623, 0.344745)
Body 631: orig = (0.606528, 0.492651, 0.798538), p = (0.606528, 0.492651, 0.798538)
Body 632: orig = (0.520784, 0.578254, 1.183895), p = (0.520784, 0.578254, 1.183895)
Body 633: orig = (-0.311656, 0.623404, 0.372006), p = (-0.311656, 0.623404, 0.372006)
Body 634: orig = (1.263193, 0.770896, 0.450982), p = (1.263193, 0.770896, 0.450982)
Body 635: orig = (0.503663, 0.624377, 0.855748), p = (0.503663, 0.624377, 0.855748)
Body 636: orig = (1.108170, 0.300525, 0.367594), p = (1.108170, 0.300525, 0.367594)
Body 637: orig = (0.343364, 0.375818, 0.579854), p = (0.343364, 0.375818, 0.579854)
Body 638: orig = (-0.196229, 0.468496, 0.091501), p = (-0.196229, 0.468496, 0.091501)
Body 639: orig = (0.690762, 1.306621, 0.931078), p = (0.690762, 1.306621, 0.931078)
Body 640: orig = (0.397100, 0.379928, 1.003948), p = (0.397100, 0.379928, 1.003948)
Body 641: orig = (0.172656, -0.608743, 0.653535), p = (0.172656, -0.608743, 0.653535)
Body 642: orig = (1.193018, 0.636321, 0.469060), p = (1.193018, 0.636321, 0.469060)
Body 643: orig = (1.216539, 0.758495, 0.529318), p = (1.216539, 0.758495, 0.529318)
Body 644: orig = (0.654902, -0.381909, 0.447462), p = (0.654902, -0.381909, 0.447462)
Body 645: orig = (0.081276, 0.497106, 1.117799), p = (0.081276, 0.497106, 1.117799)
Body 646: orig = (0.482649, 1.050661, 0.878947), p = (0.482649, 1.050661, 0.878947)
Body 647: orig = (1.045946, 0.717207, 0.420940), p = (1.045946, 0.717207, 0.420940)
Body 648: orig = (0.079688, 0.515799, 1.028493), p = (0.079688, 0.515799, 1.028493)
Body 649: orig = (0.270189, 0.721418, 0.212492), p = (0.270189, 0.721418, 0.212492)
Body 650: orig = (0.887775, 0.594288, 1.512154), p = (0.887775, 0.594288, 1.512154)
Body 651: orig = (0.276334, 0.900932, 0.142356), p = (0.276334, 0.900932, 0.142356)
Body 652: orig = (1.063202, 0.605800, 0.068221), p = (1.063202, 0.605800, 0.068221)
Body 653: orig = (-0.143039, 0.135410, 0.412171), p = (-0.143039, 0.135410, 0.412171)
Body 654: orig = (0.375080, 0.343672, -0.157423), p = (0.375080, 0.343672, -0.157423)
Body 655: orig = (0.394944, 0.035873, 0.072067), p = (0.394944, 0.035873, 0.072067)
Body 656: orig = (0.862845, 0.265049, 0.380888), p = (0.862845, 0.265049, 0.380888)
Body 657: orig = (0.573070, 0.386624, -0.475873), p = (0.573070, 0.386624, -0.475873)
Body 658: orig = (-0.051082, 0.936640, 0.386916), p = (-0.051082, 0.936640, 0.386916)
Body 659: orig = (0.491183, 1.034528, 0.301556), p = (0.491183, 1.034528, 0.301556)
Body 660: orig = (0.462627, 0.359152, 0.958789), p = (0.462627, 0.359152, 0.958789)
Body 661: orig = (-0.362161, 0.329153, 0.704043), p = (-0.362161, 0.329153, 0.704043)
Body 662: orig = (0.351344, 0.323234, -0.054195), p = (0.351344, 0.323234, -0.054195)
Body 663: orig = (0.658952, 0.108495, -0.035548), p = (0.658952, 0.108495, -0.035548)
Body 664: orig = (0.100902, 0.475426, 0.498511), p = (0.100902, 0.475426, 0.498511)
Body 665: orig = (1.151639, 0.743149, 0.165250), p = (1.151639, 0.743149, 0.165250)
Body 666: orig = (0.157142, 0.434136, 1.040729), p = (0.157142, 0.434136, 1.040729)
Body 667: orig = (-0.183076, 0.411045, 0.740111), p = (-0.183076, 0.411045, 0.740111)
Body 668: orig = (0.083487, 0.594315, 0.954748), p = (0.083487, 0.594315, 0.954748)
Body 669: orig = (0.969901, 0.650618, 0.120760), p = (0.969901, 0.650618, 0.120760)
Body 670: orig = (0.742218, -0.184374, 0.577672), p = (0.742218, -0.184374, 0.577672)
Body 671: orig = (1.269827, 0.525796, 0.304170), p = (1.269827, 0.525796, 0.304170)
Body 672: orig = (0.521014, 0.753621, -0.240119), p = (0.521014, 0.753621, -0.240119)
Body 673: orig = (0.508160, 0.239979, -0.246577), p = (0.508160, 0.239979, -0.246577)
Body 674: orig = (0.950667, 0.950145, -0.017450), p = (0.950667, 0.950145, -0.017450)
Body 675: orig = (1.487875, 0.381431, 0.483581), p = (1.487875, 0.381431, 0.483581)
Body 676: orig = (-0.189324, 0.261216, 0.468785), p = (-0.189324, 0.261216, 0.468785)
Body 677: orig = (1.107549, 0.606561, 0.223972), p = (1.107549, 0.606561, 0.223972)
Body 678: orig = (1.200342, 1.654259, 0.544904), p = (1.200342, 1.654259, 0.544904)
Body 679: orig = (0.226416, 0.170193, 1.143104), p = (0.226416, 0.170193, 1.143104)
Body 680: orig = (1.210896, 0.292854, 0.199247), p = (1.210896, 0.292854, 0.199247)
Body 681: orig = (0.658569, 1.174626, 0.552020), p = (0.658569, 1.174626, 0.552020)
Body 682: orig = (-0.017819, 0.386745, 0.396568), p = (-0.017819, 0.386745, 0.396568)
Body 683: orig = (0.164360, 0.317936, 1.080621), p = (0.164360, 0.317936, 1.080621)
Body 684: orig = (0.409993, 1.018313, 1.079574), p = (0.409993, 1.018313, 1.079574)
Body 685: orig = (0.560468, 1.216688, 0.796096), p = (0.560468, 1.216688, 0.796096)
Body 686: orig = (-0.302529, 0.382223, 0.591834), p = (-0.302529, 0.382223, 0.591834)
Body 687: orig = (-0.112282, 0.422254, 0.895322), p = (-0.112282, 0.422254, 0.895322)
Body 688: orig = (-0.150590, 0.407916, 0.407838), p = (-0.150590, 0.407916, 0.407838)
Body 689: orig = (0.209761, 0.356152, 0.277059), p = (0.209761, 0.356152, 0.277059)
Body 690: orig = (0.504349, 0.723751, 1.281692), p = (0.504349, 0.723751, 1.281692)
Body 691: orig = (1.359887, 0.407740, 0.512323), p = (1.359887, 0.407740, 0.512323)
Body 692: orig = (-0.037422, 0.055117, 0.559803), p = (-0.037422, 0.055117, 0.559803)
Body 693: orig = (-0.081397, 0.408986, 0.039671), p = (-0.081397, 0.408986, 0.039671)
Body 694: orig = (-0.037683, -0.510344, -0.167862), p = (-0.037683, -0.510344, -0.167862)
Body 695: orig = (0.386127, 0.487805, -0.394853), p = (0.386127, 0.487805, -0.394853)
Body 696: orig = (0.567938, 0.737789, -0.504681), p = (0.567938, 0.737789, -0.504681)
Body 697: orig = (0.156005, 0.582624, 0.215274), p = (0.156005, 0.582624, 0.215274)
Body 698: orig = (0.481262, 0.932118, 0.265620), p = (0.481262, 0.932118, 0.265620)
Body 699: orig = (0.949376, 0.172801, 0.533390), p = (0.949376, 0.172801, 0.533390)
Body 700: orig = (0.879264, 0.723005, 1.100356), p = (0.879264, 0.723005, 1.100356)
Body 701: orig = (-0.118143, 0.416927, 0.996338), p = (-0.118143, 0.416927, 0.996338)
Body 702: orig = (0.096481, 1.195196, 0.611674), p = (0.096481, 1.195196, 0.611674)
Body 703: orig = (0.652896, 0.558745, -0.138391), p = (0.652896, 0.558745, -0.138391)
Body 704: orig = (0.400104, 0.508117, 0.777296), p = (0.400104, 0.508117, 0.777296)
Body 705: orig = (0.625330, 0.260707, 1.293722), p = (0.625330, 0.260707, 1.293722)
Body 706: orig = (0.394459, 1.531118, 0.460916), p = (0.394459, 1.531118, 0.460916)
Body 707: orig = (0.448362, 0.268993, 0.585971), p = (0.448362, 0.268993, 0.585971)
Body 708: orig = (0.862342, 0.554168, 0.565954), p = (0.862342, 0.554168, 0.565954)
Body 709: orig = (0.441652, 0.863236, 1.068463), p = (0.441652, 0.863236, 1.068463)
Body 710: orig = (0.938135, 0.857959, 0.519340), p = (0.938135, 0.857959, 0.519340)
Body 711: orig = (0.463971, 0.626713, 0.130236), p = (0.463971, 0.626713, 0.130236)
Body 712: orig = (1.162919, 0.279217, 0.190895), p = (1.162919, 0.279217, 0.190895)
Body 713: orig = (1.370412, 0.665208, 0.404368), p = (1.370412, 0.665208, 0.404368)
Body 714: orig = (-0.142875, 0.222614, 0.583711), p = (-0.142875, 0.222614, 0.583711)
Body 715: orig = (0.115851, 0.263591, 0.753080), p = (0.115851, 0.263591, 0.753080)
Body 716: orig = (-0.183144, 0.215781, 0.282944), p = (-0.183144, 0.215781, 0.282944)
Body 717: orig = (0.502422, 0.207122, 0.473591), p = (0.502422, 0.207122, 0.473591)
Body 718: orig = (0.941984, 0.750786, 0.812328), p = (0.941984, 0.750786, 0.812328)
Body 719: orig = (0.640005, -0.099727, 0.408099), p = (0.640005, -0.099727, 0.408099)
Body 720: orig = (0.181507, 0.743523, -0.042367), p = (0.181507, 0.743523, -0.042367)
Body 721: orig = (-0.057713, 0.508306, 0.559492), p = (-0.057713, 0.508306, 0.559492)
Body 722: orig = (0.450189, 0.702825, 0.746220), p = (0.450189, 0.702825, 0.746220)
Body 723: orig = (0.686398, 0.375795, 0.890311), p = (0.686398, 0.375795, 0.890311)
Body 724: orig = (0.227009, 0.540950, 1.140769), p = (0.227009, 0.540950, 1.140769)
Body 725: orig = (0.425085, -3.300146, 0.229758), p = (0.425085, -3.300146, 0.229758)
Body 726: orig = (0.546242, 0.574487, 1.179301), p = (0.546242, 0.574487, 1.179301)
Body 727: orig = (0.741492, -0.284744, 0.399710), p = (0.741492, -0.284744, 0.399710)
Body 728: orig = (0.208555, 0.224915, 0.992413), p = (0.208555, 0.224915, 0.992413)
Body 729: orig = (0.284910, 0.594906, -0.191700), p = (0.284910, 0.594906, -0.191700)
Body 730: orig = (-0.116560, 0.876332, 0.448710), p = (-0.116560, 0.876332, 0.448710)
Body 731: orig = (0.372897, 0.904697, 1.013216), p = (0.372897, 0.904697, 1.013216)
Body 732: orig = (0.365104, 0.036587, 0.497189), p = (0.365104, 0.036587, 0.497189)
Body 733: orig = (0.608936, 1.422110, 0.726755), p = (0.608936, 1.422110, 0.726755)
Body 734: orig = (-0.219944, 0.418180, 0.746302), p = (-0.219944, 0.418180, 0.746302)
Body 735: orig = (0.179762, 0.553178, 0.840637), p = (0.179762, 0.553178, 0.840637)
Body 736: orig = (0.656585, 0.990632, 0.866271), p = (0.656585, 0.990632, 0.866271)
Body 737: orig = (0.418209, 0.115210, -0.076177), p = (0.418209, 0.115210, -0.076177)
Body 738: orig = (-0.422982, 0.377490, 0.424367), p = (-0.422982, 0.377490, 0.424367)
Body 739: orig = (0.593186, -0.263196, 0.512136), p = (0.593186, -0.263196, 0.512136)
Body 740: orig = (1.483058, 0.562177, 0.624559), p = (1.483058, 0.562177, 0.624559)
Body 741: orig = (0.536734, -0.433442, 0.525249), p = (0.536734, -0.433442, 0.525249)
Body 742: orig = (0.407007, -0.016134, 0.631115), p = (0.407007, -0.016134, 0.631115)
Body 743: orig = (0.636693, -0.033790, 0.436810), p = (0.636693, -0.033790, 0.436810)
Body 744: orig = (0.404168, 1.055053, 0.860564), p = (0.404168, 1.055053, 0.860564)
Body 745: orig = (1.396151, 0.461764, 0.684499), p = (1.396151, 0.461764, 0.684499)
Body 746: orig = (0.585052, -0.454332, 0.556100), p = (0.585052, -0.454332, 0.556100)
Body 747: orig = (0.662696, 1.316760, -0.045741), p = (0.662696, 1.316760, -0.045741)
Body 748: orig = (0.775477, 0.550298, 0.592617), p = (0.775477, 0.550298, 0.592617)
Body 749: orig = (-0.392616, 0.447163, 0.536398), p = (-0.392616, 0.447163, 0.536398)
Body 750: orig = (0.418089, 0.973176, 0.781748), p = (0.418089, 0.973176, 0.781748)
Body 751: orig = (0.216139, -0.079582, 0.582871), p = (0.216139, -0.079582, 0.582871)
Body 752: orig = (0.688520, 0.586013, -0.283764), p = (0.688520, 0.586013, -0.283764)
Body 753: orig = (0.649166, 0.685842, 0.559421), p = (0.649166, 0.685842, 0.559421)
Body 754: orig = (1.075267, 0.537716, 0.155994), p = (1.075267, 0.537716, 0.155994)
Body 755: orig = (0.397481, 0.523526, 0.594377), p = (0.397481, 0.523526, 0.594377)
Body 756: orig = (0.351527, -0.396381, 0.491179), p = (0.351527, -0.396381, 0.491179)
Body 757: orig = (-0.686436, 0.594468, 1.660064), p = (-0.686436, 0.594468, 1.660064)
Body 758: orig = (1.234624, 0.809053, 0.502633), p = (1.234624, 0.809053, 0.502633)
Body 759: orig = (-0.126020, 0.759772, 0.364072), p = (-0.126020, 0.759772, 0.364072)
Body 760: orig = (0.555097, 0.700739, 0.458690), p = (0.555097, 0.700739, 0.458690)
Body 761: orig = (1.323416, 0.337629, 0.404517), p = (1.323416, 0.337629, 0.404517)
Body 762: orig = (0.230026, -0.206452, 0.758821), p = (0.230026, -0.206452, 0.758821)
Body 763: orig = (0.267573, -0.269326, 1.041805), p = (0.267573, -0.269326, 1.041805)
Body 764: orig = (0.545462, 0.245683, 1.326171), p = (0.545462, 0.245683, 1.326171)
Body 765: orig = (1.445741, 0.308438, 0.306684), p = (1.445741, 0.308438, 0.306684)
Body 766: orig = (0.629107, 0.181428, 0.573501), p = (0.629107, 0.181428, 0.573501)
Body 767: orig = (0.491332, -0.027741, 0.333924), p = (0.491332, -0.027741, 0.333924)
Body 768: orig = (0.702986, 0.118780, -0.093414), p = (0.702986, 0.118780, -0.093414)
Body 769: orig = (0.380571, 0.647854, 1.278586), p = (0.380571, 0.647854, 1.278586)
Body 770: orig = (1.257696, 0.463952, 0.264668), p = (1.257696, 0.463952, 0.264668)
Body 771: orig = (0.316426, 0.209907, 1.279800), p = (0.316426, 0.209907, 1.279800)
Body 772: orig = (0.195133, 0.900705, 0.800732), p = (0.195133, 0.900705, 0.800732)
Body 773: orig = (-0.140096, 0.471087, 0.409250), p = (-0.140096, 0.471087, 0.409250)
Body 774: orig = (0.382720, -0.081828, 0.796806), p = (0.382720, -0.081828, 0.796806)
Body 775: orig = (1.450176, 0.481205, 0.704260), p = (1.450176, 0.481205, 0.704260)
Body 776: orig = (0.372650, 0.120026, 0.279467), p = (0.372650, 0.120026, 0.279467)
Body 777: orig = (0.632933, -0.022363, 0.982451), p = (0.632933, -0.022363, 0.982451)
Body 778: orig = (-0.089378, 0.639887, 0.050987), p = (-0.089378, 0.639887, 0.050987)
Body 779: orig = (0.746513, 0.270438, -0.041247), p = (0.746513, 0.270438, -0.041247)
Body 780: orig = (0.788075, 0.385480, -0.316743), p = (0.788075, 0.385480, -0.316743)
Body 781: orig = (0.843244, 1.163219, 0.144994), p = (0.843244, 1.163219, 0.144994)
Body 782: orig = (0.704757, -0.109420, 0.630359), p = (0.704757, -0.109420, 0.630359)
Body 783: orig = (0.113817, 0.929336, 0.258350), p = (0.113817, 0.929336, 0.258350)
Body 784: orig = (0.033921, 0.733279, 0.552061), p = (0.033921, 0.733279, 0.552061)
Body 785: orig = (0.420354, 0.509518, 1.161920), p = (0.420354, 0.509518, 1.161920)
Body 786: orig = (1.337206, 0.364832, 0.649133), p = (1.337206, 0.364832, 0.649133)
Body 787: orig = (1.157743, 0.184565, 0.617385), p = (1.157743, 0.184565, 0.617385)
Body 788: orig = (0.180091, 0.454390, 0.786346), p = (0.180091, 0.454390, 0.786346)
Body 789: orig = (0.933476, 0.587075, 0.937422), p = (0.933476, 0.587075, 0.937422)
Body 790: orig = (0.736867, 0.638195, 1.279212), p = (0.736867, 0.638195, 1.279212)
Body 791: orig = (0.861065, 0.665239, 0.406199), p = (0.861065, 0.665239, 0.406199)
Body 792: orig = (0.319294, 0.356186, 0.904860), p = (0.319294, 0.356186, 0.904860)
Body 793: orig = (0.818727, -1.197789, -0.383385), p = (0.818727, -1.197789, -0.383385)
Body 794: orig = (0.376210, 0.389490, -0.290823), p = (0.376210, 0.389490, -0.290823)
Body 795: orig = (-0.218439, 0.755970, 0.571268), p = (-0.218439, 0.755970, 0.571268)
Body 796: orig = (1.023788, 0.614391, 1.581910), p = (1.023788, 0.614391, 1.581910)
Body 797: orig = (1.638693, 0.678706, 0.226957), p = (1.638693, 0.678706, 0.226957)
Body 798: orig = (0.118863, 1.332594, 0.445086), p = (0.118863, 1.332594, 0.445086)
Body 799: orig = (0.715300, 0.622923, 0.181867), p = (0.715300, 0.622923, 0.181867)
Body 800: orig = (1.074342, 0.459324, 1.094395), p = (1.074342, 0.459324, 1.094395)
Body 801: orig = (0.806111, 0.373338, 0.422975), p = (0.806111, 0.373338, 0.422975)
Body 802: orig = (0.296204, -0.028472, 0.940201), p = (0.296204, -0.028472, 0.940201)
Body 803: orig = (0.573479, 0.078860, 0.780992), p = (0.573479, 0.078860, 0.780992)
Body 804: orig = (1.177037, 0.636156, 0.798718), p = (1.177037, 0.636156, 0.798718)
Body 805: orig = (1.384758, 3.773789, 3.956309), p = (1.384758, 3.773789, 3.956309)
Body 806: orig = (0.518175, 0.625773, 1.113496), p = (0.518175, 0.625773, 1.113496)
Body 807: orig = (0.305325, 0.860812, 1.086795), p = (0.305325, 0.860812, 1.086795)
Body 808: orig = (0.547458, 0.111107, 0.893877), p = (0.547458, 0.111107, 0.893877)
Body 809: orig = (0.938024, 0.567311, 0.328606), p = (0.938024, 0.567311, 0.328606)
Body 810: orig = (0.020507, 0.592555, 0.744745), p = (0.020507, 0.592555, 0.744745)
Body 811: orig = (0.639540, 0.885403, 0.070938), p = (0.639540, 0.885403, 0.070938)
Body 812: orig = (0.833274, 0.674923, 0.673428), p = (0.833274, 0.674923, 0.673428)
Body 813: orig = (0.599415, 0.846861, 0.936250), p = (0.599415, 0.846861, 0.936250)
Body 814: orig = (1.074731, 1.070784, 0.329925), p = (1.074731, 1.070784, 0.329925)
Body 815: orig = (0.343719, -0.323659, 0.555413), p = (0.343719, -0.323659, 0.555413)
Body 816: orig = (0.521901, 1.172061, 0.697442), p = (0.521901, 1.172061, 0.697442)
Body 817: orig = (0.788457, 0.662246, 0.993889), p = (0.788457, 0.662246, 0.993889)
Body 818: orig = (0.401049, 1.406780, 0.532962), p = (0.401049, 1.406780, 0.532962)
Body 819: orig = (-0.290105, 0.148999, 0.686637), p = (-0.290105, 0.148999, 0.686637)
Body 820: orig = (0.082698, 0.761766, 0.175692), p = (0.082698, 0.761766, 0.175692)
Body 821: orig = (0.539212, 0.876980, 0.817182), p = (0.539212, 0.876980, 0.817182)
Body 822: orig = (0.686732, 0.295531, 0.433005), p = (0.686732, 0.295531, 0.433005)
Body 823: orig = (1.256555, 0.927113, 0.250565), p = (1.256555, 0.927113, 0.250565)
Body 824: orig = (0.059215, 0.016846, 0.337406), p = (0.059215, 0.016846, 0.337406)
Body 825: orig = (0.724685, 0.010091, 0.399735), p = (0.724685, 0.010091, 0.399735)
Body 826: orig = (0.936946, -0.009326, 0.347033), p = (0.936946, -0.009326, 0.347033)
Body 827: orig = (0.285649, 0.235020, 0.253844), p = (0.285649, 0.235020, 0.253844)
Body 828: orig = (0.426270, 1.036282, 0.711373), p = (0.426270, 1.036282, 0.711373)
Body 829: orig = (-0.223601, 0.413804, 0.367020), p = (-0.223601, 0.413804, 0.367020)
Body 830: orig = (0.719144, 1.039589, 0.286166), p = (0.719144, 1.039589, 0.286166)
Body 831: orig = (0.987489, 0.796695, 0.805179), p = (0.987489, 0.796695, 0.805179)
Body 832: orig = (0.707643, 0.846052, 0.795660), p = (0.707643, 0.846052, 0.795660)
Body 833: orig = (1.341718, 0.491495, 0.778020), p = (1.341718, 0.491495, 0.778020)
Body 834: orig = (0.485022, 0.390182, 0.356125), p = (0.485022, 0.390182, 0.356125)
Body 835: orig = (1.277727, 0.768870, 0.636859), p = (1.277727, 0.768870, 0.636859)
Body 836: orig = (-0.167508, 0.417123, 0.353519), p = (-0.167508, 0.417123, 0.353519)
Body 837: orig = (0.475565, 0.016665, 1.121090), p = (0.475565, 0.016665, 1.121090)
Body 838: orig = (0.310458, 0.622384, 1.319109), p = (0.310458, 0.622384, 1.319109)
Body 839: orig = (0.036850, -0.117207, 0.021695), p = (0.036850, -0.117207, 0.021695)
Body 840: orig = (0.375817, 0.254812, 0.741737), p = (0.375817, 0.254812, 0.741737)
Body 841: orig = (1.200998, 0.693700, 0.180367), p = (1.200998, 0.693700, 0.180367)
Body 842: orig = (0.409236, -0.081269, 0.404559), p = (0.409236, -0.081269, 0.404559)
Body 843: orig = (0.636351, 0.159369, 0.818615), p = (0.636351, 0.159369, 0.818615)
Body 844: orig = (0.448963, 0.984269, 0.125619), p = (0.448963, 0.984269, 0.125619)
Body 845: orig = (0.212224, 0.838921, 0.042961), p = (0.212224, 0.838921, 0.042961)
Body 846: orig = (0.480234, 1.199726, 0.578698), p = (0.480234, 1.199726, 0.578698)
Body 847: orig = (0.799725, 0.618537, 1.025876), p = (0.799725, 0.618537, 1.025876)
Body 848: orig = (0.327945, 0.284233, 0.824380), p = (0.327945, 0.284233, 0.824380)
Body 849: orig = (0.784045, 0.691989, 1.400528), p = (0.784045, 0.691989, 1.400528)
Body 850: orig = (1.495021, 0.389908, 0.437753), p = (1.495021, 0.389908, 0.437753)
Body 851: orig = (1.205807, 0.688747, 0.908154), p = (1.205807, 0.688747, 0.908154)
Body 852: orig = (0.345887, 0.037287, 0.613150), p = (0.345887, 0.037287, 0.613150)
Body 853: orig = (1.007031, 0.429114, 1.366798), p = (1.007031, 0.429114, 1.366798)
Body 854: orig = (-0.206064, 0.346396, 0.684177), p = (-0.206064, 0.346396, 0.684177)
Body 855: orig = (0.260593, 0.478936, 0.609846), p = (0.260593, 0.478936, 0.609846)
Body 856: orig = (0.586045, 0.100359, 0.411936), p = (0.586045, 0.100359, 0.411936)
Body 857: orig = (-0.131789, 0.796911, 0.542015), p = (-0.131789, 0.796911, 0.542015)
Body 858: orig = (0.904585, 0.243086, 0.130178), p = (0.904585, 0.243086, 0.130178)
Body 859: orig = (-0.305031, 0.589184, 0.394089), p = (-0.305031, 0.589184, 0.394089)
Body 860: orig = (0.451621, -0.051253, 0.006844), p = (0.451621, -0.051253, 0.006844)
Body 861: orig = (0.453707, 1.161053, 0.810076), p = (0.453707, 1.161053, 0.810076)
Body 862: orig = (0.606602, 0.147934, -0.029436), p = (0.606602, 0.147934, -0.029436)
Body 863: orig = (0.691254, -0.168004, 0.388943), p = (0.691254, -0.168004, 0.388943)
Body 864: orig = (0.428699, 0.816453, 0.601336), p = (0.428699, 0.816453, 0.601336)
Body 865: orig = (0.621035, 0.955498, 0.490917), p = (0.621035, 0.955498, 0.490917)
Body 866: orig = (0.450055, -0.168814, 0.108466), p = (0.450055, -0.168814, 0.108466)
Body 867: orig = (0.336006, 0.110397, 0.585576), p = (0.336006, 0.110397, 0.585576)
Body 868: orig = (0.614040, 0.771364, 0.538339), p = (0.614040, 0.771364, 0.538339)
Body 869: orig = (1.508569, 0.522266, 0.684862), p = (1.508569, 0.522266, 0.684862)
Body 870: orig = (0.275719, 0.139295, 0.688688), p = (0.275719, 0.139295, 0.688688)
Body 871: orig = (1.225496, 0.541008, 0.182823), p = (1.225496, 0.541008, 0.182823)
Body 872: orig = (0.796652, -0.038450, 0.330629), p = (0.796652, -0.038450, 0.330629)
Body 873: orig = (0.815968, 0.366107, 0.726965), p = (0.815968, 0.366107, 0.726965)
Body 874: orig = (0.499623, 0.208258, 1.273396), p = (0.499623, 0.208258, 1.273396)
Body 875: orig = (0.215335, 0.498973, -0.238669), p = (0.215335, 0.498973, -0.238669)
Body 876: orig = (0.403786, -0.545792, 0.705735), p = (0.403786, -0.545792, 0.705735)
Body 877: orig = (0.435713, 1.073379, 0.732348), p = (0.435713, 1.073379, 0.732348)
Body 878: orig = (0.313633, 0.887774, 0.858545), p = (0.313633, 0.887774, 0.858545)
Body 879: orig = (0.155828, 0.751416, 0.413815), p = (0.155828, 0.751416, 0.413815)
Body 880: orig = (0.342426, -0.190271, 0.348663), p = (0.342426, -0.190271, 0.348663)
Body 881: orig = (0.323842, 0.233844, 0.706763), p = (0.323842, 0.233844, 0.706763)
Body 882: orig = (-0.116572, 0.787189, 0.595646), p = (-0.116572, 0.787189, 0.595646)
Body 883: orig = (1.400494, 0.781671, 0.477784), p = (1.400494, 0.781671, 0.477784)
Body 884: orig = (-0.605447, 0.240628, 0.286768), p = (-0.605447, 0.240628, 0.286768)
Body 885: orig = (0.022136, 0.347777, 0.532971), p = (0.022136, 0.347777, 0.532971)
Body 886: orig = (0.400953, 0.932838, 0.714811), p = (0.400953, 0.932838, 0.714811)
Body 887: orig = (0.432336, 0.563637, -0.316786), p = (0.432336, 0.563637, -0.316786)
Body 888: orig = (0.367256, 0.010987, 0.687977), p = (0.367256, 0.010987, 0.687977)
Body 889: orig = (0.691367, 0.063320, 0.208945), p = (0.691367, 0.063320, 0.208945)
Body 890: orig = (0.333462, 0.564248, 0.381619), p = (0.333462, 0.564248, 0.381619)
Body 891: orig = (0.647714, 1.219422, 0.085041), p = (0.647714, 1.219422, 0.085041)
Body 892: orig = (1.313922, 0.326503, 0.379307), p = (1.313922, 0.326503, 0.379307)
Body 893: orig = (0.326916, 0.425740, 0.780028), p = (0.326916, 0.425740, 0.780028)
Body 894: orig = (0.081675, 0.361876, 0.752545), p = (0.081675, 0.361876, 0.752545)
Body 895: orig = (0.106391, 0.964659, 0.757554), p = (0.106391, 0.964659, 0.757554)
Body 896: orig = (0.402805, 1.425442, 0.357808), p = (0.402805, 1.425442, 0.357808)
Body 897: orig = (0.474240, -0.208727, 0.750878), p = (0.474240, -0.208727, 0.750878)
Body 898: orig = (0.438433, 0.588663, -0.109113), p = (0.438433, 0.588663, -0.109113)
Body 899: orig = (0.258740, -0.372683, 1.530921), p = (0.258740, -0.372683, 1.530921)
Body 900: orig = (0.534060, -0.079423, -0.199618), p = (0.534060, -0.079423, -0.199618)
Body 901: orig = (0.363610, 0.963615, 1.392820), p = (0.363610, 0.963615, 1.392820)
Body 902: orig = (0.713285, 0.341362, 1.033663), p = (0.713285, 0.341362, 1.033663)
Body 903: orig = (1.340434, 0.778190, 0.863110), p = (1.340434, 0.778190, 0.863110)
Body 904: orig = (0.344836, 0.930663, -0.099278), p = (0.344836, 0.930663, -0.099278)
Body 905: orig = (-0.038850, 0.508094, 0.276601), p = (-0.038850, 0.508094, 0.276601)
Body 906: orig = (0.458486, 0.886596, 1.267831), p = (0.458486, 0.886596, 1.267831)
Body 907: orig = (0.690937, 0.433329, 1.169037), p = (0.690937, 0.433329, 1.169037)
Body 908: orig = (0.566615, 1.451091, 0.065593), p = (0.566615, 1.451091, 0.065593)
Body 909: orig = (1.256065, 0.759356, 0.433864), p = (1.256065, 0.759356, 0.433864)
Body 910: orig = (2.697855, -0.224778, 1.804790), p = (2.697855, -0.224778, 1.804790)
Body 911: orig = (0.880625, 0.090349, 0.402760), p = (0.880625, 0.090349, 0.402760)
Body 912: orig = (0.354037, 0.633252, 1.062963), p = (0.354037, 0.633252, 1.062963)
Body 913: orig = (-0.190191, 0.537021, 0.610166), p = (-0.190191, 0.537021, 0.610166)
Body 914: orig = (0.536090, 1.176197, 0.016372), p = (0.536090, 1.176197, 0.016372)
Body 915: orig = (0.235678, 0.286060, 0.843009), p = (0.235678, 0.286060, 0.843009)
Body 916: orig = (0.449818, 0.967327, 0.390469), p = (0.449818, 0.967327, 0.390469)
Body 917: orig = (0.366401, 0.105236, 0.343010), p = (0.366401, 0.105236, 0.343010)
Body 918: orig = (0.749300, 0.136999, 0.737851), p = (0.749300, 0.136999, 0.737851)
Body 919: orig = (0.936109, -2.085599, -0.196612), p = (0.936109, -2.085599, -0.196612)
Body 920: orig = (0.198042, 0.478698, 1.178548), p = (0.198042, 0.478698, 1.178548)
Body 921: orig = (0.286967, 1.326074, 0.368440), p = (0.286967, 1.326074, 0.368440)
Body 922: orig = (0.366745, 0.295400, 0.898486), p = (0.366745, 0.295400, 0.898486)
Body 923: orig = (0.912488, 0.468571, 0.180888), p = (0.912488, 0.468571, 0.180888)
Body 924: orig = (0.032868, 0.432712, 0.639120), p = (0.032868, 0.432712, 0.639120)
Body 925: orig = (0.053598, 0.139794, 0.545608), p = (0.053598, 0.139794, 0.545608)
Body 926: orig = (1.099020, 1.123407, 0.405695), p = (1.099020, 1.123407, 0.405695)
Body 927: orig = (0.206878, 0.131636, 0.429578), p = (0.206878, 0.131636, 0.429578)
Body 928: orig = (0.486038, 0.509949, 0.300493), p = (0.486038, 0.509949, 0.300493)
Body 929: orig = (0.219642, 0.777886, 0.714356), p = (0.219642, 0.777886, 0.714356)
Body 930: orig = (0.609520, -0.383961, 0.511062), p = (0.609520, -0.383961, 0.511062)
Body 931: orig = (0.678988, 0.595910, 0.722451), p = (0.678988, 0.595910, 0.722451)
Body 932: orig = (0.640437, 0.808213, 0.161790), p = (0.640437, 0.808213, 0.161790)
Body 933: orig = (0.920872, 0.710162, 0.742943), p = (0.920872, 0.710162, 0.742943)
Body 934: orig = (0.148325, 0.484067, 0.841481), p = (0.148325, 0.484067, 0.841481)
Body 935: orig = (0.459673, 0.538143, 1.226590), p = (0.459673, 0.538143, 1.226590)
Body 936: orig = (0.361022, 0.898009, 0.644955), p = (0.361022, 0.898009, 0.644955)
Body 937: orig = (0.069394, 0.776433, 0.654754), p = (0.069394, 0.776433, 0.654754)
Body 938: orig = (0.257761, 0.137432, 0.641238), p = (0.257761, 0.137432, 0.641238)
Body 939: orig = (0.409555, 0.806057, 0.060165), p = (0.409555, 0.806057, 0.060165)
Body 940: orig = (0.166922, 1.060446, 0.571449), p = (0.166922, 1.060446, 0.571449)
Body 941: orig = (0.310894, 0.455452, 0.953747), p = (0.310894, 0.455452, 0.953747)
Body 942: orig = (1.040530, 0.332736, 0.595476), p = (1.040530, 0.332736, 0.595476)
Body 943: orig = (1.237344, 0.056739, 1.046814), p = (1.237344, 0.056739, 1.046814)
Body 944: orig = (1.366934, 0.299733, 0.556804), p = (1.366934, 0.299733, 0.556804)
Body 945: orig = (0.519166, 1.487102, 0.581278), p = (0.519166, 1.487102, 0.581278)
Body 946: orig = (1.384593, 0.631380, 0.484955), p = (1.384593, 0.631380, 0.484955)
Body 947: orig = (1.233694, 0.814852, 0.697324), p = (1.233694, 0.814852, 0.697324)
Body 948: orig = (0.459431, 0.979968, 0.101696), p = (0.459431, 0.979968, 0.101696)
Body 949: orig = (0.202189, 0.451101, 1.319119), p = (0.202189, 0.451101, 1.319119)
Body 950: orig = (0.424034, -0.475261, 0.623307), p = (0.424034, -0.475261, 0.623307)
Body 951: orig = (0.399683, 1.628964, 0.523878), p = (0.399683, 1.628964, 0.523878)
Body 952: orig = (0.603194, -10.796374, 4.604915), p = (0.603194, -10.796374, 4.604915)
Body 953: orig = (-0.111183, 0.665370, 0.496477), p = (-0.111183, 0.665370, 0.496477)
Body 954: orig = (0.117687, 0.539084, 1.140287), p = (0.117687, 0.539084, 1.140287)
Body 955: orig = (0.535427, 0.175332, 0.388980), p = (0.535427, 0.175332, 0.388980)
Body 956: orig = (0.513002, 0.905564, 1.005347), p = (0.513002, 0.905564, 1.005347)
Body 957: orig = (-0.054943, 0.068526, 0.545500), p = (-0.054943, 0.068526, 0.545500)
Body 958: orig = (0.649557, 0.659881, 0.523210), p = (0.649557, 0.659881, 0.523210)
Body 959: orig = (-0.055774, 0.526973, 0.298994), p = (-0.055774, 0.526973, 0.298994)
Body 960: orig = (0.782616, 0.774085, 0.626869), p = (0.782616, 0.774085, 0.626869)
Body 961: orig = (0.752099, 0.327713, 0.958022), p = (0.752099, 0.327713, 0.958022)
Body 962: orig = (0.014719, 0.626905, 0.486604), p = (0.014719, 0.626905, 0.486604)
Body 963: orig = (0.726217, -0.007276, 0.868975), p = (0.726217, -0.007276, 0.868975)
Body 964: orig = (1.073321, 0.900945, 0.758328), p = (1.073321, 0.900945, 0.758328)
Body 965: orig = (1.097527, 0.137897, 0.477521), p = (1.097527, 0.137897, 0.477521)
Body 966: orig = (0.468795, -0.295466, 0.239551), p = (0.468795, -0.295466, 0.239551)
Body 967: orig = (0.328398, 1.171663, 0.860047), p = (0.328398, 1.171663, 0.860047)
Body 968: orig = (-0.129516, 0.364586, 0.704689), p = (-0.129516, 0.364586, 0.704689)
Body 969: orig = (1.283194, -0.078545, 0.815529), p = (1.283194, -0.078545, 0.815529)
Body 970: orig = (0.508732, 0.294496, -0.196655), p = (0.508732, 0.294496, -0.196655)
Body 971: orig = (0.981490, 0.594831, 0.242775), p = (0.981490, 0.594831, 0.242775)
Body 972: orig = (0.992643, -0.001352, 0.495968), p = (0.992643, -0.001352, 0.495968)
Body 973: orig = (0.878799, 0.265548, -0.046594), p = (0.878799, 0.265548, -0.046594)
Body 974: orig = (0.927653, 0.331162, 0.284741), p = (0.927653, 0.331162, 0.284741)
Body 975: orig = (0.476585, 1.152491, 0.494599), p = (0.476585, 1.152491, 0.494599)
Body 976: orig = (0.435997, 0.993280, 0.853600), p = (0.435997, 0.993280, 0.853600)
Body 977: orig = (0.612559, 0.452428, 1.172333), p = (0.612559, 0.452428, 1.172333)
Body 978: orig = (5.362304, -2.435081, -3.041718), p = (5.362304, -2.435081, -3.041718)
Body 979: orig = (0.795644, 0.032139, 0.260799), p = (0.795644, 0.032139, 0.260799)
Body 980: orig = (0.596759, -0.430910, -0.098050), p = (0.596759, -0.430910, -0.098050)
Body 981: orig = (0.495461, 0.366990, -0.114529), p = (0.495461, 0.366990, -0.114529)
Body 982: orig = (0.402408, -0.013373, 0.690354), p = (0.402408, -0.013373, 0.690354)
Body 983: orig = (0.286334, 0.696483, -0.124279), p = (0.286334, 0.696483, -0.124279)
Body 984: orig = (0.379676, 0.135530, 0.211339), p = (0.379676, 0.135530, 0.211339)
Body 985: orig = (0.726544, 0.775850, 0.861909), p = (0.726544, 0.775850, 0.861909)
Body 986: orig = (0.265710, 0.004965, 0.787873), p = (0.265710, 0.004965, 0.787873)
Body 987: orig = (0.775560, 0.675460, 0.643697), p = (0.775560, 0.675460, 0.643697)
Body 988: orig = (-0.499571, 0.478497, 0.592135), p = (-0.499571, 0.478497, 0.592135)
Body 989: orig = (0.305242, -0.063715, 0.506233), p = (0.305242, -0.063715, 0.506233)
Body 990: orig = (0.218715, 0.351209, 1.245872), p = (0.218715, 0.351209, 1.245872)
Body 991: orig = (0.636935, 0.579606, 0.834204), p = (0.636935, 0.579606, 0.834204)
Body 992: orig = (0.568287, 1.511964, 0.704150), p = (0.568287, 1.511964, 0.704150)
Body 993: orig = (0.515929, 0.914994, 0.868932), p = (0.515929, 0.914994, 0.868932)
Body 994: orig = (0.484964, 0.680514, 0.592697), p = (0.484964, 0.680514, 0.592697)
Body 995: orig = (1.305063, 0.867886, 0.634811), p = (1.305063, 0.867886, 0.634811)
Body 996: orig = (-1.092712, 0.094495, 1.521530), p = (-1.092712, 0.094495, 1.521530)
Body 997: orig = (0.852814, 0.998417, 0.601804), p = (0.852814, 0.998417, 0.601804)
Body 998: orig = (1.006631, 0.782155, 0.297914), p = (1.006631, 0.782155, 0.297914)
Body 999: orig = (0.693032, 0.974292, 1.358653), p = (0.693032, 0.974292, 1.358653)
Body 1000: orig = (1.083046, 0.954355, -1.178955), p = (1.083046, 0.954355, -1.178955)
Body 1001: orig = (-0.182336, 0.498612, 0.897812), p = (-0.182336, 0.498612, 0.897812)
Body 1002: orig = (-0.001952, 0.207487, 0.421038), p = (-0.001952, 0.207487, 0.421038)
Body 1003: orig = (-0.107318, 0.479141, 0.133240), p = (-0.107318, 0.479141, 0.133240)
Body 1004: orig = (0.985597, 0.500733, 0.866948), p = (0.985597, 0.500733, 0.866948)
Body 1005: orig = (0.305445, 0.565387, -0.269396), p = (0.305445, 0.565387, -0.269396)
Body 1006: orig = (0.320180, -0.013532, 0.430921), p = (0.320180, -0.013532, 0.430921)
Body 1007: orig = (0.358569, 0.711214, -0.081947), p = (0.358569, 0.711214, -0.081947)
Body 1008: orig = (0.040696, 0.424746, 0.058674), p = (0.040696, 0.424746, 0.058674)
Body 1009: orig = (0.765067, 1.123730, 0.240993), p = (0.765067, 1.123730, 0.240993)
Body 1010: orig = (0.590439, 0.541426, -0.297984), p = (0.590439, 0.541426, -0.297984)
Body 1011: orig = (1.002160, 0.350825, 0.475584), p = (1.002160, 0.350825, 0.475584)
Body 1012: orig = (0.315338, 0.867959, 0.853622), p = (0.315338, 0.867959, 0.853622)
Body 1013: orig = (0.612075, 0.742088, 0.974563), p = (0.612075, 0.742088, 0.974563)
Body 1014: orig = (0.527596, 0.939327, 0.337607), p = (0.527596, 0.939327, 0.337607)
Body 1015: orig = (0.900455, 0.276082, 0.063222), p = (0.900455, 0.276082, 0.063222)
Body 1016: orig = (0.382455, 0.493687, 0.376677), p = (0.382455, 0.493687, 0.376677)
Body 1017: orig = (0.239906, 0.500446, 0.587944), p = (0.239906, 0.500446, 0.587944)
Body 1018: orig = (0.365742, 0.936222, 0.316290), p = (0.365742, 0.936222, 0.316290)
Body 1019: orig = (0.150832, 0.598351, -0.118041), p = (0.150832, 0.598351, -0.118041)
Body 1020: orig = (1.418808, 0.734952, 0.629322), p = (1.418808, 0.734952, 0.629322)
Body 1021: orig = (0.611610, -0.044839, 1.057046), p = (0.611610, -0.044839, 1.057046)
Body 1022: orig = (0.716038, 0.149653, 0.587358), p = (0.716038, 0.149653, 0.587358)
Body 1023: orig = (0.688235, 0.552139, 0.819000), p = (0.688235, 0.552139, 0.819000)
Body 1024: orig = (0.855578, 0.079285, 0.832243), p = (0.855578, 0.079285, 0.832243)
Body 1025: orig = (0.476871, -0.000474, 0.194485), p = (0.476871, -0.000474, 0.194485)
Body 1026: orig = (1.402320, 0.592655, 0.340364), p = (1.402320, 0.592655, 0.340364)
Body 1027: orig = (0.853127, 1.421974, -2.228424), p = (0.853127, 1.421974, -2.228424)
Body 1028: orig = (0.433587, 0.788872, 0.689310), p = (0.433587, 0.788872, 0.689310)
Body 1029: orig = (0.848513, 0.065411, 0.669869), p = (0.848513, 0.065411, 0.669869)
Body 1030: orig = (1.204255, 0.219225, 0.851862), p = (1.204255, 0.219225, 0.851862)
Body 1031: orig = (0.066631, 0.256419, 0.421583), p = (0.066631, 0.256419, 0.421583)
Body 1032: orig = (0.533565, 0.333250, 0.911206), p = (0.533565, 0.333250, 0.911206)
Body 1033: orig = (0.599944, 0.368563, 0.651825), p = (0.599944, 0.368563, 0.651825)
Body 1034: orig = (0.093397, 0.625512, 0.952011), p = (0.093397, 0.625512, 0.952011)
Body 1035: orig = (0.749534, 0.655438, -0.247431), p = (0.749534, 0.655438, -0.247431)
Body 1036: orig = (1.316891, 0.160059, 0.078037), p = (1.316891, 0.160059, 0.078037)
Body 1037: orig = (0.520507, 0.410649, -0.566210), p = (0.520507, 0.410649, -0.566210)
Body 1038: orig = (0.502772, 1.056173, 0.040931), p = (0.502772, 1.056173, 0.040931)
Body 1039: orig = (0.371325, 0.408510, -0.149140), p = (0.371325, 0.408510, -0.149140)
Body 1040: orig = (0.556326, 1.126773, 0.087401), p = (0.556326, 1.126773, 0.087401)
Body 1041: orig = (0.196576, -1.740832, 0.626095), p = (0.196576, -1.740832, 0.626095)
Body 1042: orig = (0.574814, -0.059437, 0.459574), p = (0.574814, -0.059437, 0.459574)
Body 1043: orig = (0.044564, 0.359445, 0.540715), p = (0.044564, 0.359445, 0.540715)
Body 1044: orig = (0.093753, 0.707194, 0.504947), p = (0.093753, 0.707194, 0.504947)
Body 1045: orig = (0.209601, 0.566273, 0.974563), p = (0.209601, 0.566273, 0.974563)
Body 1046: orig = (-0.385595, 0.601520, 0.520093), p = (-0.385595, 0.601520, 0.520093)
Body 1047: orig = (0.446239, 0.464080, -0.169117), p = (0.446239, 0.464080, -0.169117)
Body 1048: orig = (0.290984, 0.264567, 0.695973), p = (0.290984, 0.264567, 0.695973)
Body 1049: orig = (-0.102456, 0.435437, 0.861692), p = (-0.102456, 0.435437, 0.861692)
Body 1050: orig = (0.360056, -0.271109, 0.270661), p = (0.360056, -0.271109, 0.270661)
Body 1051: orig = (0.479135, 1.380262, 0.189999), p = (0.479135, 1.380262, 0.189999)
Body 1052: orig = (0.512387, 0.043095, 1.050686), p = (0.512387, 0.043095, 1.050686)
Body 1053: orig = (0.866290, 0.368821, 0.525684), p = (0.866290, 0.368821, 0.525684)
Body 1054: orig = (1.076099, 0.939672, 0.477093), p = (1.076099, 0.939672, 0.477093)
Body 1055: orig = (0.816378, 0.428901, 0.811292), p = (0.816378, 0.428901, 0.811292)
Body 1056: orig = (0.772231, 0.741881, 0.109084), p = (0.772231, 0.741881, 0.109084)
Body 1057: orig = (0.630399, 0.510500, -0.168526), p = (0.630399, 0.510500, -0.168526)
Body 1058: orig = (0.037139, -0.114539, 0.503906), p = (0.037139, -0.114539, 0.503906)
Body 1059: orig = (0.899796, 0.033632, 0.400293), p = (0.899796, 0.033632, 0.400293)
Body 1060: orig = (0.624265, 0.624949, 0.345415), p = (0.624265, 0.624949, 0.345415)
Body 1061: orig = (-0.591166, 1.372343, 0.792105), p = (-0.591166, 1.372343, 0.792105)
Body 1062: orig = (0.544507, 0.350053, -0.405396), p = (0.544507, 0.350053, -0.405396)
Body 1063: orig = (0.553249, 0.909534, 0.934675), p = (0.553249, 0.909534, 0.934675)
Body 1064: orig = (0.370437, 0.911093, -0.026900), p = (0.370437, 0.911093, -0.026900)
Body 1065: orig = (-0.162211, 0.781010, 0.702101), p = (-0.162211, 0.781010, 0.702101)
Body 1066: orig = (0.205468, 0.462152, 1.238098), p = (0.205468, 0.462152, 1.238098)
Body 1067: orig = (0.352593, 0.094128, -0.075179), p = (0.352593, 0.094128, -0.075179)
Body 1068: orig = (0.340219, 0.258145, -0.252958), p = (0.340219, 0.258145, -0.252958)
Body 1069: orig = (0.454399, 0.478389, 0.385724), p = (0.454399, 0.478389, 0.385724)
Body 1070: orig = (-0.642267, 0.689804, 0.488652), p = (-0.642267, 0.689804, 0.488652)
Body 1071: orig = (-0.400068, 0.617114, 0.481141), p = (-0.400068, 0.617114, 0.481141)
Body 1072: orig = (0.239055, 0.578702, -0.319216), p = (0.239055, 0.578702, -0.319216)
Body 1073: orig = (0.877409, 0.330270, 0.430114), p = (0.877409, 0.330270, 0.430114)
Body 1074: orig = (0.600894, 0.028300, 0.570341), p = (0.600894, 0.028300, 0.570341)
Body 1075: orig = (0.260863, 0.543661, -0.032616), p = (0.260863, 0.543661, -0.032616)
Body 1076: orig = (0.506056, -0.056419, 0.848220), p = (0.506056, -0.056419, 0.848220)
Body 1077: orig = (0.800915, 0.709552, 0.226609), p = (0.800915, 0.709552, 0.226609)
Body 1078: orig = (0.458924, 0.256062, 1.300799), p = (0.458924, 0.256062, 1.300799)
Body 1079: orig = (0.561652, 0.158297, 0.003590), p = (0.561652, 0.158297, 0.003590)
Body 1080: orig = (0.395267, 0.509028, 0.376200), p = (0.395267, 0.509028, 0.376200)
Body 1081: orig = (0.465109, -0.212924, 0.535725), p = (0.465109, -0.212924, 0.535725)
Body 1082: orig = (-0.090483, 0.463619, 0.178600), p = (-0.090483, 0.463619, 0.178600)
Body 1083: orig = (0.931450, 1.113407, 0.274812), p = (0.931450, 1.113407, 0.274812)
Body 1084: orig = (0.697499, 0.963300, 0.214591), p = (0.697499, 0.963300, 0.214591)
Body 1085: orig = (0.008073, 0.453899, 0.591236), p = (0.008073, 0.453899, 0.591236)
Body 1086: orig = (0.371327, 0.286853, 0.926238), p = (0.371327, 0.286853, 0.926238)
Body 1087: orig = (0.534038, -0.019892, 0.783195), p = (0.534038, -0.019892, 0.783195)
Body 1088: orig = (-0.290421, 0.661695, 0.525503), p = (-0.290421, 0.661695, 0.525503)
Body 1089: orig = (0.899234, 0.481431, -0.005458), p = (0.899234, 0.481431, -0.005458)
Body 1090: orig = (0.623174, 0.277925, 1.216947), p = (0.623174, 0.277925, 1.216947)
Body 1091: orig = (0.380015, 0.630999, -0.190703), p = (0.380015, 0.630999, -0.190703)
Body 1092: orig = (1.165844, 1.873871, 2.062984), p = (1.165844, 1.873871, 2.062984)
Body 1093: orig = (0.318363, 0.305049, 0.893188), p = (0.318363, 0.305049, 0.893188)
Body 1094: orig = (0.038559, 1.160526, 0.311298), p = (0.038559, 1.160526, 0.311298)
Body 1095: orig = (0.045893, 0.815455, 0.241821), p = (0.045893, 0.815455, 0.241821)
Body 1096: orig = (0.403700, 0.317396, 1.041210), p = (0.403700, 0.317396, 1.041210)
Body 1097: orig = (0.424567, 0.981077, 0.388839), p = (0.424567, 0.981077, 0.388839)
Body 1098: orig = (1.237863, 0.328542, 0.366658), p = (1.237863, 0.328542, 0.366658)
Body 1099: orig = (0.436375, -0.053137, 0.763849), p = (0.436375, -0.053137, 0.763849)
Body 1100: orig = (0.350824, 0.731199, 0.197440), p = (0.350824, 0.731199, 0.197440)
Body 1101: orig = (0.997688, -0.021972, 0.897024), p = (0.997688, -0.021972, 0.897024)
Body 1102: orig = (1.364430, 0.334448, 0.639783), p = (1.364430, 0.334448, 0.639783)
Body 1103: orig = (1.345365, 0.794903, 0.661984), p = (1.345365, 0.794903, 0.661984)
Body 1104: orig = (0.388888, 0.755816, 0.883150), p = (0.388888, 0.755816, 0.883150)
Body 1105: orig = (0.538225, 0.268685, 0.744549), p = (0.538225, 0.268685, 0.744549)
Body 1106: orig = (0.644535, 0.907829, 0.641352), p = (0.644535, 0.907829, 0.641352)
Body 1107: orig = (1.337171, 0.601670, 1.766720), p = (1.337171, 0.601670, 1.766720)
Body 1108: orig = (0.235022, 0.578346, 0.888940), p = (0.235022, 0.578346, 0.888940)
Body 1109: orig = (0.562305, 0.558787, 1.171484), p = (0.562305, 0.558787, 1.171484)
Body 1110: orig = (0.490149, 1.227101, -0.083321), p = (0.490149, 1.227101, -0.083321)
Body 1111: orig = (0.748812, 0.774554, 0.890360), p = (0.748812, 0.774554, 0.890360)
Body 1112: orig = (0.034615, 0.358064, 0.441393), p = (0.034615, 0.358064, 0.441393)
Body 1113: orig = (0.149672, 0.870068, 0.561544), p = (0.149672, 0.870068, 0.561544)
Body 1114: orig = (1.155184, 0.296842, 0.092498), p = (1.155184, 0.296842, 0.092498)
Body 1115: orig = (0.708171, -0.154756, 0.407209), p = (0.708171, -0.154756, 0.407209)
Body 1116: orig = (0.356004, 0.319550, 0.878743), p = (0.356004, 0.319550, 0.878743)
Body 1117: orig = (0.693233, 0.623297, 0.816257), p = (0.693233, 0.623297, 0.816257)
Body 1118: orig = (-1.163791, 1.454710, 0.519468), p = (-1.163791, 1.454710, 0.519468)
Body 1119: orig = (-0.106803, 0.585264, 0.788347), p = (-0.106803, 0.585264, 0.788347)
Body 1120: orig = (0.381942, -0.354444, 0.513189), p = (0.381942, -0.354444, 0.513189)
Body 1121: orig = (1.046123, 0.649863, 0.545748), p = (1.046123, 0.649863, 0.545748)
Body 1122: orig = (0.255432, 0.541442, 0.805255), p = (0.255432, 0.541442, 0.805255)
Body 1123: orig = (0.372749, -0.406011, 0.542948), p = (0.372749, -0.406011, 0.542948)
Body 1124: orig = (-0.268781, 0.444732, 0.314280), p = (-0.268781, 0.444732, 0.314280)
Body 1125: orig = (0.699593, 0.481945, 1.285425), p = (0.699593, 0.481945, 1.285425)
Body 1126: orig = (0.068516, 0.276882, 0.816486), p = (0.068516, 0.276882, 0.816486)
Body 1127: orig = (0.414013, 0.347541, 0.001395), p = (0.414013, 0.347541, 0.001395)
Body 1128: orig = (0.616958, -0.279030, 0.397958), p = (0.616958, -0.279030, 0.397958)
Body 1129: orig = (0.409976, 0.804594, 0.385703), p = (0.409976, 0.804594, 0.385703)
Body 1130: orig = (0.460485, 0.026707, 0.675961), p = (0.460485, 0.026707, 0.675961)
Body 1131: orig = (0.973676, 1.003836, 0.424379), p = (0.973676, 1.003836, 0.424379)
Body 1132: orig = (0.815315, 0.762217, 0.787295), p = (0.815315, 0.762217, 0.787295)
Body 1133: orig = (0.466017, 0.557976, 0.563280), p = (0.466017, 0.557976, 0.563280)
Body 1134: orig = (0.443075, 0.956418, -0.196029), p = (0.443075, 0.956418, -0.196029)
Body 1135: orig = (0.121163, 0.757866, 1.018606), p = (0.121163, 0.757866, 1.018606)
Body 1136: orig = (0.564253, 0.660064, 1.300587), p = (0.564253, 0.660064, 1.300587)
Body 1137: orig = (0.163233, 0.385484, 0.749756), p = (0.163233, 0.385484, 0.749756)
Body 1138: orig = (0.016837, 0.741646, 0.829857), p = (0.016837, 0.741646, 0.829857)
Body 1139: orig = (0.674192, 0.867429, 0.612808), p = (0.674192, 0.867429, 0.612808)
Body 1140: orig = (0.452507, 1.025278, 0.620633), p = (0.452507, 1.025278, 0.620633)
Body 1141: orig = (0.590612, 0.606235, 1.021855), p = (0.590612, 0.606235, 1.021855)
Body 1142: orig = (0.207456, 0.837318, 0.162100), p = (0.207456, 0.837318, 0.162100)
Body 1143: orig = (1.255064, 1.912562, -0.012198), p = (1.255064, 1.912562, -0.012198)
Body 1144: orig = (0.347069, 0.255823, 1.007521), p = (0.347069, 0.255823, 1.007521)
Body 1145: orig = (0.067849, 0.786332, 0.761286), p = (0.067849, 0.786332, 0.761286)
Body 1146: orig = (0.203282, 1.387588, 0.387983), p = (0.203282, 1.387588, 0.387983)
Body 1147: orig = (-0.309196, 0.717959, 0.418888), p = (-0.309196, 0.717959, 0.418888)
Body 1148: orig = (0.983847, -0.079151, 0.688400), p = (0.983847, -0.079151, 0.688400)
Body 1149: orig = (0.594026, 0.515522, 0.373251), p = (0.594026, 0.515522, 0.373251)
Body 1150: orig = (-0.352634, 0.182329, 0.447556), p = (-0.352634, 0.182329, 0.447556)
Body 1151: orig = (0.733537, 0.315091, 1.378943), p = (0.733537, 0.315091, 1.378943)
Body 1152: orig = (0.498834, 0.292438, 0.742817), p = (0.498834, 0.292438, 0.742817)
Body 1153: orig = (1.083710, 0.700591, 0.410965), p = (1.083710, 0.700591, 0.410965)
Body 1154: orig = (0.910642, 0.548971, 0.495818), p = (0.910642, 0.548971, 0.495818)
Body 1155: orig = (0.891099, 0.045514, 0.579664), p = (0.891099, 0.045514, 0.579664)
Body 1156: orig = (0.588703, -0.189230, 0.904619), p = (0.588703, -0.189230, 0.904619)
Body 1157: orig = (0.679911, 0.024219, 0.738455), p = (0.679911, 0.024219, 0.738455)
Body 1158: orig = (0.477508, 0.279162, 1.181529), p = (0.477508, 0.279162, 1.181529)
Body 1159: orig = (0.521167, 0.258024, 0.091563), p = (0.521167, 0.258024, 0.091563)
Body 1160: orig = (0.899491, 0.617810, -0.027118), p = (0.899491, 0.617810, -0.027118)
Body 1161: orig = (0.712770, 1.321512, 0.372880), p = (0.712770, 1.321512, 0.372880)
Body 1162: orig = (1.060550, 0.720325, 0.328502), p = (1.060550, 0.720325, 0.328502)
Body 1163: orig = (-0.399114, 0.603845, 0.608997), p = (-0.399114, 0.603845, 0.608997)
Body 1164: orig = (-0.474115, 0.600566, 0.244718), p = (-0.474115, 0.600566, 0.244718)
Body 1165: orig = (0.197680, 0.917966, 0.622276), p = (0.197680, 0.917966, 0.622276)
Body 1166: orig = (0.416784, 0.414777, -0.308726), p = (0.416784, 0.414777, -0.308726)
Body 1167: orig = (0.863097, 1.078507, 0.436731), p = (0.863097, 1.078507, 0.436731)
Body 1168: orig = (0.634479, 0.093552, 0.782350), p = (0.634479, 0.093552, 0.782350)
Body 1169: orig = (0.704712, 0.822870, 0.748881), p = (0.704712, 0.822870, 0.748881)
Body 1170: orig = (0.279917, 0.247626, 0.689112), p = (0.279917, 0.247626, 0.689112)
Body 1171: orig = (0.587613, 0.621667, 0.655899), p = (0.587613, 0.621667, 0.655899)
Body 1172: orig = (0.453370, 0.895364, 0.213558), p = (0.453370, 0.895364, 0.213558)
Body 1173: orig = (0.690145, 1.097621, 0.980925), p = (0.690145, 1.097621, 0.980925)
Body 1174: orig = (0.438961, -0.206922, 0.099244), p = (0.438961, -0.206922, 0.099244)
Body 1175: orig = (0.556769, 0.991632, 0.368655), p = (0.556769, 0.991632, 0.368655)
Body 1176: orig = (0.534117, -0.286956, 0.769216), p = (0.534117, -0.286956, 0.769216)
Body 1177: orig = (1.058325, 0.972786, 0.261362), p = (1.058325, 0.972786, 0.261362)
Body 1178: orig = (0.207299, 0.616889, 0.154486), p = (0.207299, 0.616889, 0.154486)
Body 1179: orig = (0.213909, 1.055230, 0.620218), p = (0.213909, 1.055230, 0.620218)
Body 1180: orig = (-0.010088, 0.913831, 0.559908), p = (-0.010088, 0.913831, 0.559908)
Body 1181: orig = (0.051005, 0.811543, 0.359634), p = (0.051005, 0.811543, 0.359634)
Body 1182: orig = (0.827360, 1.022229, 0.512574), p = (0.827360, 1.022229, 0.512574)
Body 1183: orig = (0.816145, -0.018215, 0.434887), p = (0.816145, -0.018215, 0.434887)
Body 1184: orig = (0.523326, 0.647733, 1.269572), p = (0.523326, 0.647733, 1.269572)
Body 1185: orig = (-0.335853, 0.571914, 0.574300), p = (-0.335853, 0.571914, 0.574300)
Body 1186: orig = (0.441416, 0.812257, 0.714145), p = (0.441416, 0.812257, 0.714145)
Body 1187: orig = (0.821114, 0.391331, 0.278819), p = (0.821114, 0.391331, 0.278819)
Body 1188: orig = (0.175935, 0.563237, -0.017467), p = (0.175935, 0.563237, -0.017467)
Body 1189: orig = (0.749071, 0.726720, 0.991502), p = (0.749071, 0.726720, 0.991502)
Body 1190: orig = (0.761694, 0.005011, 0.297736), p = (0.761694, 0.005011, 0.297736)
Body 1191: orig = (0.297758, 0.392439, 0.814311), p = (0.297758, 0.392439, 0.814311)
Body 1192: orig = (-0.018163, 0.508158, -0.174060), p = (-0.018163, 0.508158, -0.174060)
Body 1193: orig = (1.086280, 0.622371, 0.781600), p = (1.086280, 0.622371, 0.781600)
Body 1194: orig = (0.356147, 0.706823, 0.256987), p = (0.356147, 0.706823, 0.256987)
Body 1195: orig = (0.942060, 1.159674, 0.392618), p = (0.942060, 1.159674, 0.392618)
Body 1196: orig = (0.638373, -0.165506, 0.374716), p = (0.638373, -0.165506, 0.374716)
Body 1197: orig = (0.129698, 0.473994, 0.405481), p = (0.129698, 0.473994, 0.405481)
Body 1198: orig = (0.304856, -0.039495, 0.645789), p = (0.304856, -0.039495, 0.645789)
Body 1199: orig = (-0.066289, 0.981065, 0.587946), p = (-0.066289, 0.981065, 0.587946)
Body 1200: orig = (0.729023, -0.207051, 0.259702), p = (0.729023, -0.207051, 0.259702)
Body 1201: orig = (0.104191, 0.166207, 0.516565), p = (0.104191, 0.166207, 0.516565)
Body 1202: orig = (0.270561, 0.912477, 0.483467), p = (0.270561, 0.912477, 0.483467)
Body 1203: orig = (0.598399, 1.099356, 0.460856), p = (0.598399, 1.099356, 0.460856)
Body 1204: orig = (0.289794, -0.230671, 0.283732), p = (0.289794, -0.230671, 0.283732)
Body 1205: orig = (0.084172, 0.292453, 0.822003), p = (0.084172, 0.292453, 0.822003)
Body 1206: orig = (0.568299, 0.457559, 0.734536), p = (0.568299, 0.457559, 0.734536)
Body 1207: orig = (0.455896, 0.223002, 0.839460), p = (0.455896, 0.223002, 0.839460)
Body 1208: orig = (-0.424277, 0.612218, 0.542763), p = (-0.424277, 0.612218, 0.542763)
Body 1209: orig = (0.539777, 0.959183, 0.918538), p = (0.539777, 0.959183, 0.918538)
Body 1210: orig = (0.430018, 0.699781, 0.384518), p = (0.430018, 0.699781, 0.384518)
Body 1211: orig = (0.506284, 0.245512, -0.440068), p = (0.506284, 0.245512, -0.440068)
Body 1212: orig = (0.103498, 0.280998, 0.772571), p = (0.103498, 0.280998, 0.772571)
Body 1213: orig = (0.336856, -0.137815, 0.496581), p = (0.336856, -0.137815, 0.496581)
Body 1214: orig = (0.070009, 0.120443, 0.419338), p = (0.070009, 0.120443, 0.419338)
Body 1215: orig = (0.472011, -0.037691, 0.299002), p = (0.472011, -0.037691, 0.299002)
Body 1216: orig = (1.464300, 0.507244, 0.301616), p = (1.464300, 0.507244, 0.301616)
Body 1217: orig = (0.256739, 0.971637, 0.465924), p = (0.256739, 0.971637, 0.465924)
Body 1218: orig = (-0.231957, 0.738500, 0.604353), p = (-0.231957, 0.738500, 0.604353)
Body 1219: orig = (0.942639, 0.351614, 0.517299), p = (0.942639, 0.351614, 0.517299)
Body 1220: orig = (0.466039, 0.274300, 1.400773), p = (0.466039, 0.274300, 1.400773)
Body 1221: orig = (0.373475, 0.553344, 0.372372), p = (0.373475, 0.553344, 0.372372)
Body 1222: orig = (-0.193527, 0.231154, 0.543393), p = (-0.193527, 0.231154, 0.543393)
Body 1223: orig = (0.117711, 0.657094, 0.545897), p = (0.117711, 0.657094, 0.545897)
Body 1224: orig = (0.519382, 1.237981, 0.884515), p = (0.519382, 1.237981, 0.884515)
Body 1225: orig = (0.742888, 0.642843, -0.007023), p = (0.742888, 0.642843, -0.007023)
Body 1226: orig = (0.964782, 0.455325, 0.166061), p = (0.964782, 0.455325, 0.166061)
Body 1227: orig = (0.306738, 0.577566, 1.150961), p = (0.306738, 0.577566, 1.150961)
Body 1228: orig = (0.223231, 0.063079, 0.738510), p = (0.223231, 0.063079, 0.738510)
Body 1229: orig = (0.395596, -0.184217, 0.580125), p = (0.395596, -0.184217, 0.580125)
Body 1230: orig = (0.428873, 0.236027, 1.096152), p = (0.428873, 0.236027, 1.096152)
Body 1231: orig = (0.826672, 0.688607, 0.947377), p = (0.826672, 0.688607, 0.947377)
Body 1232: orig = (0.393501, 1.145948, 0.314373), p = (0.393501, 1.145948, 0.314373)
Body 1233: orig = (0.216827, 1.467981, 0.243200), p = (0.216827, 1.467981, 0.243200)
Body 1234: orig = (1.198670, 1.046185, 0.610758), p = (1.198670, 1.046185, 0.610758)
Body 1235: orig = (0.384014, -0.147954, 0.816915), p = (0.384014, -0.147954, 0.816915)
Body 1236: orig = (1.157132, -0.004349, 0.647982), p = (1.157132, -0.004349, 0.647982)
Body 1237: orig = (0.168913, 0.791070, -0.105644), p = (0.168913, 0.791070, -0.105644)
Body 1238: orig = (0.508629, 0.672046, 0.488221), p = (0.508629, 0.672046, 0.488221)
Body 1239: orig = (0.409535, -0.207560, 0.217672), p = (0.409535, -0.207560, 0.217672)
Body 1240: orig = (-0.107890, 0.195381, 0.572415), p = (-0.107890, 0.195381, 0.572415)
Body 1241: orig = (-0.027381, 0.998736, 0.456033), p = (-0.027381, 0.998736, 0.456033)
Body 1242: orig = (0.030497, 0.650707, 0.682520), p = (0.030497, 0.650707, 0.682520)
Body 1243: orig = (0.230617, 0.457012, 0.780650), p = (0.230617, 0.457012, 0.780650)
Body 1244: orig = (-0.573488, 0.481587, 0.521067), p = (-0.573488, 0.481587, 0.521067)
Body 1245: orig = (0.281091, 0.767092, -0.158529), p = (0.281091, 0.767092, -0.158529)
Body 1246: orig = (1.342521, 0.289950, 0.549306), p = (1.342521, 0.289950, 0.549306)
Body 1247: orig = (-0.003283, 0.408446, 0.474831), p = (-0.003283, 0.408446, 0.474831)
Body 1248: orig = (-0.286103, 0.056116, -1.366053), p = (-0.286103, 0.056116, -1.366053)
Body 1249: orig = (0.213144, 0.420074, 0.749763), p = (0.213144, 0.420074, 0.749763)
Body 1250: orig = (0.437422, 1.071084, 0.068958), p = (0.437422, 1.071084, 0.068958)
Body 1251: orig = (0.302797, 0.175163, 0.570098), p = (0.302797, 0.175163, 0.570098)
Body 1252: orig = (0.750051, 0.311520, 0.735468), p = (0.750051, 0.311520, 0.735468)
Body 1253: orig = (-0.560418, 0.994895, 1.919309), p = (-0.560418, 0.994895, 1.919309)
Body 1254: orig = (1.130577, 0.027258, 0.325792), p = (1.130577, 0.027258, 0.325792)
Body 1255: orig = (0.302153, 0.899298, 0.763625), p = (0.302153, 0.899298, 0.763625)
Body 1256: orig = (0.223982, 0.369248, 0.201329), p = (0.223982, 0.369248, 0.201329)
Body 1257: orig = (0.905708, -0.169957, 0.441561), p = (0.905708, -0.169957, 0.441561)
Body 1258: orig = (0.391207, 0.303640, 1.197139), p = (0.391207, 0.303640, 1.197139)
Body 1259: orig = (0.890336, 0.392214, 0.041932), p = (0.890336, 0.392214, 0.041932)
Body 1260: orig = (0.645007, 0.613746, -0.104987), p = (0.645007, 0.613746, -0.104987)
Body 1261: orig = (0.360439, 0.397825, 0.752189), p = (0.360439, 0.397825, 0.752189)
Body 1262: orig = (0.692920, 0.971102, 0.867181), p = (0.692920, 0.971102, 0.867181)
Body 1263: orig = (0.712406, -0.154589, 0.528117), p = (0.712406, -0.154589, 0.528117)
Body 1264: orig = (0.285562, 0.519813, 1.085003), p = (0.285562, 0.519813, 1.085003)
Body 1265: orig = (-0.363877, 0.037578, 0.470085), p = (-0.363877, 0.037578, 0.470085)
Body 1266: orig = (0.573693, 0.373096, -0.225673), p = (0.573693, 0.373096, -0.225673)
Body 1267: orig = (-0.042081, 0.614444, 1.305084), p = (-0.042081, 0.614444, 1.305084)
Body 1268: orig = (1.111625, 0.797979, 0.361695), p = (1.111625, 0.797979, 0.361695)
Body 1269: orig = (0.373186, 0.500765, -0.118671), p = (0.373186, 0.500765, -0.118671)
Body 1270: orig = (0.176201, 0.287754, 0.268622), p = (0.176201, 0.287754, 0.268622)
Body 1271: orig = (0.438095, 1.253232, 0.844889), p = (0.438095, 1.253232, 0.844889)
Body 1272: orig = (0.768573, 0.733509, 0.861462), p = (0.768573, 0.733509, 0.861462)
Body 1273: orig = (1.949928, -0.313586, -1.534629), p = (1.949928, -0.313586, -1.534629)
Body 1274: orig = (0.542212, -0.014987, 0.939067), p = (0.542212, -0.014987, 0.939067)
Body 1275: orig = (1.477236, 0.607272, 0.590048), p = (1.477236, 0.607272, 0.590048)
Body 1276: orig = (1.143292, 0.860096, 0.464284), p = (1.143292, 0.860096, 0.464284)
Body 1277: orig = (0.593823, 0.743737, 0.423746), p = (0.593823, 0.743737, 0.423746)
Body 1278: orig = (0.393206, 0.769984, 0.642007), p = (0.393206, 0.769984, 0.642007)
Body 1279: orig = (0.915408, 0.812247, 0.713396), p = (0.915408, 0.812247, 0.713396)
Body 1280: orig = (0.698459, 0.703152, 0.135552), p = (0.698459, 0.703152, 0.135552)
Body 1281: orig = (0.330655, 0.277046, 0.819769), p = (0.330655, 0.277046, 0.819769)
Body 1282: orig = (0.033946, 0.377922, 0.062130), p = (0.033946, 0.377922, 0.062130)
Body 1283: orig = (0.663812, 0.534860, -0.266971), p = (0.663812, 0.534860, -0.266971)
Body 1284: orig = (-0.058843, 0.406990, 0.849344), p = (-0.058843, 0.406990, 0.849344)
Body 1285: orig = (0.300599, 1.016971, 0.699518), p = (0.300599, 1.016971, 0.699518)
Body 1286: orig = (1.025431, 0.102556, 0.349845), p = (1.025431, 0.102556, 0.349845)
Body 1287: orig = (0.571544, 0.597112, 1.346061), p = (0.571544, 0.597112, 1.346061)
Body 1288: orig = (0.752072, 1.154141, 0.253995), p = (0.752072, 1.154141, 0.253995)
Body 1289: orig = (0.854592, 0.521269, 0.550673), p = (0.854592, 0.521269, 0.550673)
Body 1290: orig = (1.151610, 0.599003, 1.025380), p = (1.151610, 0.599003, 1.025380)
Body 1291: orig = (0.413086, -0.226358, 0.694312), p = (0.413086, -0.226358, 0.694312)
Body 1292: orig = (0.583285, 0.607538, 0.594877), p = (0.583285, 0.607538, 0.594877)
Body 1293: orig = (0.899256, 1.095090, 0.559161), p = (0.899256, 1.095090, 0.559161)
Body 1294: orig = (1.143657, 1.146737, 0.479419), p = (1.143657, 1.146737, 0.479419)
Body 1295: orig = (0.385970, 0.243612, 0.761542), p = (0.385970, 0.243612, 0.761542)
Body 1296: orig = (-0.021203, 0.400114, -0.526452), p = (-0.021203, 0.400114, -0.526452)
Body 1297: orig = (0.082458, 0.434431, 0.327594), p = (0.082458, 0.434431, 0.327594)
Body 1298: orig = (2.608756, 1.122372, 0.756285), p = (2.608756, 1.122372, 0.756285)
Body 1299: orig = (0.542288, 0.191457, -0.121796), p = (0.542288, 0.191457, -0.121796)
Body 1300: orig = (0.838532, 0.708888, 0.081293), p = (0.838532, 0.708888, 0.081293)
Body 1301: orig = (0.460165, 0.402110, 0.556192), p = (0.460165, 0.402110, 0.556192)
Body 1302: orig = (0.205921, 0.657451, 0.283291), p = (0.205921, 0.657451, 0.283291)
Body 1303: orig = (0.916477, 0.292841, 0.437726), p = (0.916477, 0.292841, 0.437726)
Body 1304: orig = (-0.183294, 0.932024, 0.725581), p = (-0.183294, 0.932024, 0.725581)
Body 1305: orig = (0.283447, 1.015341, 0.148826), p = (0.283447, 1.015341, 0.148826)
Body 1306: orig = (0.837153, 0.651691, -0.088926), p = (0.837153, 0.651691, -0.088926)
Body 1307: orig = (0.484471, 0.633048, -0.212076), p = (0.484471, 0.633048, -0.212076)
Body 1308: orig = (0.328708, -0.318791, 0.515024), p = (0.328708, -0.318791, 0.515024)
Body 1309: orig = (0.308249, 0.424589, 1.386090), p = (0.308249, 0.424589, 1.386090)
Body 1310: orig = (0.497286, 0.528218, 0.108284), p = (0.497286, 0.528218, 0.108284)
Body 1311: orig = (0.354028, 0.260492, 0.642025), p = (0.354028, 0.260492, 0.642025)
Body 1312: orig = (0.238279, -0.220143, 0.526198), p = (0.238279, -0.220143, 0.526198)
Body 1313: orig = (0.351366, 1.475288, 0.744001), p = (0.351366, 1.475288, 0.744001)
Body 1314: orig = (0.578364, 0.319899, 0.251573), p = (0.578364, 0.319899, 0.251573)
Body 1315: orig = (0.532580, 0.629452, 0.683736), p = (0.532580, 0.629452, 0.683736)
Body 1316: orig = (0.752756, 1.818239, -0.275398), p = (0.752756, 1.818239, -0.275398)
Body 1317: orig = (0.749104, 0.609162, 0.644868), p = (0.749104, 0.609162, 0.644868)
Body 1318: orig = (1.160810, 0.447284, 0.348651), p = (1.160810, 0.447284, 0.348651)
Body 1319: orig = (0.856632, 1.376432, 0.690044), p = (0.856632, 1.376432, 0.690044)
Body 1320: orig = (0.466346, 0.392965, 1.427286), p = (0.466346, 0.392965, 1.427286)
Body 1321: orig = (0.200671, 0.742605, -0.034467), p = (0.200671, 0.742605, -0.034467)
Body 1322: orig = (-0.189047, 0.796793, 0.535690), p = (-0.189047, 0.796793, 0.535690)
Body 1323: orig = (0.062234, 0.462272, 0.372368), p = (0.062234, 0.462272, 0.372368)
Body 1324: orig = (1.298387, 0.645153, 0.442251), p = (1.298387, 0.645153, 0.442251)
Body 1325: orig = (0.447635, 0.358947, 1.084473), p = (0.447635, 0.358947, 1.084473)
Body 1326: orig = (1.325952, 1.262548, -0.161908), p = (1.325952, 1.262548, -0.161908)
Body 1327: orig = (0.999647, 0.227294, 0.480706), p = (0.999647, 0.227294, 0.480706)
Body 1328: orig = (0.930212, 0.536781, 1.010318), p = (0.930212, 0.536781, 1.010318)
Body 1329: orig = (0.298889, 0.483026, 0.652790), p = (0.298889, 0.483026, 0.652790)
Body 1330: orig = (-0.041375, 0.678846, 0.450627), p = (-0.041375, 0.678846, 0.450627)
Body 1331: orig = (-0.039527, 0.597440, -0.060254), p = (-0.039527, 0.597440, -0.060254)
Body 1332: orig = (-0.023120, 0.388163, 0.265207), p = (-0.023120, 0.388163, 0.265207)
Body 1333: orig = (0.769128, 0.404371, 1.114354), p = (0.769128, 0.404371, 1.114354)
Body 1334: orig = (1.162245, 0.521576, 0.476159), p = (1.162245, 0.521576, 0.476159)
Body 1335: orig = (0.497905, -0.373966, 0.618615), p = (0.497905, -0.373966, 0.618615)
Body 1336: orig = (0.329157, 0.287845, 0.026526), p = (0.329157, 0.287845, 0.026526)
Body 1337: orig = (0.622576, 0.353223, 0.938496), p = (0.622576, 0.353223, 0.938496)
Body 1338: orig = (-0.167052, 0.798401, 0.601104), p = (-0.167052, 0.798401, 0.601104)
Body 1339: orig = (0.766078, 0.118132, 0.447279), p = (0.766078, 0.118132, 0.447279)
Body 1340: orig = (0.515091, 0.596707, 0.533223), p = (0.515091, 0.596707, 0.533223)
Body 1341: orig = (0.144599, 0.774189, 0.097201), p = (0.144599, 0.774189, 0.097201)
Body 1342: orig = (0.140557, 0.304523, 0.110980), p = (0.140557, 0.304523, 0.110980)
Body 1343: orig = (-0.525775, 1.631905, 1.176701), p = (-0.525775, 1.631905, 1.176701)
Body 1344: orig = (0.345077, 0.117913, 0.720766), p = (0.345077, 0.117913, 0.720766)
Body 1345: orig = (1.240015, 0.512903, 0.844316), p = (1.240015, 0.512903, 0.844316)
Body 1346: orig = (0.439339, 0.376107, 0.804946), p = (0.439339, 0.376107, 0.804946)
Body 1347: orig = (0.026096, 0.445230, 0.501070), p = (0.026096, 0.445230, 0.501070)
Body 1348: orig = (1.072678, 0.829972, 0.194136), p = (1.072678, 0.829972, 0.194136)
Body 1349: orig = (0.601251, 0.397831, 0.453551), p = (0.601251, 0.397831, 0.453551)
Body 1350: orig = (-0.022578, 0.078785, 0.625546), p = (-0.022578, 0.078785, 0.625546)
Body 1351: orig = (0.701841, 0.419074, -0.406017), p = (0.701841, 0.419074, -0.406017)
Body 1352: orig = (-0.059963, 0.608839, 0.481380), p = (-0.059963, 0.608839, 0.481380)
Body 1353: orig = (-0.407762, 0.937607, -0.736642), p = (-0.407762, 0.937607, -0.736642)
Body 1354: orig = (0.438549, 0.964863, 0.178744), p = (0.438549, 0.964863, 0.178744)
Body 1355: orig = (0.947490, 0.590723, 0.272379), p = (0.947490, 0.590723, 0.272379)
Body 1356: orig = (0.614758, 1.273808, 0.578620), p = (0.614758, 1.273808, 0.578620)
Body 1357: orig = (0.817269, 0.784040, 0.635662), p = (0.817269, 0.784040, 0.635662)
Body 1358: orig = (0.457942, 0.724422, 0.503272), p = (0.457942, 0.724422, 0.503272)
Body 1359: orig = (0.716466, 0.421877, 0.018796), p = (0.716466, 0.421877, 0.018796)
Body 1360: orig = (0.772365, 0.292609, 0.149693), p = (0.772365, 0.292609, 0.149693)
Body 1361: orig = (0.365152, 0.313834, 0.773008), p = (0.365152, 0.313834, 0.773008)
Body 1362: orig = (0.947288, -0.133769, 0.949113), p = (0.947288, -0.133769, 0.949113)
Body 1363: orig = (0.720171, 0.176807, 0.450514), p = (0.720171, 0.176807, 0.450514)
Body 1364: orig = (1.222639, 0.008416, 0.240664), p = (1.222639, 0.008416, 0.240664)
Body 1365: orig = (0.485267, 0.081459, 0.657066), p = (0.485267, 0.081459, 0.657066)
Body 1366: orig = (0.472503, 0.370396, 0.965710), p = (0.472503, 0.370396, 0.965710)
Body 1367: orig = (0.390631, 0.174031, 0.639905), p = (0.390631, 0.174031, 0.639905)
Body 1368: orig = (0.211357, 1.234337, -0.387787), p = (0.211357, 1.234337, -0.387787)
Body 1369: orig = (0.327529, 0.709600, 0.439036), p = (0.327529, 0.709600, 0.439036)
Body 1370: orig = (0.467044, 1.042919, 1.072037), p = (0.467044, 1.042919, 1.072037)
Body 1371: orig = (0.140102, 0.844220, 1.076335), p = (0.140102, 0.844220, 1.076335)
Body 1372: orig = (0.410656, 0.178350, 0.749396), p = (0.410656, 0.178350, 0.749396)
Body 1373: orig = (0.962496, 0.661637, 0.111812), p = (0.962496, 0.661637, 0.111812)
Body 1374: orig = (0.610169, 1.026465, 0.751079), p = (0.610169, 1.026465, 0.751079)
Body 1375: orig = (0.681738, 0.234815, 1.115875), p = (0.681738, 0.234815, 1.115875)
Body 1376: orig = (0.999840, -0.036212, 0.529356), p = (0.999840, -0.036212, 0.529356)
Body 1377: orig = (0.492509, 0.550281, 0.500713), p = (0.492509, 0.550281, 0.500713)
Body 1378: orig = (0.407318, 0.632414, 0.433887), p = (0.407318, 0.632414, 0.433887)
Body 1379: orig = (0.595574, -0.345920, 0.366457), p = (0.595574, -0.345920, 0.366457)
Body 1380: orig = (0.386688, 0.799571, -0.063030), p = (0.386688, 0.799571, -0.063030)
Body 1381: orig = (0.223910, 0.761474, 1.023514), p = (0.223910, 0.761474, 1.023514)
Body 1382: orig = (0.062201, 0.340763, 0.315828), p = (0.062201, 0.340763, 0.315828)
Body 1383: orig = (0.846481, 0.315724, 0.073671), p = (0.846481, 0.315724, 0.073671)
Body 1384: orig = (-0.317933, 0.698910, 0.491843), p = (-0.317933, 0.698910, 0.491843)
Body 1385: orig = (0.617185, -0.491291, 0.512033), p = (0.617185, -0.491291, 0.512033)
Body 1386: orig = (0.087683, -0.153668, 0.398457), p = (0.087683, -0.153668, 0.398457)
Body 1387: orig = (0.268963, 0.562850, -0.292017), p = (0.268963, 0.562850, -0.292017)
Body 1388: orig = (0.514027, 0.453307, 1.164166), p = (0.514027, 0.453307, 1.164166)
Body 1389: orig = (0.866922, 0.492439, 0.310388), p = (0.866922, 0.492439, 0.310388)
Body 1390: orig = (0.027558, 0.234477, 0.636007), p = (0.027558, 0.234477, 0.636007)
Body 1391: orig = (0.518985, 0.789313, -0.200787), p = (0.518985, 0.789313, -0.200787)
Body 1392: orig = (-0.049509, 0.308792, 0.772011), p = (-0.049509, 0.308792, 0.772011)
Body 1393: orig = (1.080174, 0.323871, 0.649580), p = (1.080174, 0.323871, 0.649580)
Body 1394: orig = (0.520612, -0.001826, 0.941828), p = (0.520612, -0.001826, 0.941828)
Body 1395: orig = (1.180396, 0.154454, 0.382452), p = (1.180396, 0.154454, 0.382452)
Body 1396: orig = (0.372159, -0.050042, 0.410042), p = (0.372159, -0.050042, 0.410042)
Body 1397: orig = (0.472577, -0.052379, 0.318931), p = (0.472577, -0.052379, 0.318931)
Body 1398: orig = (0.292385, -0.172891, 0.493911), p = (0.292385, -0.172891, 0.493911)
Body 1399: orig = (0.721111, 0.318772, -0.068453), p = (0.721111, 0.318772, -0.068453)
Body 1400: orig = (0.914643, 0.324738, 0.946540), p = (0.914643, 0.324738, 0.946540)
Body 1401: orig = (1.278842, 0.183972, 0.264641), p = (1.278842, 0.183972, 0.264641)
Body 1402: orig = (0.257456, 0.288581, 0.687632), p = (0.257456, 0.288581, 0.687632)
Body 1403: orig = (-0.176300, 0.607975, 0.593328), p = (-0.176300, 0.607975, 0.593328)
Body 1404: orig = (0.364080, 0.189586, 0.110497), p = (0.364080, 0.189586, 0.110497)
Body 1405: orig = (0.338012, -0.234432, 0.364707), p = (0.338012, -0.234432, 0.364707)
Body 1406: orig = (0.311316, -0.031087, 0.234130), p = (0.311316, -0.031087, 0.234130)
Body 1407: orig = (0.317627, 0.524955, 0.683040), p = (0.317627, 0.524955, 0.683040)
Body 1408: orig = (0.058027, 0.950729, 0.845194), p = (0.058027, 0.950729, 0.845194)
Body 1409: orig = (0.073105, 0.199668, 0.608622), p = (0.073105, 0.199668, 0.608622)
Body 1410: orig = (0.850742, 0.007521, 0.121476), p = (0.850742, 0.007521, 0.121476)
Body 1411: orig = (0.496254, -0.149715, 0.323368), p = (0.496254, -0.149715, 0.323368)
Body 1412: orig = (0.328303, -0.071850, 0.518070), p = (0.328303, -0.071850, 0.518070)
Body 1413: orig = (0.154051, 0.561163, 0.510270), p = (0.154051, 0.561163, 0.510270)
Body 1414: orig = (1.093441, 0.530882, 0.078679), p = (1.093441, 0.530882, 0.078679)
Body 1415: orig = (0.759553, 0.077118, 1.030947), p = (0.759553, 0.077118, 1.030947)
Body 1416: orig = (0.769719, 0.720668, -0.006705), p = (0.769719, 0.720668, -0.006705)
Body 1417: orig = (0.271892, 0.688856, 0.435584), p = (0.271892, 0.688856, 0.435584)
Body 1418: orig = (0.367169, 0.352619, 0.912204), p = (0.367169, 0.352619, 0.912204)
Body 1419: orig = (0.490317, 0.244118, 1.297125), p = (0.490317, 0.244118, 1.297125)
Body 1420: orig = (0.284671, 1.436099, 0.371921), p = (0.284671, 1.436099, 0.371921)
Body 1421: orig = (0.306583, 0.046410, 0.343402), p = (0.306583, 0.046410, 0.343402)
Body 1422: orig = (0.252021, 0.868550, -0.146851), p = (0.252021, 0.868550, -0.146851)
Body 1423: orig = (0.180954, 0.050736, 0.512768), p = (0.180954, 0.050736, 0.512768)
Body 1424: orig = (0.657079, 0.564198, 0.069951), p = (0.657079, 0.564198, 0.069951)
Body 1425: orig = (1.038270, 0.647825, 0.591042), p = (1.038270, 0.647825, 0.591042)
Body 1426: orig = (-0.327650, 0.493282, 0.537399), p = (-0.327650, 0.493282, 0.537399)
Body 1427: orig = (0.428837, 0.526238, 1.302350), p = (0.428837, 0.526238, 1.302350)
Body 1428: orig = (0.250458, 0.507210, -0.254036), p = (0.250458, 0.507210, -0.254036)
Body 1429: orig = (0.461812, 0.950756, 0.457993), p = (0.461812, 0.950756, 0.457993)
Body 1430: orig = (-0.511808, 0.469954, 0.646303), p = (-0.511808, 0.469954, 0.646303)
Body 1431: orig = (0.561947, 0.097905, 0.305685), p = (0.561947, 0.097905, 0.305685)
Body 1432: orig = (0.231920, 0.746599, 0.784272), p = (0.231920, 0.746599, 0.784272)
Body 1433: orig = (-0.194138, 0.447881, 0.986665), p = (-0.194138, 0.447881, 0.986665)
Body 1434: orig = (0.486663, 0.640528, 1.183609), p = (0.486663, 0.640528, 1.183609)
Body 1435: orig = (-0.053877, 0.423705, 1.268981), p = (-0.053877, 0.423705, 1.268981)
Body 1436: orig = (-0.575956, 2.881168, 2.733596), p = (-0.575956, 2.881168, 2.733596)
Body 1437: orig = (0.202279, -0.109986, 0.587357), p = (0.202279, -0.109986, 0.587357)
Body 1438: orig = (-0.293879, 0.336939, 0.319829), p = (-0.293879, 0.336939, 0.319829)
Body 1439: orig = (1.145077, 0.605185, 0.063836), p = (1.145077, 0.605185, 0.063836)
Body 1440: orig = (0.733163, 0.635318, -0.261068), p = (0.733163, 0.635318, -0.261068)
Body 1441: orig = (0.323008, 1.091436, 0.611307), p = (0.323008, 1.091436, 0.611307)
Body 1442: orig = (1.349788, 0.511948, 0.099074), p = (1.349788, 0.511948, 0.099074)
Body 1443: orig = (0.629126, -0.294813, 0.354866), p = (0.629126, -0.294813, 0.354866)
Body 1444: orig = (0.857828, 0.823478, 0.669474), p = (0.857828, 0.823478, 0.669474)
Body 1445: orig = (0.638359, 1.253081, 0.325882), p = (0.638359, 1.253081, 0.325882)
Body 1446: orig = (0.646145, 1.100534, 0.545703), p = (0.646145, 1.100534, 0.545703)
Body 1447: orig = (0.454232, -0.014806, 0.273205), p = (0.454232, -0.014806, 0.273205)
Body 1448: orig = (0.630978, 0.397534, 0.655084), p = (0.630978, 0.397534, 0.655084)
Body 1449: orig = (0.520657, 0.670801, 0.162458), p = (0.520657, 0.670801, 0.162458)
Body 1450: orig = (0.853424, 0.759491, 0.310928), p = (0.853424, 0.759491, 0.310928)
Body 1451: orig = (1.431059, 0.312388, 0.711912), p = (1.431059, 0.312388, 0.711912)
Body 1452: orig = (0.566720, 0.743712, 0.033205), p = (0.566720, 0.743712, 0.033205)
Body 1453: orig = (0.458574, 0.291060, -0.352694), p = (0.458574, 0.291060, -0.352694)
Body 1454: orig = (-1.412723, 0.402972, 0.262735), p = (-1.412723, 0.402972, 0.262735)
Body 1455: orig = (1.055703, 0.982453, 0.765981), p = (1.055703, 0.982453, 0.765981)
Body 1456: orig = (0.336781, 0.908436, 0.567127), p = (0.336781, 0.908436, 0.567127)
Body 1457: orig = (0.855844, 1.448907, 0.628347), p = (0.855844, 1.448907, 0.628347)
Body 1458: orig = (1.167371, 0.500553, 0.446778), p = (1.167371, 0.500553, 0.446778)
Body 1459: orig = (1.479315, 0.473308, 0.523984), p = (1.479315, 0.473308, 0.523984)
Body 1460: orig = (0.641425, 0.507869, 0.773441), p = (0.641425, 0.507869, 0.773441)
Body 1461: orig = (0.285427, 0.425679, 0.535036), p = (0.285427, 0.425679, 0.535036)
Body 1462: orig = (-0.033271, -0.397786, 0.585271), p = (-0.033271, -0.397786, 0.585271)
Body 1463: orig = (0.113159, 0.551828, 1.078975), p = (0.113159, 0.551828, 1.078975)
Body 1464: orig = (0.808423, 0.165572, 0.925088), p = (0.808423, 0.165572, 0.925088)
Body 1465: orig = (0.308467, 0.553668, 0.860949), p = (0.308467, 0.553668, 0.860949)
Body 1466: orig = (0.732358, 0.605317, 0.708088), p = (0.732358, 0.605317, 0.708088)
Body 1467: orig = (0.875474, 0.437550, 0.693315), p = (0.875474, 0.437550, 0.693315)
Body 1468: orig = (0.703955, 0.545817, 0.167797), p = (0.703955, 0.545817, 0.167797)
Body 1469: orig = (0.530454, 0.779796, 1.391174), p = (0.530454, 0.779796, 1.391174)
Body 1470: orig = (0.950804, 0.983391, 0.397378), p = (0.950804, 0.983391, 0.397378)
Body 1471: orig = (1.006325, 0.733860, -0.108979), p = (1.006325, 0.733860, -0.108979)
Body 1472: orig = (-0.263252, 0.875589, 0.266890), p = (-0.263252, 0.875589, 0.266890)
Body 1473: orig = (0.067598, 0.352132, 0.550157), p = (0.067598, 0.352132, 0.550157)
Body 1474: orig = (0.752739, 0.811774, 0.717929), p = (0.752739, 0.811774, 0.717929)
Body 1475: orig = (0.751379, 0.784198, 0.765561), p = (0.751379, 0.784198, 0.765561)
Body 1476: orig = (0.460271, 1.390363, 0.660764), p = (0.460271, 1.390363, 0.660764)
Body 1477: orig = (-0.378338, 2.601634, 1.149679), p = (-0.378338, 2.601634, 1.149679)
Body 1478: orig = (0.311853, 0.923311, 0.161233), p = (0.311853, 0.923311, 0.161233)
Body 1479: orig = (1.012905, 0.695014, 0.592722), p = (1.012905, 0.695014, 0.592722)
Body 1480: orig = (0.217990, 0.216299, 0.287130), p = (0.217990, 0.216299, 0.287130)
Body 1481: orig = (0.184033, 0.377255, 0.659229), p = (0.184033, 0.377255, 0.659229)
Body 1482: orig = (0.182244, 0.403042, -0.121555), p = (0.182244, 0.403042, -0.121555)
Body 1483: orig = (-0.051886, 0.387292, 0.825291), p = (-0.051886, 0.387292, 0.825291)
Body 1484: orig = (0.253323, 0.713363, -0.171974), p = (0.253323, 0.713363, -0.171974)
Body 1485: orig = (0.810931, 0.185189, 0.640832), p = (0.810931, 0.185189, 0.640832)
Body 1486: orig = (0.275902, 0.728184, 0.924085), p = (0.275902, 0.728184, 0.924085)
Body 1487: orig = (0.733669, 0.746949, 0.291379), p = (0.733669, 0.746949, 0.291379)
Body 1488: orig = (0.576203, 1.398514, 0.235601), p = (0.576203, 1.398514, 0.235601)
Body 1489: orig = (0.528217, 0.572992, 0.402841), p = (0.528217, 0.572992, 0.402841)
Body 1490: orig = (0.149581, 0.506748, 0.098062), p = (0.149581, 0.506748, 0.098062)
Body 1491: orig = (0.690495, 1.022056, 0.560767), p = (0.690495, 1.022056, 0.560767)
Body 1492: orig = (0.283035, -0.340469, 0.559497), p = (0.283035, -0.340469, 0.559497)
Body 1493: orig = (0.916789, 0.776813, 0.931396), p = (0.916789, 0.776813, 0.931396)
Body 1494: orig = (0.530989, -0.306205, 0.662804), p = (0.530989, -0.306205, 0.662804)
Body 1495: orig = (0.237634, 0.574318, -0.143817), p = (0.237634, 0.574318, -0.143817)
Body 1496: orig = (0.189232, 0.195641, 0.315699), p = (0.189232, 0.195641, 0.315699)
Body 1497: orig = (0.227160, 0.810106, 1.228537), p = (0.227160, 0.810106, 1.228537)
Body 1498: orig = (0.413384, -0.244919, 0.412683), p = (0.413384, -0.244919, 0.412683)
Body 1499: orig = (0.682039, -0.199090, 0.162479), p = (0.682039, -0.199090, 0.162479)
Body 1500: orig = (1.241174, 0.223437, 0.547286), p = (1.241174, 0.223437, 0.547286)
Body 1501: orig = (1.289262, 0.378979, 0.706484), p = (1.289262, 0.378979, 0.706484)
Body 1502: orig = (0.469312, 0.613425, 0.883729), p = (0.469312, 0.613425, 0.883729)
Body 1503: orig = (0.286048, 0.467614, -0.178008), p = (0.286048, 0.467614, -0.178008)
Body 1504: orig = (0.499149, 0.434959, 1.154224), p = (0.499149, 0.434959, 1.154224)
Body 1505: orig = (0.026075, 0.354597, 0.210562), p = (0.026075, 0.354597, 0.210562)
Body 1506: orig = (0.478530, 0.055393, 0.321967), p = (0.478530, 0.055393, 0.321967)
Body 1507: orig = (0.585435, 0.667771, 1.457515), p = (0.585435, 0.667771, 1.457515)
Body 1508: orig = (0.258233, 0.928895, 0.289749), p = (0.258233, 0.928895, 0.289749)
Body 1509: orig = (0.512154, 0.955743, 0.441997), p = (0.512154, 0.955743, 0.441997)
Body 1510: orig = (0.116226, 0.405012, 0.510282), p = (0.116226, 0.405012, 0.510282)
Body 1511: orig = (0.494462, 0.150922, 0.944413), p = (0.494462, 0.150922, 0.944413)
Body 1512: orig = (1.128513, 0.764042, 0.465477), p = (1.128513, 0.764042, 0.465477)
Body 1513: orig = (0.399275, 0.270391, 0.755671), p = (0.399275, 0.270391, 0.755671)
Body 1514: orig = (0.338171, 0.561850, 0.514388), p = (0.338171, 0.561850, 0.514388)
Body 1515: orig = (0.739769, 1.202767, 0.221895), p = (0.739769, 1.202767, 0.221895)
Body 1516: orig = (0.096805, -0.044602, 0.282401), p = (0.096805, -0.044602, 0.282401)
Body 1517: orig = (0.233533, 0.003421, 0.815418), p = (0.233533, 0.003421, 0.815418)
Body 1518: orig = (0.122475, 0.005741, 0.498820), p = (0.122475, 0.005741, 0.498820)
Body 1519: orig = (0.913378, 0.700074, 0.588280), p = (0.913378, 0.700074, 0.588280)
Body 1520: orig = (0.175684, 1.079030, 0.768812), p = (0.175684, 1.079030, 0.768812)
Body 1521: orig = (0.416783, 0.452617, 1.051923), p = (0.416783, 0.452617, 1.051923)
Body 1522: orig = (0.210939, 0.186661, 0.992107), p = (0.210939, 0.186661, 0.992107)
Body 1523: orig = (0.562283, 0.868315, -0.282599), p = (0.562283, 0.868315, -0.282599)
Body 1524: orig = (0.156182, 0.886943, 0.245722), p = (0.156182, 0.886943, 0.245722)
Body 1525: orig = (0.280980, 1.200392, 0.839915), p = (0.280980, 1.200392, 0.839915)
Body 1526: orig = (0.125319, 0.195802, 1.037501), p = (0.125319, 0.195802, 1.037501)
Body 1527: orig = (0.760695, 0.708383, 0.664564), p = (0.760695, 0.708383, 0.664564)
Body 1528: orig = (1.356132, 0.676095, 0.428588), p = (1.356132, 0.676095, 0.428588)
Body 1529: orig = (0.567808, 0.758928, 0.170654), p = (0.567808, 0.758928, 0.170654)
Body 1530: orig = (1.069009, 0.497886, 0.456354), p = (1.069009, 0.497886, 0.456354)
Body 1531: orig = (0.373209, 0.892425, 0.822710), p = (0.373209, 0.892425, 0.822710)
Body 1532: orig = (0.493781, 0.878736, -0.060746), p = (0.493781, 0.878736, -0.060746)
Body 1533: orig = (0.386793, -0.079852, 0.157305), p = (0.386793, -0.079852, 0.157305)
Body 1534: orig = (0.377624, 1.047519, 0.357528), p = (0.377624, 1.047519, 0.357528)
Body 1535: orig = (-0.020334, 7.688951, 1.720010), p = (-0.020334, 7.688951, 1.720010)
Body 1536: orig = (0.434151, 0.842296, 1.223746), p = (0.434151, 0.842296, 1.223746)
Body 1537: orig = (0.522381, 1.358600, 0.551050), p = (0.522381, 1.358600, 0.551050)
Body 1538: orig = (0.534369, 1.183884, 0.736060), p = (0.534369, 1.183884, 0.736060)
Body 1539: orig = (0.361215, 0.332546, 0.940494), p = (0.361215, 0.332546, 0.940494)
Body 1540: orig = (1.380695, 0.529648, 1.182918), p = (1.380695, 0.529648, 1.182918)
Body 1541: orig = (-0.193457, 0.421592, 0.307407), p = (-0.193457, 0.421592, 0.307407)
Body 1542: orig = (0.559485, -0.188194, 0.114846), p = (0.559485, -0.188194, 0.114846)
Body 1543: orig = (0.776413, 0.220877, 0.293414), p = (0.776413, 0.220877, 0.293414)
Body 1544: orig = (0.730277, 1.270106, 0.488085), p = (0.730277, 1.270106, 0.488085)
Body 1545: orig = (0.743007, 0.629883, 1.002469), p = (0.743007, 0.629883, 1.002469)
Body 1546: orig = (0.617083, -0.095086, 0.617338), p = (0.617083, -0.095086, 0.617338)
Body 1547: orig = (0.819524, 0.488172, 0.599324), p = (0.819524, 0.488172, 0.599324)
Body 1548: orig = (0.694935, 0.507096, 0.723444), p = (0.694935, 0.507096, 0.723444)
Body 1549: orig = (0.901114, 0.054395, 0.544717), p = (0.901114, 0.054395, 0.544717)
Body 1550: orig = (0.331599, 0.465015, -0.352075), p = (0.331599, 0.465015, -0.352075)
Body 1551: orig = (0.239577, 1.006988, 0.484249), p = (0.239577, 1.006988, 0.484249)
Body 1552: orig = (0.074811, 0.993718, 0.259764), p = (0.074811, 0.993718, 0.259764)
Body 1553: orig = (0.722009, 0.978370, 0.375144), p = (0.722009, 0.978370, 0.375144)
Body 1554: orig = (1.223679, 0.649414, 0.486679), p = (1.223679, 0.649414, 0.486679)
Body 1555: orig = (0.279117, 0.642678, 1.033830), p = (0.279117, 0.642678, 1.033830)
Body 1556: orig = (0.504553, 0.757173, 0.266513), p = (0.504553, 0.757173, 0.266513)
Body 1557: orig = (0.634873, 1.285774, 0.650178), p = (0.634873, 1.285774, 0.650178)
Body 1558: orig = (0.011426, 0.300710, 0.290193), p = (0.011426, 0.300710, 0.290193)
Body 1559: orig = (0.315775, 0.557307, -0.365892), p = (0.315775, 0.557307, -0.365892)
Body 1560: orig = (0.648835, -0.217255, 0.594332), p = (0.648835, -0.217255, 0.594332)
Body 1561: orig = (0.713388, 1.299516, 0.623007), p = (0.713388, 1.299516, 0.623007)
Body 1562: orig = (-0.415077, 0.550633, 0.653934), p = (-0.415077, 0.550633, 0.653934)
Body 1563: orig = (0.660949, -0.261053, 0.560713), p = (0.660949, -0.261053, 0.560713)
Body 1564: orig = (0.807455, 1.101629, 0.272315), p = (0.807455, 1.101629, 0.272315)
Body 1565: orig = (0.840510, -0.033921, 0.399534), p = (0.840510, -0.033921, 0.399534)
Body 1566: orig = (-0.209739, -0.508888, 1.484413), p = (-0.209739, -0.508888, 1.484413)
Body 1567: orig = (-0.333484, 0.285763, 0.624204), p = (-0.333484, 0.285763, 0.624204)
Body 1568: orig = (1.156992, 0.588571, 0.536601), p = (1.156992, 0.588571, 0.536601)
Body 1569: orig = (0.385970, 0.796241, 1.173320), p = (0.385970, 0.796241, 1.173320)
Body 1570: orig = (0.722902, 0.315030, -0.367071), p = (0.722902, 0.315030, -0.367071)
Body 1571: orig = (1.132630, 0.515120, 0.510551), p = (1.132630, 0.515120, 0.510551)
Body 1572: orig = (1.229612, 0.513438, 0.147847), p = (1.229612, 0.513438, 0.147847)
Body 1573: orig = (0.036536, 0.881563, 1.339408), p = (0.036536, 0.881563, 1.339408)
Body 1574: orig = (0.828999, 0.228774, 0.354708), p = (0.828999, 0.228774, 0.354708)
Body 1575: orig = (0.360433, 0.069150, 0.232133), p = (0.360433, 0.069150, 0.232133)
Body 1576: orig = (0.868602, 0.220097, 0.314793), p = (0.868602, 0.220097, 0.314793)
Body 1577: orig = (0.559810, 0.033891, 0.816760), p = (0.559810, 0.033891, 0.816760)
Body 1578: orig = (0.370219, 0.836663, 0.145430), p = (0.370219, 0.836663, 0.145430)
Body 1579: orig = (1.306988, 0.329423, 0.487491), p = (1.306988, 0.329423, 0.487491)
Body 1580: orig = (0.260141, 0.379765, 0.351459), p = (0.260141, 0.379765, 0.351459)
Body 1581: orig = (0.312828, 0.337330, 0.967787), p = (0.312828, 0.337330, 0.967787)
Body 1582: orig = (0.373787, 0.540022, 0.233966), p = (0.373787, 0.540022, 0.233966)
Body 1583: orig = (0.436131, 1.220661, 0.887862), p = (0.436131, 1.220661, 0.887862)
Body 1584: orig = (0.957472, 0.200317, 1.033553), p = (0.957472, 0.200317, 1.033553)
Body 1585: orig = (0.358252, 0.540421, 0.423338), p = (0.358252, 0.540421, 0.423338)
Body 1586: orig = (0.503274, -0.309944, 0.731599), p = (0.503274, -0.309944, 0.731599)
Body 1587: orig = (0.332154, 0.691291, -0.072310), p = (0.332154, 0.691291, -0.072310)
Body 1588: orig = (0.171251, 0.353000, 1.566798), p = (0.171251, 0.353000, 1.566798)
Body 1589: orig = (0.386173, 0.310210, 0.830164), p = (0.386173, 0.310210, 0.830164)
Body 1590: orig = (0.540208, 0.531440, 1.096700), p = (0.540208, 0.531440, 1.096700)
Body 1591: orig = (1.396297, 0.325938, 0.564782), p = (1.396297, 0.325938, 0.564782)
Body 1592: orig = (0.191975, 0.403638, 1.160860), p = (0.191975, 0.403638, 1.160860)
Body 1593: orig = (0.306924, 0.544444, 1.234022), p = (0.306924, 0.544444, 1.234022)
Body 1594: orig = (0.255515, 0.593324, 1.323092), p = (0.255515, 0.593324, 1.323092)
Body 1595: orig = (0.487934, 1.275782, 0.138768), p = (0.487934, 1.275782, 0.138768)
Body 1596: orig = (0.143457, 0.307430, 0.924161), p = (0.143457, 0.307430, 0.924161)
Body 1597: orig = (0.701948, 0.109459, 0.940254), p = (0.701948, 0.109459, 0.940254)
Body 1598: orig = (-0.407384, 0.506680, -0.006947), p = (-0.407384, 0.506680, -0.006947)
Body 1599: orig = (0.893924, 0.811759, 0.287362), p = (0.893924, 0.811759, 0.287362)
Body 1600: orig = (0.409898, 0.471547, -0.129624), p = (0.409898, 0.471547, -0.129624)
Body 1601: orig = (0.142934, 0.427529, 0.612950), p = (0.142934, 0.427529, 0.612950)
Body 1602: orig = (0.553303, 0.986568, -0.069125), p = (0.553303, 0.986568, -0.069125)
Body 1603: orig = (0.911457, 0.458844, 0.930267), p = (0.911457, 0.458844, 0.930267)
Body 1604: orig = (0.412162, 0.864640, 1.082843), p = (0.412162, 0.864640, 1.082843)
Body 1605: orig = (0.839258, 0.208806, 0.764228), p = (0.839258, 0.208806, 0.764228)
Body 1606: orig = (0.418715, 1.310815, 0.617161), p = (0.418715, 1.310815, 0.617161)
Body 1607: orig = (0.731250, 1.011927, 1.397428), p = (0.731250, 1.011927, 1.397428)
Body 1608: orig = (0.890433, 0.508412, 0.599756), p = (0.890433, 0.508412, 0.599756)
Body 1609: orig = (0.013021, 0.300315, 0.349675), p = (0.013021, 0.300315, 0.349675)
Body 1610: orig = (1.021548, 0.606477, 0.881584), p = (1.021548, 0.606477, 0.881584)
Body 1611: orig = (0.175938, 1.278855, 0.353383), p = (0.175938, 1.278855, 0.353383)
Body 1612: orig = (0.329927, 1.465544, 0.371455), p = (0.329927, 1.465544, 0.371455)
Body 1613: orig = (0.950360, 0.434263, 0.711159), p = (0.950360, 0.434263, 0.711159)
Body 1614: orig = (0.941837, 0.600226, 0.209618), p = (0.941837, 0.600226, 0.209618)
Body 1615: orig = (0.648425, 0.731973, 0.384540), p = (0.648425, 0.731973, 0.384540)
Body 1616: orig = (0.430203, 0.544051, 0.417691), p = (0.430203, 0.544051, 0.417691)
Body 1617: orig = (1.151842, 0.432767, 0.542383), p = (1.151842, 0.432767, 0.542383)
Body 1618: orig = (0.406662, -0.561960, 0.325997), p = (0.406662, -0.561960, 0.325997)
Body 1619: orig = (0.437919, 1.640409, 0.591694), p = (0.437919, 1.640409, 0.591694)
Body 1620: orig = (0.562803, 0.332431, 0.712587), p = (0.562803, 0.332431, 0.712587)
Body 1621: orig = (0.550594, 0.071812, 0.447995), p = (0.550594, 0.071812, 0.447995)
Body 1622: orig = (0.458830, 0.654619, 0.839559), p = (0.458830, 0.654619, 0.839559)
Body 1623: orig = (1.069362, 0.414414, 0.157166), p = (1.069362, 0.414414, 0.157166)
Body 1624: orig = (0.059106, 0.820703, 0.278719), p = (0.059106, 0.820703, 0.278719)
Body 1625: orig = (0.926719, 0.232779, 0.169887), p = (0.926719, 0.232779, 0.169887)
Body 1626: orig = (0.460629, 0.522684, 1.262755), p = (0.460629, 0.522684, 1.262755)
Body 1627: orig = (0.741906, 0.546422, 0.203363), p = (0.741906, 0.546422, 0.203363)
Body 1628: orig = (0.340117, 0.437991, 1.236446), p = (0.340117, 0.437991, 1.236446)
Body 1629: orig = (-0.303516, 0.689568, 0.574439), p = (-0.303516, 0.689568, 0.574439)
Body 1630: orig = (0.686506, -0.106474, 0.386190), p = (0.686506, -0.106474, 0.386190)
Body 1631: orig = (-0.082599, 0.435229, 0.671598), p = (-0.082599, 0.435229, 0.671598)
Body 1632: orig = (0.143115, 0.611711, -0.470041), p = (0.143115, 0.611711, -0.470041)
Body 1633: orig = (0.382431, 1.196580, 0.651002), p = (0.382431, 1.196580, 0.651002)
Body 1634: orig = (-0.176292, 0.828776, 0.588490), p = (-0.176292, 0.828776, 0.588490)
Body 1635: orig = (1.375242, 0.462992, 0.719822), p = (1.375242, 0.462992, 0.719822)
Body 1636: orig = (0.249202, 1.204031, 0.617884), p = (0.249202, 1.204031, 0.617884)
Body 1637: orig = (0.690471, 1.295182, 0.468423), p = (0.690471, 1.295182, 0.468423)
Body 1638: orig = (0.942194, 0.362914, 0.785065), p = (0.942194, 0.362914, 0.785065)
Body 1639: orig = (1.104435, 0.688539, 0.446830), p = (1.104435, 0.688539, 0.446830)
Body 1640: orig = (0.707643, 0.321372, -0.226281), p = (0.707643, 0.321372, -0.226281)
Body 1641: orig = (0.501486, -0.177377, 0.919067), p = (0.501486, -0.177377, 0.919067)
Body 1642: orig = (1.088662, 0.340030, 1.325080), p = (1.088662, 0.340030, 1.325080)
Body 1643: orig = (0.515436, 0.056317, 0.892592), p = (0.515436, 0.056317, 0.892592)
Body 1644: orig = (0.997870, 0.244598, 0.756173), p = (0.997870, 0.244598, 0.756173)
Body 1645: orig = (-0.048950, 0.590275, 0.646406), p = (-0.048950, 0.590275, 0.646406)
Body 1646: orig = (0.246150, 0.853744, 0.644085), p = (0.246150, 0.853744, 0.644085)
Body 1647: orig = (0.446296, 0.082207, 0.826139), p = (0.446296, 0.082207, 0.826139)
Body 1648: orig = (-0.051114, 0.869414, 0.412193), p = (-0.051114, 0.869414, 0.412193)
Body 1649: orig = (0.391007, 0.689955, 0.051390), p = (0.391007, 0.689955, 0.051390)
Body 1650: orig = (0.774703, 1.551700, 0.341160), p = (0.774703, 1.551700, 0.341160)
Body 1651: orig = (0.939383, 0.679701, 0.310170), p = (0.939383, 0.679701, 0.310170)
Body 1652: orig = (0.391503, 0.789567, -0.328842), p = (0.391503, 0.789567, -0.328842)
Body 1653: orig = (0.482227, 0.079847, 0.749719), p = (0.482227, 0.079847, 0.749719)
Body 1654: orig = (0.456756, 0.738219, 0.838138), p = (0.456756, 0.738219, 0.838138)
Body 1655: orig = (0.790334, 0.674337, -0.378727), p = (0.790334, 0.674337, -0.378727)
Body 1656: orig = (0.092003, 0.706377, 0.905918), p = (0.092003, 0.706377, 0.905918)
Body 1657: orig = (0.887823, 0.392030, 0.497717), p = (0.887823, 0.392030, 0.497717)
Body 1658: orig = (0.475255, 0.929236, 1.063790), p = (0.475255, 0.929236, 1.063790)
Body 1659: orig = (0.444497, 0.706904, 0.515213), p = (0.444497, 0.706904, 0.515213)
Body 1660: orig = (1.012132, 0.916010, 0.166126), p = (1.012132, 0.916010, 0.166126)
Body 1661: orig = (0.532068, 1.107363, 0.135819), p = (0.532068, 1.107363, 0.135819)
Body 1662: orig = (0.464806, 0.321868, 1.146523), p = (0.464806, 0.321868, 1.146523)
Body 1663: orig = (0.446235, -0.073593, 1.072450), p = (0.446235, -0.073593, 1.072450)
Body 1664: orig = (0.016492, 0.383662, 0.361608), p = (0.016492, 0.383662, 0.361608)
Body 1665: orig = (0.701993, 1.199652, 0.245681), p = (0.701993, 1.199652, 0.245681)
Body 1666: orig = (0.569514, -0.736875, 0.460138), p = (0.569514, -0.736875, 0.460138)
Body 1667: orig = (0.555664, 0.571332, 0.353151), p = (0.555664, 0.571332, 0.353151)
Body 1668: orig = (-0.123726, 1.135719, 0.394518), p = (-0.123726, 1.135719, 0.394518)
Body 1669: orig = (0.527360, -0.101103, 0.639622), p = (0.527360, -0.101103, 0.639622)
Body 1670: orig = (0.163171, 0.283569, 1.234914), p = (0.163171, 0.283569, 1.234914)
Body 1671: orig = (-0.386636, 0.597034, 0.388142), p = (-0.386636, 0.597034, 0.388142)
Body 1672: orig = (0.351593, 0.528879, 1.027569), p = (0.351593, 0.528879, 1.027569)
Body 1673: orig = (1.045606, 0.467267, 0.589963), p = (1.045606, 0.467267, 0.589963)
Body 1674: orig = (0.357746, -0.434803, 0.470341), p = (0.357746, -0.434803, 0.470341)
Body 1675: orig = (1.330626, 0.132422, 0.765152), p = (1.330626, 0.132422, 0.765152)
Body 1676: orig = (0.286102, 1.704269, 0.885927), p = (0.286102, 1.704269, 0.885927)
Body 1677: orig = (0.878602, 0.278295, 0.602070), p = (0.878602, 0.278295, 0.602070)
Body 1678: orig = (0.503784, 0.016037, 0.022457), p = (0.503784, 0.016037, 0.022457)
Body 1679: orig = (1.028071, -0.105892, 0.788016), p = (1.028071, -0.105892, 0.788016)
Body 1680: orig = (-0.034921, 0.985676, 0.442466), p = (-0.034921, 0.985676, 0.442466)
Body 1681: orig = (0.151075, 0.506613, 0.416794), p = (0.151075, 0.506613, 0.416794)
Body 1682: orig = (0.266333, 0.176208, 0.761998), p = (0.266333, 0.176208, 0.761998)
Body 1683: orig = (0.102147, 0.683172, 0.124304), p = (0.102147, 0.683172, 0.124304)
Body 1684: orig = (0.421876, 1.375393, 0.610775), p = (0.421876, 1.375393, 0.610775)
Body 1685: orig = (0.251106, 0.975501, 0.673407), p = (0.251106, 0.975501, 0.673407)
Body 1686: orig = (1.105899, 0.616691, 1.314299), p = (1.105899, 0.616691, 1.314299)
Body 1687: orig = (-0.026866, -0.047322, 0.609609), p = (-0.026866, -0.047322, 0.609609)
Body 1688: orig = (0.351534, 0.721498, 0.035720), p = (0.351534, 0.721498, 0.035720)
Body 1689: orig = (0.444092, 0.679546, 0.981741), p = (0.444092, 0.679546, 0.981741)
Body 1690: orig = (0.549193, 0.497150, 0.425925), p = (0.549193, 0.497150, 0.425925)
Body 1691: orig = (0.358233, 0.648843, -0.139175), p = (0.358233, 0.648843, -0.139175)
Body 1692: orig = (-0.422950, 0.488914, 0.312737), p = (-0.422950, 0.488914, 0.312737)
Body 1693: orig = (0.089302, 0.815617, -0.079889), p = (0.089302, 0.815617, -0.079889)
Body 1694: orig = (0.329457, 1.005181, 0.804278), p = (0.329457, 1.005181, 0.804278)
Body 1695: orig = (1.016233, 0.872999, 1.202658), p = (1.016233, 0.872999, 1.202658)
Body 1696: orig = (0.094774, 0.555394, 0.940068), p = (0.094774, 0.555394, 0.940068)
Body 1697: orig = (0.375566, 0.360699, 0.171038), p = (0.375566, 0.360699, 0.171038)
Body 1698: orig = (0.332739, 0.503408, 0.053187), p = (0.332739, 0.503408, 0.053187)
Body 1699: orig = (0.756809, 0.925797, -0.165928), p = (0.756809, 0.925797, -0.165928)
Body 1700: orig = (1.581085, 0.423597, 2.079545), p = (1.581085, 0.423597, 2.079545)
Body 1701: orig = (0.282834, 0.568656, 1.282622), p = (0.282834, 0.568656, 1.282622)
Body 1702: orig = (-0.153126, 0.714933, 0.090963), p = (-0.153126, 0.714933, 0.090963)
Body 1703: orig = (0.693515, 0.510765, 0.296516), p = (0.693515, 0.510765, 0.296516)
Body 1704: orig = (0.489965, 0.337310, -0.606067), p = (0.489965, 0.337310, -0.606067)
Body 1705: orig = (0.340151, -0.274982, 0.444091), p = (0.340151, -0.274982, 0.444091)
Body 1706: orig = (0.376373, 1.003400, 0.359370), p = (0.376373, 1.003400, 0.359370)
Body 1707: orig = (0.099340, 0.428335, 0.960253), p = (0.099340, 0.428335, 0.960253)
Body 1708: orig = (0.558794, 1.367746, 0.630456), p = (0.558794, 1.367746, 0.630456)
Body 1709: orig = (0.248631, 0.275982, 0.374674), p = (0.248631, 0.275982, 0.374674)
Body 1710: orig = (1.422135, 0.533367, 0.570570), p = (1.422135, 0.533367, 0.570570)
Body 1711: orig = (0.295572, -0.545054, 0.273287), p = (0.295572, -0.545054, 0.273287)
Body 1712: orig = (0.839490, 0.660203, 0.171757), p = (0.839490, 0.660203, 0.171757)
Body 1713: orig = (0.124703, 0.941070, -0.180018), p = (0.124703, 0.941070, -0.180018)
Body 1714: orig = (0.527122, -0.187678, 0.655942), p = (0.527122, -0.187678, 0.655942)
Body 1715: orig = (0.990044, 0.541041, 0.270348), p = (0.990044, 0.541041, 0.270348)
Body 1716: orig = (0.501807, 0.550051, 1.364950), p = (0.501807, 0.550051, 1.364950)
Body 1717: orig = (0.838855, 0.974963, 1.018268), p = (0.838855, 0.974963, 1.018268)
Body 1718: orig = (1.061711, 0.712611, 0.387376), p = (1.061711, 0.712611, 0.387376)
Body 1719: orig = (0.784058, 0.610085, 1.148566), p = (0.784058, 0.610085, 1.148566)
Body 1720: orig = (-0.216810, 0.832124, 0.498503), p = (-0.216810, 0.832124, 0.498503)
Body 1721: orig = (0.674424, 1.482995, 0.520584), p = (0.674424, 1.482995, 0.520584)
Body 1722: orig = (0.557873, 0.648387, 0.611646), p = (0.557873, 0.648387, 0.611646)
Body 1723: orig = (-0.231183, 0.519885, 0.796171), p = (-0.231183, 0.519885, 0.796171)
Body 1724: orig = (-0.131056, 0.787147, 0.483357), p = (-0.131056, 0.787147, 0.483357)
Body 1725: orig = (0.565170, 0.289742, -0.438309), p = (0.565170, 0.289742, -0.438309)
Body 1726: orig = (0.630045, 1.139768, 0.474486), p = (0.630045, 1.139768, 0.474486)
Body 1727: orig = (0.058500, 0.087515, 0.615255), p = (0.058500, 0.087515, 0.615255)
Body 1728: orig = (0.593000, 0.269952, -0.193449), p = (0.593000, 0.269952, -0.193449)
Body 1729: orig = (0.142851, 0.805533, 0.246769), p = (0.142851, 0.805533, 0.246769)
Body 1730: orig = (0.617352, 1.795895, 0.342537), p = (0.617352, 1.795895, 0.342537)
Body 1731: orig = (-0.208615, 0.310571, 0.644151), p = (-0.208615, 0.310571, 0.644151)
Body 1732: orig = (0.450881, 0.433840, 0.109496), p = (0.450881, 0.433840, 0.109496)
Body 1733: orig = (0.326891, 0.023843, 0.198221), p = (0.326891, 0.023843, 0.198221)
Body 1734: orig = (1.372561, 0.236313, 0.567160), p = (1.372561, 0.236313, 0.567160)
Body 1735: orig = (0.367532, -0.304325, 0.677189), p = (0.367532, -0.304325, 0.677189)
Body 1736: orig = (-0.056978, 0.590592, 0.629286), p = (-0.056978, 0.590592, 0.629286)
Body 1737: orig = (0.266443, 0.296943, -0.433808), p = (0.266443, 0.296943, -0.433808)
Body 1738: orig = (1.052157, 0.296512, 0.445864), p = (1.052157, 0.296512, 0.445864)
Body 1739: orig = (0.715692, 0.907405, -0.284051), p = (0.715692, 0.907405, -0.284051)
Body 1740: orig = (0.521784, 0.339360, -0.206104), p = (0.521784, 0.339360, -0.206104)
Body 1741: orig = (0.704048, -0.319964, 0.379385), p = (0.704048, -0.319964, 0.379385)
Body 1742: orig = (0.653242, 1.028450, 0.761322), p = (0.653242, 1.028450, 0.761322)
Body 1743: orig = (0.256712, 0.490460, 0.406584), p = (0.256712, 0.490460, 0.406584)
Body 1744: orig = (0.504491, 1.119744, 0.206310), p = (0.504491, 1.119744, 0.206310)
Body 1745: orig = (1.069987, -0.106323, 0.409507), p = (1.069987, -0.106323, 0.409507)
Body 1746: orig = (0.619614, 0.245844, 1.122651), p = (0.619614, 0.245844, 1.122651)
Body 1747: orig = (-0.049600, 0.628885, 0.334032), p = (-0.049600, 0.628885, 0.334032)
Body 1748: orig = (-0.126280, 0.799321, 0.519365), p = (-0.126280, 0.799321, 0.519365)
Body 1749: orig = (0.706624, 0.717485, 0.830735), p = (0.706624, 0.717485, 0.830735)
Body 1750: orig = (0.160734, 0.604244, 1.073833), p = (0.160734, 0.604244, 1.073833)
Body 1751: orig = (0.459022, 0.413971, -0.176845), p = (0.459022, 0.413971, -0.176845)
Body 1752: orig = (0.682571, 0.010246, 0.679626), p = (0.682571, 0.010246, 0.679626)
Body 1753: orig = (0.623156, 0.245270, 0.840089), p = (0.623156, 0.245270, 0.840089)
Body 1754: orig = (0.304109, 0.948176, 0.797669), p = (0.304109, 0.948176, 0.797669)
Body 1755: orig = (0.763360, 0.576665, 0.847339), p = (0.763360, 0.576665, 0.847339)
Body 1756: orig = (0.837439, 0.636896, 0.246427), p = (0.837439, 0.636896, 0.246427)
Body 1757: orig = (0.002167, 0.406054, 0.586317), p = (0.002167, 0.406054, 0.586317)
Body 1758: orig = (0.401258, 0.782520, 0.951398), p = (0.401258, 0.782520, 0.951398)
Body 1759: orig = (0.973653, 0.660598, 0.082903), p = (0.973653, 0.660598, 0.082903)
Body 1760: orig = (0.364079, 0.687043, 0.100304), p = (0.364079, 0.687043, 0.100304)
Body 1761: orig = (0.857368, 0.311309, 0.205967), p = (0.857368, 0.311309, 0.205967)
Body 1762: orig = (0.491512, 0.632617, 0.544681), p = (0.491512, 0.632617, 0.544681)
Body 1763: orig = (0.372225, 1.448694, 0.374441), p = (0.372225, 1.448694, 0.374441)
Body 1764: orig = (0.165015, 0.511077, 0.996275), p = (0.165015, 0.511077, 0.996275)
Body 1765: orig = (0.493056, -0.555248, 0.582570), p = (0.493056, -0.555248, 0.582570)
Body 1766: orig = (0.523305, 0.709062, -0.397095), p = (0.523305, 0.709062, -0.397095)
Body 1767: orig = (-0.135072, 0.449721, 0.701445), p = (-0.135072, 0.449721, 0.701445)
Body 1768: orig = (0.812699, 0.491711, 0.682024), p = (0.812699, 0.491711, 0.682024)
Body 1769: orig = (0.255106, 0.404908, 0.834095), p = (0.255106, 0.404908, 0.834095)
Body 1770: orig = (0.691250, 0.686550, -0.160471), p = (0.691250, 0.686550, -0.160471)
Body 1771: orig = (1.002838, 0.157214, 0.751671), p = (1.002838, 0.157214, 0.751671)
Body 1772: orig = (0.678040, 0.366428, 1.417418), p = (0.678040, 0.366428, 1.417418)
Body 1773: orig = (-0.232984, 0.557795, 0.563052), p = (-0.232984, 0.557795, 0.563052)
Body 1774: orig = (-0.152296, 0.341677, 0.473286), p = (-0.152296, 0.341677, 0.473286)
Body 1775: orig = (0.433335, -0.403135, 0.348024), p = (0.433335, -0.403135, 0.348024)
Body 1776: orig = (0.100547, 0.547615, 0.035890), p = (0.100547, 0.547615, 0.035890)
Body 1777: orig = (1.206010, 0.286060, 0.438007), p = (1.206010, 0.286060, 0.438007)
Body 1778: orig = (0.531646, -0.247479, -0.037754), p = (0.531646, -0.247479, -0.037754)
Body 1779: orig = (0.552447, 0.476707, 0.062220), p = (0.552447, 0.476707, 0.062220)
Body 1780: orig = (0.482516, 0.776279, 1.050810), p = (0.482516, 0.776279, 1.050810)
Body 1781: orig = (1.373698, 0.109653, 0.236372), p = (1.373698, 0.109653, 0.236372)
Body 1782: orig = (0.919196, 1.074956, 0.506839), p = (0.919196, 1.074956, 0.506839)
Body 1783: orig = (0.591512, -0.337682, 0.927289), p = (0.591512, -0.337682, 0.927289)
Body 1784: orig = (0.787081, 0.067067, 0.605836), p = (0.787081, 0.067067, 0.605836)
Body 1785: orig = (0.493755, 0.040449, 0.033937), p = (0.493755, 0.040449, 0.033937)
Body 1786: orig = (0.612052, 0.135356, 0.884822), p = (0.612052, 0.135356, 0.884822)
Body 1787: orig = (0.216202, 0.589731, -0.021162), p = (0.216202, 0.589731, -0.021162)
Body 1788: orig = (0.374222, 1.377800, 0.416818), p = (0.374222, 1.377800, 0.416818)
Body 1789: orig = (0.422802, 0.788348, 0.098206), p = (0.422802, 0.788348, 0.098206)
Body 1790: orig = (0.906944, 0.452983, 1.055793), p = (0.906944, 0.452983, 1.055793)
Body 1791: orig = (0.501396, -0.291894, 0.544125), p = (0.501396, -0.291894, 0.544125)
Body 1792: orig = (0.376985, 1.400539, 0.712253), p = (0.376985, 1.400539, 0.712253)
Body 1793: orig = (1.274242, 1.089198, 0.742797), p = (1.274242, 1.089198, 0.742797)
Body 1794: orig = (0.371076, 1.149190, 0.866753), p = (0.371076, 1.149190, 0.866753)
Body 1795: orig = (0.204117, 0.671362, 0.884054), p = (0.204117, 0.671362, 0.884054)
Body 1796: orig = (0.365439, 1.041077, 0.422101), p = (0.365439, 1.041077, 0.422101)
Body 1797: orig = (0.949620, 0.365513, 0.516919), p = (0.949620, 0.365513, 0.516919)
Body 1798: orig = (0.743117, -0.177867, 0.383204), p = (0.743117, -0.177867, 0.383204)
Body 1799: orig = (0.082126, 0.568700, 0.835075), p = (0.082126, 0.568700, 0.835075)
Body 1800: orig = (0.364933, 0.418957, 1.160413), p = (0.364933, 0.418957, 1.160413)
Body 1801: orig = (0.713169, -0.113103, 0.414086), p = (0.713169, -0.113103, 0.414086)
Body 1802: orig = (0.391541, 1.432709, 0.678636), p = (0.391541, 1.432709, 0.678636)
Body 1803: orig = (-0.093946, 0.433962, 0.580061), p = (-0.093946, 0.433962, 0.580061)
Body 1804: orig = (0.245496, 0.462943, 1.158132), p = (0.245496, 0.462943, 1.158132)
Body 1805: orig = (0.065233, 1.295099, 0.638259), p = (0.065233, 1.295099, 0.638259)
Body 1806: orig = (0.506548, -0.550445, 0.512766), p = (0.506548, -0.550445, 0.512766)
Body 1807: orig = (0.303789, 0.550168, 0.164848), p = (0.303789, 0.550168, 0.164848)
Body 1808: orig = (0.482301, 0.893303, 0.895237), p = (0.482301, 0.893303, 0.895237)
Body 1809: orig = (0.859743, 1.133716, 0.435087), p = (0.859743, 1.133716, 0.435087)
Body 1810: orig = (0.530335, -0.128606, 0.427249), p = (0.530335, -0.128606, 0.427249)
Body 1811: orig = (0.561721, 0.734888, 0.072599), p = (0.561721, 0.734888, 0.072599)
Body 1812: orig = (0.835567, 0.504596, 0.620502), p = (0.835567, 0.504596, 0.620502)
Body 1813: orig = (-0.031381, 0.390499, 0.816975), p = (-0.031381, 0.390499, 0.816975)
Body 1814: orig = (0.079431, -0.017525, 0.529013), p = (0.079431, -0.017525, 0.529013)
Body 1815: orig = (0.853870, 0.582553, 0.593062), p = (0.853870, 0.582553, 0.593062)
Body 1816: orig = (1.239538, 0.242236, 0.337458), p = (1.239538, 0.242236, 0.337458)
Body 1817: orig = (0.726000, 0.461484, 1.157968), p = (0.726000, 0.461484, 1.157968)
Body 1818: orig = (1.148657, 0.272104, 0.449970), p = (1.148657, 0.272104, 0.449970)
Body 1819: orig = (1.071945, 0.129408, 0.487092), p = (1.071945, 0.129408, 0.487092)
Body 1820: orig = (0.833321, 0.140668, 0.428246), p = (0.833321, 0.140668, 0.428246)
Body 1821: orig = (0.896359, 0.626651, -0.275120), p = (0.896359, 0.626651, -0.275120)
Body 1822: orig = (0.138188, 0.042510, 1.034487), p = (0.138188, 0.042510, 1.034487)
Body 1823: orig = (0.831887, 0.432636, 1.356144), p = (0.831887, 0.432636, 1.356144)
Body 1824: orig = (-0.291845, -1.548547, 1.639660), p = (-0.291845, -1.548547, 1.639660)
Body 1825: orig = (-0.182060, -1.234731, -0.980741), p = (-0.182060, -1.234731, -0.980741)
Body 1826: orig = (0.419960, 0.902765, -0.030513), p = (0.419960, 0.902765, -0.030513)
Body 1827: orig = (0.672287, 0.480378, -0.259976), p = (0.672287, 0.480378, -0.259976)
Body 1828: orig = (0.169579, 0.471457, 1.199983), p = (0.169579, 0.471457, 1.199983)
Body 1829: orig = (0.399166, 0.330631, 0.862070), p = (0.399166, 0.330631, 0.862070)
Body 1830: orig = (1.428954, 0.302239, 0.491231), p = (1.428954, 0.302239, 0.491231)
Body 1831: orig = (0.680853, 1.172459, 0.304119), p = (0.680853, 1.172459, 0.304119)
Body 1832: orig = (0.375117, 0.594600, 1.548019), p = (0.375117, 0.594600, 1.548019)
Body 1833: orig = (0.170678, 0.320772, -0.139950), p = (0.170678, 0.320772, -0.139950)
Body 1834: orig = (0.167535, 0.564024, 1.117580), p = (0.167535, 0.564024, 1.117580)
Body 1835: orig = (0.314917, 0.360611, 1.005889), p = (0.314917, 0.360611, 1.005889)
Body 1836: orig = (0.637257, 0.042800, -0.043618), p = (0.637257, 0.042800, -0.043618)
Body 1837: orig = (0.769931, 0.496368, 0.465430), p = (0.769931, 0.496368, 0.465430)
Body 1838: orig = (0.449996, 0.947207, 0.757382), p = (0.449996, 0.947207, 0.757382)
Body 1839: orig = (0.336384, 0.101601, 0.616226), p = (0.336384, 0.101601, 0.616226)
Body 1840: orig = (0.708768, 0.357860, 0.556505), p = (0.708768, 0.357860, 0.556505)
Body 1841: orig = (0.450348, 0.132729, 0.528200), p = (0.450348, 0.132729, 0.528200)
Body 1842: orig = (0.541511, 0.308920, -0.282731), p = (0.541511, 0.308920, -0.282731)
Body 1843: orig = (0.540581, 0.609886, 0.444854), p = (0.540581, 0.609886, 0.444854)
Body 1844: orig = (0.541983, 0.737587, -0.550096), p = (0.541983, 0.737587, -0.550096)
Body 1845: orig = (1.163804, 0.184487, 0.136786), p = (1.163804, 0.184487, 0.136786)
Body 1846: orig = (0.456720, 0.559199, 1.169012), p = (0.456720, 0.559199, 1.169012)
Body 1847: orig = (0.760906, 0.240400, 0.389845), p = (0.760906, 0.240400, 0.389845)
Body 1848: orig = (-0.296513, 0.490115, 0.418119), p = (-0.296513, 0.490115, 0.418119)
Body 1849: orig = (0.379462, 0.714496, -0.011975), p = (0.379462, 0.714496, -0.011975)
Body 1850: orig = (-0.244219, 0.524114, 0.728281), p = (-0.244219, 0.524114, 0.728281)
Body 1851: orig = (0.493220, 0.419342, -0.429221), p = (0.493220, 0.419342, -0.429221)
Body 1852: orig = (0.409901, 0.594041, 1.165660), p = (0.409901, 0.594041, 1.165660)
Body 1853: orig = (0.626884, 0.746786, -0.089626), p = (0.626884, 0.746786, -0.089626)
Body 1854: orig = (0.676637, 0.072193, 0.675086), p = (0.676637, 0.072193, 0.675086)
Body 1855: orig = (0.599681, 0.176718, 0.694621), p = (0.599681, 0.176718, 0.694621)
Body 1856: orig = (1.217651, 2.733997, 1.703754), p = (1.217651, 2.733997, 1.703754)
Body 1857: orig = (0.466993, 1.180717, 0.880844), p = (0.466993, 1.180717, 0.880844)
Body 1858: orig = (-0.076925, 0.243385, 0.431696), p = (-0.076925, 0.243385, 0.431696)
Body 1859: orig = (0.308752, 0.128311, -0.121370), p = (0.308752, 0.128311, -0.121370)
Body 1860: orig = (0.750417, 0.048648, 0.637039), p = (0.750417, 0.048648, 0.637039)
Body 1861: orig = (-0.458926, 0.464783, 0.387408), p = (-0.458926, 0.464783, 0.387408)
Body 1862: orig = (0.391705, 1.015263, 0.433829), p = (0.391705, 1.015263, 0.433829)
Body 1863: orig = (0.484693, 1.560387, 0.363955), p = (0.484693, 1.560387, 0.363955)
Body 1864: orig = (0.409177, 0.138968, 0.787875), p = (0.409177, 0.138968, 0.787875)
Body 1865: orig = (0.499623, 0.638066, 1.430487), p = (0.499623, 0.638066, 1.430487)
Body 1866: orig = (0.644653, 1.355949, 0.623952), p = (0.644653, 1.355949, 0.623952)
Body 1867: orig = (0.658620, 0.266941, 0.249779), p = (0.658620, 0.266941, 0.249779)
Body 1868: orig = (0.822532, 0.762474, 0.129228), p = (0.822532, 0.762474, 0.129228)
Body 1869: orig = (0.304252, 0.355185, 1.328114), p = (0.304252, 0.355185, 1.328114)
Body 1870: orig = (0.901199, 0.154545, 0.411034), p = (0.901199, 0.154545, 0.411034)
Body 1871: orig = (-0.072555, 0.400158, 0.241354), p = (-0.072555, 0.400158, 0.241354)
Body 1872: orig = (0.768909, 0.725099, 0.713868), p = (0.768909, 0.725099, 0.713868)
Body 1873: orig = (0.660865, 0.525461, 0.636025), p = (0.660865, 0.525461, 0.636025)
Body 1874: orig = (0.758011, 0.557264, 1.087753), p = (0.758011, 0.557264, 1.087753)
Body 1875: orig = (0.767852, 0.535031, 1.273899), p = (0.767852, 0.535031, 1.273899)
Body 1876: orig = (0.747182, 1.200007, 0.607619), p = (0.747182, 1.200007, 0.607619)
Body 1877: orig = (0.456164, 1.323677, 0.827588), p = (0.456164, 1.323677, 0.827588)
Body 1878: orig = (0.516522, 0.597678, 0.893086), p = (0.516522, 0.597678, 0.893086)
Body 1879: orig = (1.251829, 0.514560, 0.336403), p = (1.251829, 0.514560, 0.336403)
Body 1880: orig = (0.520277, 1.054505, 0.416470), p = (0.520277, 1.054505, 0.416470)
Body 1881: orig = (1.577613, 0.369549, 0.343221), p = (1.577613, 0.369549, 0.343221)
Body 1882: orig = (0.371888, 1.448541, 0.629970), p = (0.371888, 1.448541, 0.629970)
Body 1883: orig = (-0.734088, -0.298458, -0.334034), p = (-0.734088, -0.298458, -0.334034)
Body 1884: orig = (1.291351, 0.721423, 0.468018), p = (1.291351, 0.721423, 0.468018)
Body 1885: orig = (0.770999, 0.510251, 1.241153), p = (0.770999, 0.510251, 1.241153)
Body 1886: orig = (0.528604, -0.048673, 0.910743), p = (0.528604, -0.048673, 0.910743)
Body 1887: orig = (0.446652, 0.198645, 0.992288), p = (0.446652, 0.198645, 0.992288)
Body 1888: orig = (-0.550971, -0.807165, -2.365691), p = (-0.550971, -0.807165, -2.365691)
Body 1889: orig = (0.384946, 0.385593, 0.629689), p = (0.384946, 0.385593, 0.629689)
Body 1890: orig = (-0.464589, 0.585249, 0.188796), p = (-0.464589, 0.585249, 0.188796)
Body 1891: orig = (0.418569, 0.859052, -0.286790), p = (0.418569, 0.859052, -0.286790)
Body 1892: orig = (0.099895, 0.500632, 0.703221), p = (0.099895, 0.500632, 0.703221)
Body 1893: orig = (1.440681, 0.165519, 0.853285), p = (1.440681, 0.165519, 0.853285)
Body 1894: orig = (0.280427, 0.407910, 1.043911), p = (0.280427, 0.407910, 1.043911)
Body 1895: orig = (0.525930, 0.592863, -0.042922), p = (0.525930, 0.592863, -0.042922)
Body 1896: orig = (0.675511, 0.912672, 0.956272), p = (0.675511, 0.912672, 0.956272)
Body 1897: orig = (0.476635, 0.257340, 0.074652), p = (0.476635, 0.257340, 0.074652)
Body 1898: orig = (0.504931, 0.293996, 0.861791), p = (0.504931, 0.293996, 0.861791)
Body 1899: orig = (0.511053, 0.567473, 1.245067), p = (0.511053, 0.567473, 1.245067)
Body 1900: orig = (0.085882, 0.963694, 0.800862), p = (0.085882, 0.963694, 0.800862)
Body 1901: orig = (0.253632, 0.335049, 0.973302), p = (0.253632, 0.335049, 0.973302)
Body 1902: orig = (0.713778, -0.179116, 0.513762), p = (0.713778, -0.179116, 0.513762)
Body 1903: orig = (1.279028, 0.434686, 0.541506), p = (1.279028, 0.434686, 0.541506)
Body 1904: orig = (0.322811, 0.775359, 0.513939), p = (0.322811, 0.775359, 0.513939)
Body 1905: orig = (0.184659, 1.011787, 0.488397), p = (0.184659, 1.011787, 0.488397)
Body 1906: orig = (0.614921, 1.114588, 0.831285), p = (0.614921, 1.114588, 0.831285)
Body 1907: orig = (0.578011, 0.693326, 1.189582), p = (0.578011, 0.693326, 1.189582)
Body 1908: orig = (0.549793, 1.551535, 0.611259), p = (0.549793, 1.551535, 0.611259)
Body 1909: orig = (1.475271, 0.500690, 0.170940), p = (1.475271, 0.500690, 0.170940)
Body 1910: orig = (-0.350737, 0.598691, 0.521734), p = (-0.350737, 0.598691, 0.521734)
Body 1911: orig = (0.203671, 0.796418, 0.639929), p = (0.203671, 0.796418, 0.639929)
Body 1912: orig = (0.817016, -0.068568, 0.749984), p = (0.817016, -0.068568, 0.749984)
Body 1913: orig = (0.858494, 0.435906, 0.697069), p = (0.858494, 0.435906, 0.697069)
Body 1914: orig = (0.242218, -0.058357, 0.192152), p = (0.242218, -0.058357, 0.192152)
Body 1915: orig = (-0.188181, 0.387825, 0.742936), p = (-0.188181, 0.387825, 0.742936)
Body 1916: orig = (0.378060, 0.372372, 1.317281), p = (0.378060, 0.372372, 1.317281)
Body 1917: orig = (0.154189, 0.551958, 0.385230), p = (0.154189, 0.551958, 0.385230)
Body 1918: orig = (0.431192, 0.288131, 0.863145), p = (0.431192, 0.288131, 0.863145)
Body 1919: orig = (0.729505, 0.124602, 0.817142), p = (0.729505, 0.124602, 0.817142)
Body 1920: orig = (0.262871, 0.643658, 1.231765), p = (0.262871, 0.643658, 1.231765)
Body 1921: orig = (0.782410, -0.081616, 0.344204), p = (0.782410, -0.081616, 0.344204)
Body 1922: orig = (0.352963, 0.219959, 0.173920), p = (0.352963, 0.219959, 0.173920)
Body 1923: orig = (0.181719, 0.525000, 0.838404), p = (0.181719, 0.525000, 0.838404)
Body 1924: orig = (0.346350, 0.449560, 1.038663), p = (0.346350, 0.449560, 1.038663)
Body 1925: orig = (0.059633, 0.416536, 0.760162), p = (0.059633, 0.416536, 0.760162)
Body 1926: orig = (1.083718, 0.552403, 1.076494), p = (1.083718, 0.552403, 1.076494)
Body 1927: orig = (0.459381, -0.090860, 0.617817), p = (0.459381, -0.090860, 0.617817)
Body 1928: orig = (0.213113, 0.585611, 0.434386), p = (0.213113, 0.585611, 0.434386)
Body 1929: orig = (0.449700, -0.101411, 0.348445), p = (0.449700, -0.101411, 0.348445)
Body 1930: orig = (-0.181417, 0.351517, 0.304039), p = (-0.181417, 0.351517, 0.304039)
Body 1931: orig = (0.442575, 1.026871, 0.945054), p = (0.442575, 1.026871, 0.945054)
Body 1932: orig = (0.625472, -0.414859, 0.413949), p = (0.625472, -0.414859, 0.413949)
Body 1933: orig = (0.707624, 1.184012, 0.551462), p = (0.707624, 1.184012, 0.551462)
Body 1934: orig = (0.352282, 0.126556, 0.648626), p = (0.352282, 0.126556, 0.648626)
Body 1935: orig = (0.366216, 0.544398, 1.199452), p = (0.366216, 0.544398, 1.199452)
Body 1936: orig = (0.850025, 0.349874, -0.039857), p = (0.850025, 0.349874, -0.039857)
Body 1937: orig = (1.375447, 0.359642, 0.553359), p = (1.375447, 0.359642, 0.553359)
Body 1938: orig = (0.216673, 0.113779, 0.436414), p = (0.216673, 0.113779, 0.436414)
Body 1939: orig = (-0.192037, 0.458562, 0.514413), p = (-0.192037, 0.458562, 0.514413)
Body 1940: orig = (0.322252, 0.330336, -0.134695), p = (0.322252, 0.330336, -0.134695)
Body 1941: orig = (0.577631, -0.148135, 0.660984), p = (0.577631, -0.148135, 0.660984)
Body 1942: orig = (-0.302323, 0.386243, 0.642500), p = (-0.302323, 0.386243, 0.642500)
Body 1943: orig = (0.353983, 1.079225, 1.372379), p = (0.353983, 1.079225, 1.372379)
Body 1944: orig = (0.149061, 0.554545, -0.390538), p = (0.149061, 0.554545, -0.390538)
Body 1945: orig = (0.372650, 0.610877, -0.531335), p = (0.372650, 0.610877, -0.531335)
Body 1946: orig = (0.357358, 0.181865, 0.679669), p = (0.357358, 0.181865, 0.679669)
Body 1947: orig = (0.599585, 0.910530, 0.664272), p = (0.599585, 0.910530, 0.664272)
Body 1948: orig = (0.580398, 1.559859, 0.038460), p = (0.580398, 1.559859, 0.038460)
Body 1949: orig = (0.293992, -0.005822, 0.359007), p = (0.293992, -0.005822, 0.359007)
Body 1950: orig = (0.164491, 0.822671, 0.280029), p = (0.164491, 0.822671, 0.280029)
Body 1951: orig = (0.676950, 0.777381, 1.534689), p = (0.676950, 0.777381, 1.534689)
Body 1952: orig = (0.369815, 0.125210, 0.895506), p = (0.369815, 0.125210, 0.895506)
Body 1953: orig = (1.515079, 0.765587, 0.321713), p = (1.515079, 0.765587, 0.321713)
Body 1954: orig = (0.856616, 1.056882, 0.409508), p = (0.856616, 1.056882, 0.409508)
Body 1955: orig = (0.600259, 0.624912, 0.601146), p = (0.600259, 0.624912, 0.601146)
Body 1956: orig = (0.970343, 0.697100, 0.352112), p = (0.970343, 0.697100, 0.352112)
Body 1957: orig = (0.537218, -0.050260, 0.349465), p = (0.537218, -0.050260, 0.349465)
Body 1958: orig = (0.635126, 1.200222, 0.440499), p = (0.635126, 1.200222, 0.440499)
Body 1959: orig = (0.578715, 0.178420, -0.252321), p = (0.578715, 0.178420, -0.252321)
Body 1960: orig = (1.122742, 0.745787, 0.400459), p = (1.122742, 0.745787, 0.400459)
Body 1961: orig = (0.295334, 0.427812, 0.768304), p = (0.295334, 0.427812, 0.768304)
Body 1962: orig = (0.255953, 0.831744, 0.257708), p = (0.255953, 0.831744, 0.257708)
Body 1963: orig = (0.112744, 0.381631, 0.097798), p = (0.112744, 0.381631, 0.097798)
Body 1964: orig = (0.827568, 0.637066, 0.663004), p = (0.827568, 0.637066, 0.663004)
Body 1965: orig = (0.510303, 0.569776, 0.081279), p = (0.510303, 0.569776, 0.081279)
Body 1966: orig = (0.360705, 0.391942, 2.509884), p = (0.360705, 0.391942, 2.509884)
Body 1967: orig = (1.065335, 0.042259, 0.435095), p = (1.065335, 0.042259, 0.435095)
Body 1968: orig = (0.779209, 0.511324, 1.110367), p = (0.779209, 0.511324, 1.110367)
Body 1969: orig = (0.851290, 0.710406, 0.277713), p = (0.851290, 0.710406, 0.277713)
Body 1970: orig = (0.424766, 0.275408, -0.466034), p = (0.424766, 0.275408, -0.466034)
Body 1971: orig = (0.560777, 0.341721, 0.628277), p = (0.560777, 0.341721, 0.628277)
Body 1972: orig = (0.055791, 0.402330, 0.196752), p = (0.055791, 0.402330, 0.196752)
Body 1973: orig = (0.352634, 0.436953, 0.028953), p = (0.352634, 0.436953, 0.028953)
Body 1974: orig = (1.697918, 0.220445, 1.498567), p = (1.697918, 0.220445, 1.498567)
Body 1975: orig = (0.265974, 0.650043, -0.198735), p = (0.265974, 0.650043, -0.198735)
Body 1976: orig = (-0.013851, 0.339560, 0.254237), p = (-0.013851, 0.339560, 0.254237)
Body 1977: orig = (1.356518, 0.360606, 0.216944), p = (1.356518, 0.360606, 0.216944)
Body 1978: orig = (0.805706, 0.160330, 1.034143), p = (0.805706, 0.160330, 1.034143)
Body 1979: orig = (0.190369, 0.669131, 0.164156), p = (0.190369, 0.669131, 0.164156)
Body 1980: orig = (0.031353, 0.641068, 1.016608), p = (0.031353, 0.641068, 1.016608)
Body 1981: orig = (0.497512, 0.152252, 0.373457), p = (0.497512, 0.152252, 0.373457)
Body 1982: orig = (1.409386, 0.564897, 0.489131), p = (1.409386, 0.564897, 0.489131)
Body 1983: orig = (0.602975, 1.374793, 0.500505), p = (0.602975, 1.374793, 0.500505)
Body 1984: orig = (0.823434, 0.003524, 0.688467), p = (0.823434, 0.003524, 0.688467)
Body 1985: orig = (0.481147, 0.620428, -0.132010), p = (0.481147, 0.620428, -0.132010)
Body 1986: orig = (0.263592, 1.323178, 0.376604), p = (0.263592, 1.323178, 0.376604)
Body 1987: orig = (0.348722, 0.886753, 0.427517), p = (0.348722, 0.886753, 0.427517)
Body 1988: orig = (1.437177, -0.107627, 0.596327), p = (1.437177, -0.107627, 0.596327)
Body 1989: orig = (0.494262, 0.219832, -0.267321), p = (0.494262, 0.219832, -0.267321)
Body 1990: orig = (-0.305714, 0.447624, 0.439267), p = (-0.305714, 0.447624, 0.439267)
Body 1991: orig = (0.487247, 0.548747, -0.244309), p = (0.487247, 0.548747, -0.244309)
Body 1992: orig = (0.092160, -0.038608, 0.525773), p = (0.092160, -0.038608, 0.525773)
Body 1993: orig = (0.192775, 0.640319, 0.919791), p = (0.192775, 0.640319, 0.919791)
Body 1994: orig = (1.095588, 0.782448, 0.747735), p = (1.095588, 0.782448, 0.747735)
Body 1995: orig = (0.152889, 0.708033, 1.062426), p = (0.152889, 0.708033, 1.062426)
Body 1996: orig = (0.075415, 0.540450, 0.057051), p = (0.075415, 0.540450, 0.057051)
Body 1997: orig = (0.766931, 0.568843, 0.350230), p = (0.766931, 0.568843, 0.350230)
Body 1998: orig = (-0.208853, 0.801742, 0.533605), p = (-0.208853, 0.801742, 0.533605)
Body 1999: orig = (0.627693, 0.108420, -0.144974), p = (0.627693, 0.108420, -0.144974)
Body 2000: orig = (0.526754, 0.886951, 0.586317), p = (0.526754, 0.886951, 0.586317)
Body 2001: orig = (1.221178, 0.358960, 0.324863), p = (1.221178, 0.358960, 0.324863)
Body 2002: orig = (-0.103031, 0.598970, 0.193270), p = (-0.103031, 0.598970, 0.193270)
Body 2003: orig = (-0.276313, 0.339483, 0.568161), p = (-0.276313, 0.339483, 0.568161)
Body 2004: orig = (1.227982, 0.689340, 0.523112), p = (1.227982, 0.689340, 0.523112)
Body 2005: orig = (0.328419, 0.180468, -0.104041), p = (0.328419, 0.180468, -0.104041)
Body 2006: orig = (0.993869, 0.369529, 0.428001), p = (0.993869, 0.369529, 0.428001)
Body 2007: orig = (1.117557, 0.776881, 0.679211), p = (1.117557, 0.776881, 0.679211)
Body 2008: orig = (0.617911, 0.819960, 1.096936), p = (0.617911, 0.819960, 1.096936)
Body 2009: orig = (0.603467, -0.411575, 0.512969), p = (0.603467, -0.411575, 0.512969)
Body 2010: orig = (0.332805, 0.124489, 0.612634), p = (0.332805, 0.124489, 0.612634)
Body 2011: orig = (0.405913, 0.490606, 0.074766), p = (0.405913, 0.490606, 0.074766)
Body 2012: orig = (0.558928, 0.473362, 0.472278), p = (0.558928, 0.473362, 0.472278)
Body 2013: orig = (-0.136344, 0.891067, 0.483761), p = (-0.136344, 0.891067, 0.483761)
Body 2014: orig = (0.806492, 0.681624, 0.281342), p = (0.806492, 0.681624, 0.281342)
Body 2015: orig = (0.255084, 0.699266, 0.021728), p = (0.255084, 0.699266, 0.021728)
Body 2016: orig = (0.759081, -0.039361, -0.260986), p = (0.759081, -0.039361, -0.260986)
Body 2017: orig = (0.764616, 0.638590, 1.314972), p = (0.764616, 0.638590, 1.314972)
Body 2018: orig = (0.441363, 1.173729, 0.042017), p = (0.441363, 1.173729, 0.042017)
Body 2019: orig = (0.555197, 0.284349, 1.146108), p = (0.555197, 0.284349, 1.146108)
Body 2020: orig = (0.958849, 0.684009, 0.138361), p = (0.958849, 0.684009, 0.138361)
Body 2021: orig = (0.009384, 0.795417, 0.376600), p = (0.009384, 0.795417, 0.376600)
Body 2022: orig = (0.560078, 0.819444, -0.307267), p = (0.560078, 0.819444, -0.307267)
Body 2023: orig = (-0.073953, 0.837969, 0.436667), p = (-0.073953, 0.837969, 0.436667)
Body 2024: orig = (0.468531, 0.503629, 0.333929), p = (0.468531, 0.503629, 0.333929)
Body 2025: orig = (0.126724, 1.043821, 0.529195), p = (0.126724, 1.043821, 0.529195)
Body 2026: orig = (0.747587, -0.011759, 0.731540), p = (0.747587, -0.011759, 0.731540)
Body 2027: orig = (0.380189, 0.515946, 1.291824), p = (0.380189, 0.515946, 1.291824)
Body 2028: orig = (0.276258, 0.056279, 0.201564), p = (0.276258, 0.056279, 0.201564)
Body 2029: orig = (0.242245, 0.615024, 1.120775), p = (0.242245, 0.615024, 1.120775)
Body 2030: orig = (0.471919, 1.371386, 0.194300), p = (0.471919, 1.371386, 0.194300)
Body 2031: orig = (-0.091838, -0.176954, 0.291144), p = (-0.091838, -0.176954, 0.291144)
Body 2032: orig = (0.681632, 0.698765, -0.322735), p = (0.681632, 0.698765, -0.322735)
Body 2033: orig = (0.379132, 0.471631, 1.172664), p = (0.379132, 0.471631, 1.172664)
Body 2034: orig = (0.784033, 0.142966, 1.207226), p = (0.784033, 0.142966, 1.207226)
Body 2035: orig = (0.414330, -0.345553, 0.313689), p = (0.414330, -0.345553, 0.313689)
Body 2036: orig = (1.096460, 0.658816, 0.131814), p = (1.096460, 0.658816, 0.131814)
Body 2037: orig = (0.136817, 0.395358, 1.023634), p = (0.136817, 0.395358, 1.023634)
Body 2038: orig = (0.363073, 0.978533, 1.048863), p = (0.363073, 0.978533, 1.048863)
Body 2039: orig = (0.787463, 0.710241, 1.027788), p = (0.787463, 0.710241, 1.027788)
Body 2040: orig = (0.293384, 1.335851, 0.629690), p = (0.293384, 1.335851, 0.629690)
Body 2041: orig = (-0.517445, 0.557160, 0.319317), p = (-0.517445, 0.557160, 0.319317)
Body 2042: orig = (0.470161, 0.580025, 0.321027), p = (0.470161, 0.580025, 0.321027)
Body 2043: orig = (0.760799, 1.228658, 0.898712), p = (0.760799, 1.228658, 0.898712)
Body 2044: orig = (0.580773, -0.183665, 0.214373), p = (0.580773, -0.183665, 0.214373)
Body 2045: orig = (0.719490, 0.062199, 1.121541), p = (0.719490, 0.062199, 1.121541)
Body 2046: orig = (0.373803, 0.746850, 1.303296), p = (0.373803, 0.746850, 1.303296)
Body 2047: orig = (0.061112, 0.387937, -0.409906), p = (0.061112, 0.387937, -0.409906)
Body 2048: orig = (0.635027, -0.123968, 0.948378), p = (0.635027, -0.123968, 0.948378)
Body 2049: orig = (0.398661, 0.043344, 1.232451), p = (0.398661, 0.043344, 1.232451)
Body 2050: orig = (0.317199, 0.592177, -0.240242), p = (0.317199, 0.592177, -0.240242)
Body 2051: orig = (1.569955, 0.484004, 0.471049), p = (1.569955, 0.484004, 0.471049)
Body 2052: orig = (1.251260, 0.220250, 0.146453), p = (1.251260, 0.220250, 0.146453)
Body 2053: orig = (0.548678, 0.861390, -0.069773), p = (0.548678, 0.861390, -0.069773)
Body 2054: orig = (-0.193385, 0.457864, 0.668330), p = (-0.193385, 0.457864, 0.668330)
Body 2055: orig = (0.480106, 0.649126, -0.240397), p = (0.480106, 0.649126, -0.240397)
Body 2056: orig = (0.425092, 1.140233, 0.354819), p = (0.425092, 1.140233, 0.354819)
Body 2057: orig = (-0.020045, 0.464647, 0.702280), p = (-0.020045, 0.464647, 0.702280)
Body 2058: orig = (1.317194, 0.324996, 0.418356), p = (1.317194, 0.324996, 0.418356)
Body 2059: orig = (0.853584, 0.335252, 0.533138), p = (0.853584, 0.335252, 0.533138)
Body 2060: orig = (0.424533, 0.495855, 0.537380), p = (0.424533, 0.495855, 0.537380)
Body 2061: orig = (0.275146, 0.305097, 0.661642), p = (0.275146, 0.305097, 0.661642)
Body 2062: orig = (0.650893, 0.842512, -0.166606), p = (0.650893, 0.842512, -0.166606)
Body 2063: orig = (-4.053728, -1.722769, -1.628886), p = (-4.053728, -1.722769, -1.628886)
Body 2064: orig = (0.543422, 0.034798, 0.362427), p = (0.543422, 0.034798, 0.362427)
Body 2065: orig = (0.206915, -0.078587, 0.212230), p = (0.206915, -0.078587, 0.212230)
Body 2066: orig = (0.652536, 1.155615, 0.534956), p = (0.652536, 1.155615, 0.534956)
Body 2067: orig = (1.272422, 0.452886, 0.700973), p = (1.272422, 0.452886, 0.700973)
Body 2068: orig = (0.695729, 0.975527, 0.708057), p = (0.695729, 0.975527, 0.708057)
Body 2069: orig = (1.008148, 1.265567, 0.281774), p = (1.008148, 1.265567, 0.281774)
Body 2070: orig = (0.540504, 0.373054, 0.881316), p = (0.540504, 0.373054, 0.881316)
Body 2071: orig = (0.221243, 0.582303, 0.972776), p = (0.221243, 0.582303, 0.972776)
Body 2072: orig = (0.400527, 1.103693, 0.156328), p = (0.400527, 1.103693, 0.156328)
Body 2073: orig = (-0.095843, -0.318970, 1.323912), p = (-0.095843, -0.318970, 1.323912)
Body 2074: orig = (0.097665, -0.019708, 0.559090), p = (0.097665, -0.019708, 0.559090)
Body 2075: orig = (1.259074, 0.503335, 0.087588), p = (1.259074, 0.503335, 0.087588)
Body 2076: orig = (0.533871, 0.798552, 0.640187), p = (0.533871, 0.798552, 0.640187)
Body 2077: orig = (0.209928, 0.320322, 0.856301), p = (0.209928, 0.320322, 0.856301)
Body 2078: orig = (0.484225, -0.479592, 0.534390), p = (0.484225, -0.479592, 0.534390)
Body 2079: orig = (1.659528, 0.047551, 0.384938), p = (1.659528, 0.047551, 0.384938)
Body 2080: orig = (0.553081, 0.919097, 0.725148), p = (0.553081, 0.919097, 0.725148)
Body 2081: orig = (0.608577, 0.632824, 1.238372), p = (0.608577, 0.632824, 1.238372)
Body 2082: orig = (-0.110553, 0.452808, 0.657741), p = (-0.110553, 0.452808, 0.657741)
Body 2083: orig = (0.755814, 0.162676, 0.621531), p = (0.755814, 0.162676, 0.621531)
Body 2084: orig = (0.340553, 0.375264, 0.632371), p = (0.340553, 0.375264, 0.632371)
Body 2085: orig = (0.713153, 0.482022, 1.119140), p = (0.713153, 0.482022, 1.119140)
Body 2086: orig = (-0.062847, 0.387231, 1.029086), p = (-0.062847, 0.387231, 1.029086)
Body 2087: orig = (-0.471750, 0.592210, 1.146323), p = (-0.471750, 0.592210, 1.146323)
Body 2088: orig = (0.593177, 0.990838, -0.020459), p = (0.593177, 0.990838, -0.020459)
Body 2089: orig = (0.007138, 0.482055, 0.889768), p = (0.007138, 0.482055, 0.889768)
Body 2090: orig = (0.586464, 1.200790, 1.323130), p = (0.586464, 1.200790, 1.323130)
Body 2091: orig = (0.167670, 0.578746, 0.953913), p = (0.167670, 0.578746, 0.953913)
Body 2092: orig = (0.579818, 0.787908, 1.088068), p = (0.579818, 0.787908, 1.088068)
Body 2093: orig = (0.587857, 0.900155, 0.169461), p = (0.587857, 0.900155, 0.169461)
Body 2094: orig = (0.628488, 0.239125, 0.780947), p = (0.628488, 0.239125, 0.780947)
Body 2095: orig = (0.610425, 0.794124, 1.097672), p = (0.610425, 0.794124, 1.097672)
Body 2096: orig = (0.314449, 0.577244, -0.087539), p = (0.314449, 0.577244, -0.087539)
Body 2097: orig = (1.098570, 0.283598, 0.250807), p = (1.098570, 0.283598, 0.250807)
Body 2098: orig = (0.241291, 0.673633, -0.259614), p = (0.241291, 0.673633, -0.259614)
Body 2099: orig = (1.189926, 0.482666, 0.149084), p = (1.189926, 0.482666, 0.149084)
Body 2100: orig = (0.618189, 1.122210, 0.871593), p = (0.618189, 1.122210, 0.871593)
Body 2101: orig = (0.647189, 0.072675, 0.191207), p = (0.647189, 0.072675, 0.191207)
Body 2102: orig = (0.176075, 0.362500, 1.059000), p = (0.176075, 0.362500, 1.059000)
Body 2103: orig = (0.369450, 1.161856, 0.151071), p = (0.369450, 1.161856, 0.151071)
Body 2104: orig = (-0.399286, 0.365658, 0.305527), p = (-0.399286, 0.365658, 0.305527)
Body 2105: orig = (0.883518, 0.334053, 0.661540), p = (0.883518, 0.334053, 0.661540)
Body 2106: orig = (1.251359, 1.068227, 0.517055), p = (1.251359, 1.068227, 0.517055)
Body 2107: orig = (0.434183, 0.053958, -0.008703), p = (0.434183, 0.053958, -0.008703)
Body 2108: orig = (0.560454, 0.496518, 1.066020), p = (0.560454, 0.496518, 1.066020)
Body 2109: orig = (0.266557, 0.956429, 0.254208), p = (0.266557, 0.956429, 0.254208)
Body 2110: orig = (0.461432, 0.488422, 1.303290), p = (0.461432, 0.488422, 1.303290)
Body 2111: orig = (0.233816, 0.777514, 0.243144), p = (0.233816, 0.777514, 0.243144)
Body 2112: orig = (0.356757, 0.302131, 0.004254), p = (0.356757, 0.302131, 0.004254)
Body 2113: orig = (-0.855167, -0.772339, 0.547312), p = (-0.855167, -0.772339, 0.547312)
Body 2114: orig = (0.540881, 0.985847, -0.061773), p = (0.540881, 0.985847, -0.061773)
Body 2115: orig = (0.291564, 0.492588, -0.016911), p = (0.291564, 0.492588, -0.016911)
Body 2116: orig = (0.731398, 0.001452, 0.222082), p = (0.731398, 0.001452, 0.222082)
Body 2117: orig = (-0.391847, 0.215287, 0.469059), p = (-0.391847, 0.215287, 0.469059)
Body 2118: orig = (1.011734, 0.289020, 0.649321), p = (1.011734, 0.289020, 0.649321)
Body 2119: orig = (0.375682, 1.151614, 0.880797), p = (0.375682, 1.151614, 0.880797)
Body 2120: orig = (0.117534, 0.487086, 1.088666), p = (0.117534, 0.487086, 1.088666)
Body 2121: orig = (1.284827, 0.341187, 0.573741), p = (1.284827, 0.341187, 0.573741)
Body 2122: orig = (0.631059, 0.541826, 1.184642), p = (0.631059, 0.541826, 1.184642)
Body 2123: orig = (0.597340, 0.812566, -0.409850), p = (0.597340, 0.812566, -0.409850)
Body 2124: orig = (1.240191, 0.397241, 0.878067), p = (1.240191, 0.397241, 0.878067)
Body 2125: orig = (0.564313, 0.772298, -0.455389), p = (0.564313, 0.772298, -0.455389)
Body 2126: orig = (1.079612, 0.254052, 0.113472), p = (1.079612, 0.254052, 0.113472)
Body 2127: orig = (0.231867, 0.826823, 0.230521), p = (0.231867, 0.826823, 0.230521)
Body 2128: orig = (0.707822, 0.440021, 0.915466), p = (0.707822, 0.440021, 0.915466)
Body 2129: orig = (0.996992, 0.500030, 0.701872), p = (0.996992, 0.500030, 0.701872)
Body 2130: orig = (0.484198, -0.230288, 0.709457), p = (0.484198, -0.230288, 0.709457)
Body 2131: orig = (0.253392, 0.936611, 0.254441), p = (0.253392, 0.936611, 0.254441)
Body 2132: orig = (-0.134188, 0.059944, 0.484472), p = (-0.134188, 0.059944, 0.484472)
Body 2133: orig = (-0.253528, 0.397729, 0.333486), p = (-0.253528, 0.397729, 0.333486)
Body 2134: orig = (0.510382, 0.163820, 0.824536), p = (0.510382, 0.163820, 0.824536)
Body 2135: orig = (0.608301, 0.537122, 0.736906), p = (0.608301, 0.537122, 0.736906)
Body 2136: orig = (1.157390, 0.585500, 0.428835), p = (1.157390, 0.585500, 0.428835)
Body 2137: orig = (0.221017, -0.258237, 0.529399), p = (0.221017, -0.258237, 0.529399)
Body 2138: orig = (0.826667, 0.377857, -0.034436), p = (0.826667, 0.377857, -0.034436)
Body 2139: orig = (-0.067809, 0.703278, 0.237867), p = (-0.067809, 0.703278, 0.237867)
Body 2140: orig = (0.018512, -0.018206, -0.411989), p = (0.018512, -0.018206, -0.411989)
Body 2141: orig = (0.383933, 0.478361, 0.152224), p = (0.383933, 0.478361, 0.152224)
Body 2142: orig = (0.300719, -0.113621, 1.015855), p = (0.300719, -0.113621, 1.015855)
Body 2143: orig = (0.631729, 0.279335, 0.016169), p = (0.631729, 0.279335, 0.016169)
Body 2144: orig = (0.856482, 0.788902, 0.827811), p = (0.856482, 0.788902, 0.827811)
Body 2145: orig = (0.675374, 1.282494, 0.723265), p = (0.675374, 1.282494, 0.723265)
Body 2146: orig = (0.472693, 0.155015, 0.311229), p = (0.472693, 0.155015, 0.311229)
Body 2147: orig = (1.267090, 1.155481, 0.506278), p = (1.267090, 1.155481, 0.506278)
Body 2148: orig = (0.684565, 0.153644, 0.902381), p = (0.684565, 0.153644, 0.902381)
Body 2149: orig = (0.598584, 1.083650, 0.465303), p = (0.598584, 1.083650, 0.465303)
Body 2150: orig = (-0.139331, 0.627237, 0.716404), p = (-0.139331, 0.627237, 0.716404)
Body 2151: orig = (0.194664, -0.065336, 0.817060), p = (0.194664, -0.065336, 0.817060)
Body 2152: orig = (0.649969, 1.049058, -0.029234), p = (0.649969, 1.049058, -0.029234)
Body 2153: orig = (0.940914, 0.944780, 0.282109), p = (0.940914, 0.944780, 0.282109)
Body 2154: orig = (-0.353199, 0.184980, 0.254897), p = (-0.353199, 0.184980, 0.254897)
Body 2155: orig = (0.482946, 0.559609, 1.301885), p = (0.482946, 0.559609, 1.301885)
Body 2156: orig = (0.208543, 0.956347, 0.388254), p = (0.208543, 0.956347, 0.388254)
Body 2157: orig = (0.831514, 0.477799, 0.279251), p = (0.831514, 0.477799, 0.279251)
Body 2158: orig = (0.367542, -0.350969, 0.615322), p = (0.367542, -0.350969, 0.615322)
Body 2159: orig = (0.614287, 1.078175, 0.091987), p = (0.614287, 1.078175, 0.091987)
Body 2160: orig = (0.308070, 0.212791, 0.579054), p = (0.308070, 0.212791, 0.579054)
Body 2161: orig = (0.449167, 0.640581, 0.525122), p = (0.449167, 0.640581, 0.525122)
Body 2162: orig = (1.280044, 0.505752, 0.280642), p = (1.280044, 0.505752, 0.280642)
Body 2163: orig = (0.485973, 0.027922, 0.983839), p = (0.485973, 0.027922, 0.983839)
Body 2164: orig = (0.380309, 0.740044, 0.938599), p = (0.380309, 0.740044, 0.938599)
Body 2165: orig = (0.609633, 0.619662, -0.260160), p = (0.609633, 0.619662, -0.260160)
Body 2166: orig = (0.774831, 0.677186, 0.000534), p = (0.774831, 0.677186, 0.000534)
Body 2167: orig = (0.487411, 0.205233, 0.754353), p = (0.487411, 0.205233, 0.754353)
Body 2168: orig = (0.586162, 0.590480, -0.319017), p = (0.586162, 0.590480, -0.319017)
Body 2169: orig = (0.540043, -0.183990, 0.333992), p = (0.540043, -0.183990, 0.333992)
Body 2170: orig = (0.754158, 0.856706, 1.201983), p = (0.754158, 0.856706, 1.201983)
Body 2171: orig = (0.892368, 0.512127, 0.065936), p = (0.892368, 0.512127, 0.065936)
Body 2172: orig = (-0.192009, 1.235148, -0.473463), p = (-0.192009, 1.235148, -0.473463)
Body 2173: orig = (0.194344, 0.423812, -0.191567), p = (0.194344, 0.423812, -0.191567)
Body 2174: orig = (0.485018, 0.525927, -0.354182), p = (0.485018, 0.525927, -0.354182)
Body 2175: orig = (0.100365, 0.490784, 1.063195), p = (0.100365, 0.490784, 1.063195)
Body 2176: orig = (-0.410203, 0.733579, 0.226983), p = (-0.410203, 0.733579, 0.226983)
Body 2177: orig = (0.650553, 0.137582, -0.046688), p = (0.650553, 0.137582, -0.046688)
Body 2178: orig = (1.104730, 0.892138, 0.457384), p = (1.104730, 0.892138, 0.457384)
Body 2179: orig = (0.593149, 0.233356, -0.360307), p = (0.593149, 0.233356, -0.360307)
Body 2180: orig = (0.397191, 0.180730, 0.194218), p = (0.397191, 0.180730, 0.194218)
Body 2181: orig = (0.121195, 1.410435, 0.703603), p = (0.121195, 1.410435, 0.703603)
Body 2182: orig = (0.368094, 0.940728, 0.446929), p = (0.368094, 0.940728, 0.446929)
Body 2183: orig = (0.153728, 0.610652, 0.902886), p = (0.153728, 0.610652, 0.902886)
Body 2184: orig = (0.289086, 0.357299, 0.271553), p = (0.289086, 0.357299, 0.271553)
Body 2185: orig = (0.886345, 0.475753, 0.368852), p = (0.886345, 0.475753, 0.368852)
Body 2186: orig = (0.864526, 0.232459, 0.613051), p = (0.864526, 0.232459, 0.613051)
Body 2187: orig = (0.217889, 0.830285, 0.210931), p = (0.217889, 0.830285, 0.210931)
Body 2188: orig = (0.252831, 0.213792, -0.149055), p = (0.252831, 0.213792, -0.149055)
Body 2189: orig = (0.962639, 0.535480, 0.213315), p = (0.962639, 0.535480, 0.213315)
Body 2190: orig = (-0.260631, 0.677024, 0.459509), p = (-0.260631, 0.677024, 0.459509)
Body 2191: orig = (0.757376, 1.057733, 0.180283), p = (0.757376, 1.057733, 0.180283)
Body 2192: orig = (1.008260, 0.192089, 0.446806), p = (1.008260, 0.192089, 0.446806)
Body 2193: orig = (1.024253, 0.370801, 0.752403), p = (1.024253, 0.370801, 0.752403)
Body 2194: orig = (0.448968, 0.678131, 0.198674), p = (0.448968, 0.678131, 0.198674)
Body 2195: orig = (0.955915, 0.323977, 1.473945), p = (0.955915, 0.323977, 1.473945)
Body 2196: orig = (0.774504, 1.365050, 0.478382), p = (0.774504, 1.365050, 0.478382)
Body 2197: orig = (0.412291, 0.481331, -0.425227), p = (0.412291, 0.481331, -0.425227)
Body 2198: orig = (0.467745, 1.279454, 0.344646), p = (0.467745, 1.279454, 0.344646)
Body 2199: orig = (0.729788, 0.540677, 0.099347), p = (0.729788, 0.540677, 0.099347)
Body 2200: orig = (0.994971, 0.390341, 0.540418), p = (0.994971, 0.390341, 0.540418)
Body 2201: orig = (0.035941, -0.181075, 0.260226), p = (0.035941, -0.181075, 0.260226)
Body 2202: orig = (1.397807, 0.521839, 0.856808), p = (1.397807, 0.521839, 0.856808)
Body 2203: orig = (-0.012195, 0.233739, 0.390649), p = (-0.012195, 0.233739, 0.390649)
Body 2204: orig = (0.439828, 0.549769, 0.325059), p = (0.439828, 0.549769, 0.325059)
Body 2205: orig = (-0.157280, 0.514983, 0.896760), p = (-0.157280, 0.514983, 0.896760)
Body 2206: orig = (-0.253658, 0.245621, 0.388442), p = (-0.253658, 0.245621, 0.388442)
Body 2207: orig = (0.720781, 0.920971, 0.235327), p = (0.720781, 0.920971, 0.235327)
Body 2208: orig = (0.356494, 0.050678, 0.581395), p = (0.356494, 0.050678, 0.581395)
Body 2209: orig = (0.580996, 0.638695, 1.350843), p = (0.580996, 0.638695, 1.350843)
Body 2210: orig = (1.488389, 0.331691, 0.507404), p = (1.488389, 0.331691, 0.507404)
Body 2211: orig = (0.386555, 1.442218, 0.464059), p = (0.386555, 1.442218, 0.464059)
Body 2212: orig = (-0.608458, 0.206354, 0.927089), p = (-0.608458, 0.206354, 0.927089)
Body 2213: orig = (0.548062, -0.060270, 0.777426), p = (0.548062, -0.060270, 0.777426)
Body 2214: orig = (0.250470, 0.764859, 0.106121), p = (0.250470, 0.764859, 0.106121)
Body 2215: orig = (0.637133, 0.857517, 0.882127), p = (0.637133, 0.857517, 0.882127)
Body 2216: orig = (1.091249, 0.402431, 0.476868), p = (1.091249, 0.402431, 0.476868)
Body 2217: orig = (-0.013158, 0.371221, 0.490663), p = (-0.013158, 0.371221, 0.490663)
Body 2218: orig = (0.889894, 1.076293, 0.495138), p = (0.889894, 1.076293, 0.495138)
Body 2219: orig = (0.364575, 0.417061, -0.240357), p = (0.364575, 0.417061, -0.240357)
Body 2220: orig = (0.365384, 0.388800, 0.011930), p = (0.365384, 0.388800, 0.011930)
Body 2221: orig = (0.146851, 0.776940, 0.834250), p = (0.146851, 0.776940, 0.834250)
Body 2222: orig = (1.154032, -0.243814, 3.019134), p = (1.154032, -0.243814, 3.019134)
Body 2223: orig = (0.299453, 0.580611, -0.283860), p = (0.299453, 0.580611, -0.283860)
Body 2224: orig = (0.557846, 0.201394, 1.158369), p = (0.557846, 0.201394, 1.158369)
Body 2225: orig = (0.379756, 0.475076, 0.838417), p = (0.379756, 0.475076, 0.838417)
Body 2226: orig = (0.967662, 0.470063, 0.463271), p = (0.967662, 0.470063, 0.463271)
Body 2227: orig = (0.215258, 0.366219, 0.289321), p = (0.215258, 0.366219, 0.289321)
Body 2228: orig = (0.210841, -0.047351, 0.496698), p = (0.210841, -0.047351, 0.496698)
Body 2229: orig = (0.187308, 0.792257, 0.207591), p = (0.187308, 0.792257, 0.207591)
Body 2230: orig = (-0.103806, 0.574357, 0.807315), p = (-0.103806, 0.574357, 0.807315)
Body 2231: orig = (-0.041997, -1.482996, 0.007165), p = (-0.041997, -1.482996, 0.007165)
Body 2232: orig = (1.243565, 0.246151, 0.360758), p = (1.243565, 0.246151, 0.360758)
Body 2233: orig = (0.967962, 0.508308, -0.018458), p = (0.967962, 0.508308, -0.018458)
Body 2234: orig = (0.656633, 0.091279, 0.071458), p = (0.656633, 0.091279, 0.071458)
Body 2235: orig = (0.382847, 0.410119, 0.810126), p = (0.382847, 0.410119, 0.810126)
Body 2236: orig = (0.772721, 0.358071, -0.233998), p = (0.772721, 0.358071, -0.233998)
Body 2237: orig = (0.772529, 0.572990, -0.407734), p = (0.772529, 0.572990, -0.407734)
Body 2238: orig = (0.208865, 0.002344, 0.427451), p = (0.208865, 0.002344, 0.427451)
Body 2239: orig = (-0.069395, 0.127335, 0.594149), p = (-0.069395, 0.127335, 0.594149)
Body 2240: orig = (0.962868, 0.459037, 0.102326), p = (0.962868, 0.459037, 0.102326)
Body 2241: orig = (0.454055, -0.448958, 0.546706), p = (0.454055, -0.448958, 0.546706)
Body 2242: orig = (0.327457, 0.919110, 0.457108), p = (0.327457, 0.919110, 0.457108)
Body 2243: orig = (0.218516, 1.082875, 0.588731), p = (0.218516, 1.082875, 0.588731)
Body 2244: orig = (0.596410, -0.015486, 0.819834), p = (0.596410, -0.015486, 0.819834)
Body 2245: orig = (0.735358, 0.485390, 0.577793), p = (0.735358, 0.485390, 0.577793)
Body 2246: orig = (0.975679, 0.620964, 0.466885), p = (0.975679, 0.620964, 0.466885)
Body 2247: orig = (0.437007, 0.224696, 0.778849), p = (0.437007, 0.224696, 0.778849)
Body 2248: orig = (0.091963, 0.784098, 0.153381), p = (0.091963, 0.784098, 0.153381)
Body 2249: orig = (0.640660, 0.624825, 0.544013), p = (0.640660, 0.624825, 0.544013)
Body 2250: orig = (0.138104, 0.755787, 1.026836), p = (0.138104, 0.755787, 1.026836)
Body 2251: orig = (0.279403, 0.172511, 0.726845), p = (0.279403, 0.172511, 0.726845)
Body 2252: orig = (0.520398, 0.527088, 0.705901), p = (0.520398, 0.527088, 0.705901)
Body 2253: orig = (-0.038477, 0.038179, 1.175842), p = (-0.038477, 0.038179, 1.175842)
Body 2254: orig = (0.187196, 1.192390, 1.021731), p = (0.187196, 1.192390, 1.021731)
Body 2255: orig = (-0.115914, 0.364942, 0.790552), p = (-0.115914, 0.364942, 0.790552)
Body 2256: orig = (0.491521, 0.929464, 0.064843), p = (0.491521, 0.929464, 0.064843)
Body 2257: orig = (0.582911, 0.089943, 0.699967), p = (0.582911, 0.089943, 0.699967)
Body 2258: orig = (0.793633, 0.210738, 0.459302), p = (0.793633, 0.210738, 0.459302)
Body 2259: orig = (0.440298, -0.403273, 0.446057), p = (0.440298, -0.403273, 0.446057)
Body 2260: orig = (0.420336, 0.582758, -0.171566), p = (0.420336, 0.582758, -0.171566)
Body 2261: orig = (0.998835, 0.579956, 0.607966), p = (0.998835, 0.579956, 0.607966)
Body 2262: orig = (0.630034, 0.094623, 0.059970), p = (0.630034, 0.094623, 0.059970)
Body 2263: orig = (0.077337, 0.774439, 0.279409), p = (0.077337, 0.774439, 0.279409)
Body 2264: orig = (0.854735, 0.397594, -0.042448), p = (0.854735, 0.397594, -0.042448)
Body 2265: orig = (0.449305, 0.024726, 0.782934), p = (0.449305, 0.024726, 0.782934)
Body 2266: orig = (0.737770, 0.711252, 0.069304), p = (0.737770, 0.711252, 0.069304)
Body 2267: orig = (0.503901, 0.644748, 0.517249), p = (0.503901, 0.644748, 0.517249)
Body 2268: orig = (0.600618, 0.106086, 0.658630), p = (0.600618, 0.106086, 0.658630)
Body 2269: orig = (0.463629, 0.589747, 1.255571), p = (0.463629, 0.589747, 1.255571)
Body 2270: orig = (0.637473, 0.865207, 0.117471), p = (0.637473, 0.865207, 0.117471)
Body 2271: orig = (0.793901, 0.653600, 1.010425), p = (0.793901, 0.653600, 1.010425)
Body 2272: orig = (0.131040, 0.307185, 0.294095), p = (0.131040, 0.307185, 0.294095)
Body 2273: orig = (0.307518, 0.027727, 0.825094), p = (0.307518, 0.027727, 0.825094)
Body 2274: orig = (0.309664, 1.025292, 0.705755), p = (0.309664, 1.025292, 0.705755)
Body 2275: orig = (0.788672, 0.025357, -0.048636), p = (0.788672, 0.025357, -0.048636)
Body 2276: orig = (-0.391711, 0.546571, 0.464744), p = (-0.391711, 0.546571, 0.464744)
Body 2277: orig = (0.537713, 0.486527, 0.396971), p = (0.537713, 0.486527, 0.396971)
Body 2278: orig = (0.537751, 0.270282, 1.243506), p = (0.537751, 0.270282, 1.243506)
Body 2279: orig = (1.129446, 0.178005, 0.227854), p = (1.129446, 0.178005, 0.227854)
Body 2280: orig = (0.536596, 0.259809, 0.769911), p = (0.536596, 0.259809, 0.769911)
Body 2281: orig = (0.353137, 0.344175, 1.143478), p = (0.353137, 0.344175, 1.143478)
Body 2282: orig = (0.580993, 0.632145, 0.881399), p = (0.580993, 0.632145, 0.881399)
Body 2283: orig = (0.665599, 0.345210, -0.170715), p = (0.665599, 0.345210, -0.170715)
Body 2284: orig = (0.443516, 0.626314, 0.006835), p = (0.443516, 0.626314, 0.006835)
Body 2285: orig = (0.593408, 1.182159, 0.788442), p = (0.593408, 1.182159, 0.788442)
Body 2286: orig = (1.073316, 0.360870, 1.144943), p = (1.073316, 0.360870, 1.144943)
Body 2287: orig = (0.550053, 0.643312, 1.377302), p = (0.550053, 0.643312, 1.377302)
Body 2288: orig = (0.930380, 0.221786, 0.363481), p = (0.930380, 0.221786, 0.363481)
Body 2289: orig = (0.307541, 0.380752, 0.805695), p = (0.307541, 0.380752, 0.805695)
Body 2290: orig = (0.258016, 0.618306, 0.175756), p = (0.258016, 0.618306, 0.175756)
Body 2291: orig = (0.263748, 0.679455, 0.750439), p = (0.263748, 0.679455, 0.750439)
Body 2292: orig = (0.380258, 1.076589, 0.700093), p = (0.380258, 1.076589, 0.700093)
Body 2293: orig = (0.701608, 0.179582, 0.451035), p = (0.701608, 0.179582, 0.451035)
Body 2294: orig = (0.594569, 0.814315, 0.657103), p = (0.594569, 0.814315, 0.657103)
Body 2295: orig = (-0.162695, 0.496601, 0.661634), p = (-0.162695, 0.496601, 0.661634)
Body 2296: orig = (0.821820, -0.027761, 0.234032), p = (0.821820, -0.027761, 0.234032)
Body 2297: orig = (0.444769, 0.609281, 1.247531), p = (0.444769, 0.609281, 1.247531)
Body 2298: orig = (0.166831, 1.122512, 0.166261), p = (0.166831, 1.122512, 0.166261)
Body 2299: orig = (1.017550, 0.910434, 0.644572), p = (1.017550, 0.910434, 0.644572)
Body 2300: orig = (0.013802, 0.533813, 0.144237), p = (0.013802, 0.533813, 0.144237)
Body 2301: orig = (-0.286398, 0.241863, 0.523474), p = (-0.286398, 0.241863, 0.523474)
Body 2302: orig = (0.341672, 0.955045, 0.159862), p = (0.341672, 0.955045, 0.159862)
Body 2303: orig = (0.911488, 0.421305, 0.101477), p = (0.911488, 0.421305, 0.101477)
Body 2304: orig = (0.516747, 0.506432, 0.389630), p = (0.516747, 0.506432, 0.389630)
Body 2305: orig = (0.939037, 1.062388, 0.587463), p = (0.939037, 1.062388, 0.587463)
Body 2306: orig = (0.915532, 0.676926, 0.620740), p = (0.915532, 0.676926, 0.620740)
Body 2307: orig = (0.949947, -0.553316, 0.302363), p = (0.949947, -0.553316, 0.302363)
Body 2308: orig = (0.660758, 0.074147, 0.075999), p = (0.660758, 0.074147, 0.075999)
Body 2309: orig = (1.253551, 0.606728, 0.315310), p = (1.253551, 0.606728, 0.315310)
Body 2310: orig = (0.906214, 0.108913, 0.575299), p = (0.906214, 0.108913, 0.575299)
Body 2311: orig = (0.936517, 0.614678, 0.574473), p = (0.936517, 0.614678, 0.574473)
Body 2312: orig = (0.512104, 1.022392, -0.079872), p = (0.512104, 1.022392, -0.079872)
Body 2313: orig = (0.772085, 1.276478, 0.368942), p = (0.772085, 1.276478, 0.368942)
Body 2314: orig = (0.057626, 0.494241, 0.957043), p = (0.057626, 0.494241, 0.957043)
Body 2315: orig = (-0.239223, 0.558939, 0.196155), p = (-0.239223, 0.558939, 0.196155)
Body 2316: orig = (-0.871531, -0.082548, -2.741273), p = (-0.871531, -0.082548, -2.741273)
Body 2317: orig = (0.915573, 0.549759, -0.170001), p = (0.915573, 0.549759, -0.170001)
Body 2318: orig = (-0.240706, 0.236789, 1.202506), p = (-0.240706, 0.236789, 1.202506)
Body 2319: orig = (1.628075, 0.259336, 0.330230), p = (1.628075, 0.259336, 0.330230)
Body 2320: orig = (-0.557223, 12.875757, -3.483669), p = (-0.557223, 12.875757, -3.483669)
Body 2321: orig = (0.662947, 1.199471, 0.564540), p = (0.662947, 1.199471, 0.564540)
Body 2322: orig = (0.763191, 0.649368, 1.345033), p = (0.763191, 0.649368, 1.345033)
Body 2323: orig = (0.461793, 0.406990, 0.274762), p = (0.461793, 0.406990, 0.274762)
Body 2324: orig = (0.753380, 0.475389, 0.745780), p = (0.753380, 0.475389, 0.745780)
Body 2325: orig = (0.454262, 1.343519, 0.142615), p = (0.454262, 1.343519, 0.142615)
Body 2326: orig = (0.370723, 1.357329, 0.689819), p = (0.370723, 1.357329, 0.689819)
Body 2327: orig = (0.105549, 0.533675, 0.963204), p = (0.105549, 0.533675, 0.963204)
Body 2328: orig = (0.230460, 0.845087, 1.059524), p = (0.230460, 0.845087, 1.059524)
Body 2329: orig = (0.304334, 0.465689, 1.948351), p = (0.304334, 0.465689, 1.948351)
Body 2330: orig = (0.781291, 1.077300, 0.206680), p = (0.781291, 1.077300, 0.206680)
Body 2331: orig = (0.527041, 0.166835, 0.979020), p = (0.527041, 0.166835, 0.979020)
Body 2332: orig = (1.047200, -0.057459, 0.753800), p = (1.047200, -0.057459, 0.753800)
Body 2333: orig = (-0.240213, 0.331374, 0.762243), p = (-0.240213, 0.331374, 0.762243)
Body 2334: orig = (0.430581, 1.384850, 0.418405), p = (0.430581, 1.384850, 0.418405)
Body 2335: orig = (0.264777, 0.597884, 1.172976), p = (0.264777, 0.597884, 1.172976)
Body 2336: orig = (1.084795, 0.346788, 0.871437), p = (1.084795, 0.346788, 0.871437)
Body 2337: orig = (1.031729, 0.093854, 0.725222), p = (1.031729, 0.093854, 0.725222)
Body 2338: orig = (0.258705, 1.059393, 0.869222), p = (0.258705, 1.059393, 0.869222)
Body 2339: orig = (0.032562, 0.252800, 0.420764), p = (0.032562, 0.252800, 0.420764)
Body 2340: orig = (0.049025, -0.066131, 0.490758), p = (0.049025, -0.066131, 0.490758)
Body 2341: orig = (0.701863, 0.136480, 0.148873), p = (0.701863, 0.136480, 0.148873)
Body 2342: orig = (0.498533, -0.357278, 0.657223), p = (0.498533, -0.357278, 0.657223)
Body 2343: orig = (0.343136, 0.686867, 0.881610), p = (0.343136, 0.686867, 0.881610)
Body 2344: orig = (0.336942, 0.580691, 0.012011), p = (0.336942, 0.580691, 0.012011)
Body 2345: orig = (-0.167021, 0.362621, 0.773746), p = (-0.167021, 0.362621, 0.773746)
Body 2346: orig = (-0.107053, 0.347049, 0.723924), p = (-0.107053, 0.347049, 0.723924)
Body 2347: orig = (0.381783, 0.086140, 0.597275), p = (0.381783, 0.086140, 0.597275)
Body 2348: orig = (1.434445, 0.080951, 0.824541), p = (1.434445, 0.080951, 0.824541)
Body 2349: orig = (0.173044, 0.819206, 0.787016), p = (0.173044, 0.819206, 0.787016)
Body 2350: orig = (1.094455, 0.945796, 0.533530), p = (1.094455, 0.945796, 0.533530)
Body 2351: orig = (0.370227, 0.218727, 0.779290), p = (0.370227, 0.218727, 0.779290)
Body 2352: orig = (0.378361, 0.552715, 0.636540), p = (0.378361, 0.552715, 0.636540)
Body 2353: orig = (1.345202, 1.259129, 0.715806), p = (1.345202, 1.259129, 0.715806)
Body 2354: orig = (0.414243, 0.564904, 0.039528), p = (0.414243, 0.564904, 0.039528)
Body 2355: orig = (0.291318, 0.616553, 0.383343), p = (0.291318, 0.616553, 0.383343)
Body 2356: orig = (1.823908, 0.330649, -0.280014), p = (1.823908, 0.330649, -0.280014)
Body 2357: orig = (-0.349817, -0.290407, 0.042701), p = (-0.349817, -0.290407, 0.042701)
Body 2358: orig = (0.843714, 0.675789, 1.434239), p = (0.843714, 0.675789, 1.434239)
Body 2359: orig = (0.022657, 0.805906, 0.859933), p = (0.022657, 0.805906, 0.859933)
Body 2360: orig = (0.948893, 0.699767, 0.326663), p = (0.948893, 0.699767, 0.326663)
Body 2361: orig = (0.802391, 0.155712, 0.690019), p = (0.802391, 0.155712, 0.690019)
Body 2362: orig = (0.937402, 0.124984, 0.646574), p = (0.937402, 0.124984, 0.646574)
Body 2363: orig = (0.166439, 0.255895, 0.751203), p = (0.166439, 0.255895, 0.751203)
Body 2364: orig = (0.750974, 0.159001, 0.665725), p = (0.750974, 0.159001, 0.665725)
Body 2365: orig = (0.506625, 1.161676, 0.109505), p = (0.506625, 1.161676, 0.109505)
Body 2366: orig = (0.727998, -0.224433, 0.384358), p = (0.727998, -0.224433, 0.384358)
Body 2367: orig = (-0.090068, 0.898942, 0.761442), p = (-0.090068, 0.898942, 0.761442)
Body 2368: orig = (-0.357704, 0.368983, 0.680378), p = (-0.357704, 0.368983, 0.680378)
Body 2369: orig = (0.652684, 1.309886, 0.514611), p = (0.652684, 1.309886, 0.514611)
Body 2370: orig = (1.417376, 0.677791, 0.498164), p = (1.417376, 0.677791, 0.498164)
Body 2371: orig = (0.821300, 1.210910, -0.085193), p = (0.821300, 1.210910, -0.085193)
Body 2372: orig = (-0.196249, 0.539828, 0.557157), p = (-0.196249, 0.539828, 0.557157)
Body 2373: orig = (0.796526, 0.781220, 0.780752), p = (0.796526, 0.781220, 0.780752)
Body 2374: orig = (0.354117, 1.166587, 0.110859), p = (0.354117, 1.166587, 0.110859)
Body 2375: orig = (0.637094, 0.987777, 0.387366), p = (0.637094, 0.987777, 0.387366)
Body 2376: orig = (0.582817, 0.604849, 0.850671), p = (0.582817, 0.604849, 0.850671)
Body 2377: orig = (-0.201971, 0.545023, 0.973438), p = (-0.201971, 0.545023, 0.973438)
Body 2378: orig = (0.986035, 0.928357, 0.380165), p = (0.986035, 0.928357, 0.380165)
Body 2379: orig = (1.305282, -0.849778, 0.705502), p = (1.305282, -0.849778, 0.705502)
Body 2380: orig = (0.222518, 1.009251, 0.120009), p = (0.222518, 1.009251, 0.120009)
Body 2381: orig = (0.696357, 0.678510, -0.321963), p = (0.696357, 0.678510, -0.321963)
Body 2382: orig = (0.889260, 0.517660, 0.348718), p = (0.889260, 0.517660, 0.348718)
Body 2383: orig = (0.606468, 0.676978, -0.333195), p = (0.606468, 0.676978, -0.333195)
Body 2384: orig = (0.424685, 1.011160, 0.827725), p = (0.424685, 1.011160, 0.827725)
Body 2385: orig = (0.527631, 0.586980, 0.019454), p = (0.527631, 0.586980, 0.019454)
Body 2386: orig = (0.543941, 0.355113, -0.413157), p = (0.543941, 0.355113, -0.413157)
Body 2387: orig = (-0.418065, 0.431529, 0.292651), p = (-0.418065, 0.431529, 0.292651)
Body 2388: orig = (1.135190, 0.289345, 1.572483), p = (1.135190, 0.289345, 1.572483)
Body 2389: orig = (0.819367, 0.056269, 0.720238), p = (0.819367, 0.056269, 0.720238)
Body 2390: orig = (0.764396, 0.278848, -0.570492), p = (0.764396, 0.278848, -0.570492)
Body 2391: orig = (0.662977, 0.216146, 0.443271), p = (0.662977, 0.216146, 0.443271)
Body 2392: orig = (0.895839, 0.584191, -0.141969), p = (0.895839, 0.584191, -0.141969)
Body 2393: orig = (0.650378, -0.182578, 0.712800), p = (0.650378, -0.182578, 0.712800)
Body 2394: orig = (0.654926, -0.202475, 0.661281), p = (0.654926, -0.202475, 0.661281)
Body 2395: orig = (0.099270, 0.171394, 0.451250), p = (0.099270, 0.171394, 0.451250)
Body 2396: orig = (1.167362, 0.609711, 0.714377), p = (1.167362, 0.609711, 0.714377)
Body 2397: orig = (0.812566, 0.760429, 0.233229), p = (0.812566, 0.760429, 0.233229)
Body 2398: orig = (-0.289224, 0.421552, 0.287932), p = (-0.289224, 0.421552, 0.287932)
Body 2399: orig = (-0.108160, 0.985058, 0.617992), p = (-0.108160, 0.985058, 0.617992)
Body 2400: orig = (0.038766, 0.495735, 1.010097), p = (0.038766, 0.495735, 1.010097)
Body 2401: orig = (0.550991, 0.745051, 0.905415), p = (0.550991, 0.745051, 0.905415)
Body 2402: orig = (0.507499, 0.102091, 0.954878), p = (0.507499, 0.102091, 0.954878)
Body 2403: orig = (0.627354, 0.247704, 0.197042), p = (0.627354, 0.247704, 0.197042)
Body 2404: orig = (0.580104, -0.298113, 0.496729), p = (0.580104, -0.298113, 0.496729)
Body 2405: orig = (1.230616, 0.385008, 0.625324), p = (1.230616, 0.385008, 0.625324)
Body 2406: orig = (0.674787, -0.236978, 0.505703), p = (0.674787, -0.236978, 0.505703)
Body 2407: orig = (-0.046770, 0.398305, 0.459144), p = (-0.046770, 0.398305, 0.459144)
Body 2408: orig = (0.655265, 0.002331, 0.682257), p = (0.655265, 0.002331, 0.682257)
Body 2409: orig = (0.503348, 0.264760, 0.913921), p = (0.503348, 0.264760, 0.913921)
Body 2410: orig = (0.405990, 1.363838, 0.723147), p = (0.405990, 1.363838, 0.723147)
Body 2411: orig = (0.322762, 0.135031, 0.590300), p = (0.322762, 0.135031, 0.590300)
Body 2412: orig = (-0.440787, 0.635499, 0.563646), p = (-0.440787, 0.635499, 0.563646)
Body 2413: orig = (-0.094313, 0.598610, 1.015582), p = (-0.094313, 0.598610, 1.015582)
Body 2414: orig = (0.628559, -0.000847, 0.226808), p = (0.628559, -0.000847, 0.226808)
Body 2415: orig = (0.526980, 0.232513, -0.104521), p = (0.526980, 0.232513, -0.104521)
Body 2416: orig = (0.941909, 0.344415, 0.318099), p = (0.941909, 0.344415, 0.318099)
Body 2417: orig = (0.255879, -1.134502, 0.785741), p = (0.255879, -1.134502, 0.785741)
Body 2418: orig = (0.440913, 0.373155, 0.206279), p = (0.440913, 0.373155, 0.206279)
Body 2419: orig = (0.817840, -0.297325, 0.358598), p = (0.817840, -0.297325, 0.358598)
Body 2420: orig = (-0.019142, 0.484617, 0.656557), p = (-0.019142, 0.484617, 0.656557)
Body 2421: orig = (0.253117, 0.406659, -0.329865), p = (0.253117, 0.406659, -0.329865)
Body 2422: orig = (1.147655, 0.513544, 0.658712), p = (1.147655, 0.513544, 0.658712)
Body 2423: orig = (0.477511, 0.483751, -0.482587), p = (0.477511, 0.483751, -0.482587)
Body 2424: orig = (0.616063, 0.690714, 0.632958), p = (0.616063, 0.690714, 0.632958)
Body 2425: orig = (0.344846, 0.384902, 1.076928), p = (0.344846, 0.384902, 1.076928)
Body 2426: orig = (1.168687, 0.389989, 0.449124), p = (1.168687, 0.389989, 0.449124)
Body 2427: orig = (0.136446, 0.543552, 0.626459), p = (0.136446, 0.543552, 0.626459)
Body 2428: orig = (0.684329, 0.823973, 0.685597), p = (0.684329, 0.823973, 0.685597)
Body 2429: orig = (0.705397, 0.712182, 1.363230), p = (0.705397, 0.712182, 1.363230)
Body 2430: orig = (0.609820, 1.061511, 0.836634), p = (0.609820, 1.061511, 0.836634)
Body 2431: orig = (0.408198, 0.197024, 0.961702), p = (0.408198, 0.197024, 0.961702)
Body 2432: orig = (0.701003, 0.551653, 1.215819), p = (0.701003, 0.551653, 1.215819)
Body 2433: orig = (0.563165, 0.156147, 0.130322), p = (0.563165, 0.156147, 0.130322)
Body 2434: orig = (-1.122290, 1.139191, 0.240875), p = (-1.122290, 1.139191, 0.240875)
Body 2435: orig = (0.179738, 0.608597, 1.032871), p = (0.179738, 0.608597, 1.032871)
Body 2436: orig = (0.735197, 1.018764, -0.426853), p = (0.735197, 1.018764, -0.426853)
Body 2437: orig = (0.448005, 0.600759, 1.378417), p = (0.448005, 0.600759, 1.378417)
Body 2438: orig = (0.392314, 1.275680, 0.673727), p = (0.392314, 1.275680, 0.673727)
Body 2439: orig = (0.132469, -0.075616, 0.495396), p = (0.132469, -0.075616, 0.495396)
Body 2440: orig = (1.315482, 0.477885, 0.310091), p = (1.315482, 0.477885, 0.310091)
Body 2441: orig = (0.522861, 0.572433, 0.985753), p = (0.522861, 0.572433, 0.985753)
Body 2442: orig = (0.849068, 0.472973, 0.475298), p = (0.849068, 0.472973, 0.475298)
Body 2443: orig = (0.176123, 0.608298, 0.990538), p = (0.176123, 0.608298, 0.990538)
Body 2444: orig = (0.738207, 0.103198, 0.817549), p = (0.738207, 0.103198, 0.817549)
Body 2445: orig = (0.401790, 0.692322, 0.137975), p = (0.401790, 0.692322, 0.137975)
Body 2446: orig = (0.420540, 0.773203, -0.028880), p = (0.420540, 0.773203, -0.028880)
Body 2447: orig = (0.540017, 0.049292, 0.600181), p = (0.540017, 0.049292, 0.600181)
Body 2448: orig = (0.522736, 0.783781, 0.043284), p = (0.522736, 0.783781, 0.043284)
Body 2449: orig = (5.380456, 2.300947, 5.354196), p = (5.380456, 2.300947, 5.354196)
Body 2450: orig = (0.203174, 0.763083, 0.583386), p = (0.203174, 0.763083, 0.583386)
Body 2451: orig = (0.958841, 0.838397, -0.473489), p = (0.958841, 0.838397, -0.473489)
Body 2452: orig = (0.535378, 0.972779, 1.109398), p = (0.535378, 0.972779, 1.109398)
Body 2453: orig = (0.664777, 0.020820, 0.310418), p = (0.664777, 0.020820, 0.310418)
Body 2454: orig = (0.679681, 0.334554, 1.468102), p = (0.679681, 0.334554, 1.468102)
Body 2455: orig = (1.119607, 0.838500, 0.648423), p = (1.119607, 0.838500, 0.648423)
Body 2456: orig = (0.753262, 0.064211, -0.254697), p = (0.753262, 0.064211, -0.254697)
Body 2457: orig = (0.714171, -0.301879, 0.442704), p = (0.714171, -0.301879, 0.442704)
Body 2458: orig = (0.883263, 1.053709, 0.349330), p = (0.883263, 1.053709, 0.349330)
Body 2459: orig = (0.212360, 0.071898, 0.763735), p = (0.212360, 0.071898, 0.763735)
Body 2460: orig = (0.396159, 0.172204, 1.129990), p = (0.396159, 0.172204, 1.129990)
Body 2461: orig = (-0.443534, 0.220728, 0.169213), p = (-0.443534, 0.220728, 0.169213)
Body 2462: orig = (0.065185, 0.594821, 0.409275), p = (0.065185, 0.594821, 0.409275)
Body 2463: orig = (0.440601, -0.192545, 0.462755), p = (0.440601, -0.192545, 0.462755)
Body 2464: orig = (0.969110, 0.019807, 0.773420), p = (0.969110, 0.019807, 0.773420)
Body 2465: orig = (-0.058548, 1.621275, -0.002153), p = (-0.058548, 1.621275, -0.002153)
Body 2466: orig = (0.668674, 0.380338, 0.373651), p = (0.668674, 0.380338, 0.373651)
Body 2467: orig = (0.815425, 0.329261, 0.845945), p = (0.815425, 0.329261, 0.845945)
Body 2468: orig = (0.214352, 1.321088, 0.417832), p = (0.214352, 1.321088, 0.417832)
Body 2469: orig = (0.858311, 0.294235, -0.217782), p = (0.858311, 0.294235, -0.217782)
Body 2470: orig = (-0.369558, -0.236932, 0.801016), p = (-0.369558, -0.236932, 0.801016)
Body 2471: orig = (0.503169, 0.542681, 0.234384), p = (0.503169, 0.542681, 0.234384)
Body 2472: orig = (0.363489, 0.417773, -0.272536), p = (0.363489, 0.417773, -0.272536)
Body 2473: orig = (0.827127, 0.828535, 0.703699), p = (0.827127, 0.828535, 0.703699)
Body 2474: orig = (0.503877, 0.021944, 0.864268), p = (0.503877, 0.021944, 0.864268)
Body 2475: orig = (0.383532, 0.905894, 0.477344), p = (0.383532, 0.905894, 0.477344)
Body 2476: orig = (1.181161, 0.735393, 0.194102), p = (1.181161, 0.735393, 0.194102)
Body 2477: orig = (0.629161, 0.544916, 1.289697), p = (0.629161, 0.544916, 1.289697)
Body 2478: orig = (1.447894, 0.249893, 0.401343), p = (1.447894, 0.249893, 0.401343)
Body 2479: orig = (-0.677107, 0.218780, -0.516335), p = (-0.677107, 0.218780, -0.516335)
Body 2480: orig = (0.326396, 0.957336, 0.259145), p = (0.326396, 0.957336, 0.259145)
Body 2481: orig = (0.352174, 0.440408, 1.422982), p = (0.352174, 0.440408, 1.422982)
Body 2482: orig = (0.728474, 1.534701, 0.570636), p = (0.728474, 1.534701, 0.570636)
Body 2483: orig = (0.259659, 0.823356, 1.000985), p = (0.259659, 0.823356, 1.000985)
Body 2484: orig = (-0.051483, 0.336205, 0.831485), p = (-0.051483, 0.336205, 0.831485)
Body 2485: orig = (0.468838, 0.025883, 0.988083), p = (0.468838, 0.025883, 0.988083)
Body 2486: orig = (0.217433, 0.771954, 0.339519), p = (0.217433, 0.771954, 0.339519)
Body 2487: orig = (0.654152, 0.641397, 0.641205), p = (0.654152, 0.641397, 0.641205)
Body 2488: orig = (0.031921, 0.346003, -0.315884), p = (0.031921, 0.346003, -0.315884)
Body 2489: orig = (0.843777, 0.527529, -0.124360), p = (0.843777, 0.527529, -0.124360)
Body 2490: orig = (0.783687, 0.685365, -0.031980), p = (0.783687, 0.685365, -0.031980)
Body 2491: orig = (0.931114, 0.439098, 1.059644), p = (0.931114, 0.439098, 1.059644)
Body 2492: orig = (0.730724, 0.657454, 0.072981), p = (0.730724, 0.657454, 0.072981)
Body 2493: orig = (0.793202, 1.110311, 0.471973), p = (0.793202, 1.110311, 0.471973)
Body 2494: orig = (1.295415, 0.253424, 0.473623), p = (1.295415, 0.253424, 0.473623)
Body 2495: orig = (0.678736, 1.065678, 0.657215), p = (0.678736, 1.065678, 0.657215)
Body 2496: orig = (0.526025, 1.184507, 0.532258), p = (0.526025, 1.184507, 0.532258)
Body 2497: orig = (0.333953, 0.576763, 1.164008), p = (0.333953, 0.576763, 1.164008)
Body 2498: orig = (-0.290161, 1.047553, 0.082050), p = (-0.290161, 1.047553, 0.082050)
Body 2499: orig = (-0.861443, -0.082467, -1.066655), p = (-0.861443, -0.082467, -1.066655)
Body 2500: orig = (-0.114868, 0.617350, 0.734437), p = (-0.114868, 0.617350, 0.734437)
Body 2501: orig = (0.690791, 0.064530, 0.185520), p = (0.690791, 0.064530, 0.185520)
Body 2502: orig = (0.272174, 0.274336, 0.814633), p = (0.272174, 0.274336, 0.814633)
Body 2503: orig = (0.709645, 0.548847, 1.147805), p = (0.709645, 0.548847, 1.147805)
Body 2504: orig = (-0.033992, 0.432848, 0.342112), p = (-0.033992, 0.432848, 0.342112)
Body 2505: orig = (0.490641, 0.896832, 0.082712), p = (0.490641, 0.896832, 0.082712)
Body 2506: orig = (0.424600, 0.408136, 0.822749), p = (0.424600, 0.408136, 0.822749)
Body 2507: orig = (0.453595, -0.110291, 0.658101), p = (0.453595, -0.110291, 0.658101)
Body 2508: orig = (0.214466, 0.607940, -0.142277), p = (0.214466, 0.607940, -0.142277)
Body 2509: orig = (0.873515, 0.620012, 0.310915), p = (0.873515, 0.620012, 0.310915)
Body 2510: orig = (0.448803, 0.676247, 1.334562), p = (0.448803, 0.676247, 1.334562)
Body 2511: orig = (0.862242, 0.051765, 0.323922), p = (0.862242, 0.051765, 0.323922)
Body 2512: orig = (0.408675, 0.492472, 0.992949), p = (0.408675, 0.492472, 0.992949)
Body 2513: orig = (0.479081, 0.526116, 0.872860), p = (0.479081, 0.526116, 0.872860)
Body 2514: orig = (0.337073, 0.560926, 0.958947), p = (0.337073, 0.560926, 0.958947)
Body 2515: orig = (-0.378496, 0.457266, 0.195807), p = (-0.378496, 0.457266, 0.195807)
Body 2516: orig = (1.210802, 0.489347, 0.330362), p = (1.210802, 0.489347, 0.330362)
Body 2517: orig = (0.428161, 1.103844, 0.043501), p = (0.428161, 1.103844, 0.043501)
Body 2518: orig = (0.007569, 0.586522, 0.224522), p = (0.007569, 0.586522, 0.224522)
Body 2519: orig = (-0.206461, 0.731825, 0.566167), p = (-0.206461, 0.731825, 0.566167)
Body 2520: orig = (-0.018462, 0.779895, 0.408446), p = (-0.018462, 0.779895, 0.408446)
Body 2521: orig = (0.887697, 0.631274, 1.022650), p = (0.887697, 0.631274, 1.022650)
Body 2522: orig = (0.311961, 0.220581, 0.830137), p = (0.311961, 0.220581, 0.830137)
Body 2523: orig = (0.118286, 0.698667, 0.551545), p = (0.118286, 0.698667, 0.551545)
Body 2524: orig = (0.380030, -0.118646, -0.063065), p = (0.380030, -0.118646, -0.063065)
Body 2525: orig = (0.016645, 0.742812, 0.172346), p = (0.016645, 0.742812, 0.172346)
Body 2526: orig = (0.059302, 0.423787, 0.392813), p = (0.059302, 0.423787, 0.392813)
Body 2527: orig = (0.299020, 1.240090, 0.577053), p = (0.299020, 1.240090, 0.577053)
Body 2528: orig = (0.582723, 0.841448, 0.812052), p = (0.582723, 0.841448, 0.812052)
Body 2529: orig = (0.706984, 0.995721, 0.574054), p = (0.706984, 0.995721, 0.574054)
Body 2530: orig = (0.440821, 1.294810, 0.769679), p = (0.440821, 1.294810, 0.769679)
Body 2531: orig = (0.147819, 0.427577, 1.110815), p = (0.147819, 0.427577, 1.110815)
Body 2532: orig = (0.358142, 0.289449, 1.048290), p = (0.358142, 0.289449, 1.048290)
Body 2533: orig = (1.342476, 0.608589, 0.505647), p = (1.342476, 0.608589, 0.505647)
Body 2534: orig = (0.273686, 0.680237, 0.603391), p = (0.273686, 0.680237, 0.603391)
Body 2535: orig = (0.938128, 1.071916, 0.811007), p = (0.938128, 1.071916, 0.811007)
Body 2536: orig = (0.741362, 0.721384, 0.620631), p = (0.741362, 0.721384, 0.620631)
Body 2537: orig = (0.863922, 0.152096, 1.055022), p = (0.863922, 0.152096, 1.055022)
Body 2538: orig = (0.657831, 0.438586, 0.755985), p = (0.657831, 0.438586, 0.755985)
Body 2539: orig = (1.206591, 0.693709, 0.728118), p = (1.206591, 0.693709, 0.728118)
Body 2540: orig = (0.001777, 0.899008, 0.611588), p = (0.001777, 0.899008, 0.611588)
Body 2541: orig = (-0.406155, 0.694554, 0.353957), p = (-0.406155, 0.694554, 0.353957)
Body 2542: orig = (0.349632, 1.070514, 0.815118), p = (0.349632, 1.070514, 0.815118)
Body 2543: orig = (-0.315715, 0.576349, 1.080910), p = (-0.315715, 0.576349, 1.080910)
Body 2544: orig = (0.707892, 0.414591, -0.194288), p = (0.707892, 0.414591, -0.194288)
Body 2545: orig = (0.082802, 1.121353, 0.379162), p = (0.082802, 1.121353, 0.379162)
Body 2546: orig = (0.481546, 0.528911, 0.257710), p = (0.481546, 0.528911, 0.257710)
Body 2547: orig = (0.537443, 0.944203, 0.363926), p = (0.537443, 0.944203, 0.363926)
Body 2548: orig = (0.242186, 0.222618, -0.115680), p = (0.242186, 0.222618, -0.115680)
Body 2549: orig = (0.220801, 0.496040, 0.958579), p = (0.220801, 0.496040, 0.958579)
Body 2550: orig = (0.927299, 0.578492, 0.088617), p = (0.927299, 0.578492, 0.088617)
Body 2551: orig = (-0.046832, 0.632878, 1.009615), p = (-0.046832, 0.632878, 1.009615)
Body 2552: orig = (0.573181, 0.634142, 0.110593), p = (0.573181, 0.634142, 0.110593)
Body 2553: orig = (0.775025, -0.241684, 0.501853), p = (0.775025, -0.241684, 0.501853)
Body 2554: orig = (0.662855, 1.049127, 0.742845), p = (0.662855, 1.049127, 0.742845)
Body 2555: orig = (0.833122, 0.132851, 0.628119), p = (0.833122, 0.132851, 0.628119)
Body 2556: orig = (0.998381, 0.188609, 0.269917), p = (0.998381, 0.188609, 0.269917)
Body 2557: orig = (-0.002951, 0.424147, 0.703640), p = (-0.002951, 0.424147, 0.703640)
Body 2558: orig = (0.436800, 0.457978, 0.337716), p = (0.436800, 0.457978, 0.337716)
Body 2559: orig = (-0.335497, 0.301838, 0.517670), p = (-0.335497, 0.301838, 0.517670)
Body 2560: orig = (0.480549, 0.514899, -0.113290), p = (0.480549, 0.514899, -0.113290)
Body 2561: orig = (0.340939, 0.219562, 0.675799), p = (0.340939, 0.219562, 0.675799)
Body 2562: orig = (0.491574, 0.266011, 0.307276), p = (0.491574, 0.266011, 0.307276)
Body 2563: orig = (0.383494, 0.378685, -0.319132), p = (0.383494, 0.378685, -0.319132)
Body 2564: orig = (0.430338, 0.315714, 0.938211), p = (0.430338, 0.315714, 0.938211)
Body 2565: orig = (0.867314, 0.336242, 0.048206), p = (0.867314, 0.336242, 0.048206)
Body 2566: orig = (0.834588, 0.304100, 0.440763), p = (0.834588, 0.304100, 0.440763)
Body 2567: orig = (0.369668, 2.629100, 3.134644), p = (0.369668, 2.629100, 3.134644)
Body 2568: orig = (0.714780, 0.638790, 0.175252), p = (0.714780, 0.638790, 0.175252)
Body 2569: orig = (-0.159116, 0.309792, 0.839303), p = (-0.159116, 0.309792, 0.839303)
Body 2570: orig = (1.001038, 0.967378, 0.015473), p = (1.001038, 0.967378, 0.015473)
Body 2571: orig = (-0.507727, 0.259353, 0.692056), p = (-0.507727, 0.259353, 0.692056)
Body 2572: orig = (0.463138, 0.733722, -0.298582), p = (0.463138, 0.733722, -0.298582)
Body 2573: orig = (0.272346, 1.136119, 0.429354), p = (0.272346, 1.136119, 0.429354)
Body 2574: orig = (0.729384, 1.203038, 0.420821), p = (0.729384, 1.203038, 0.420821)
Body 2575: orig = (0.104394, 0.657789, 0.786532), p = (0.104394, 0.657789, 0.786532)
Body 2576: orig = (0.574976, 0.400706, 0.064829), p = (0.574976, 0.400706, 0.064829)
Body 2577: orig = (0.542718, 0.795364, 0.163733), p = (0.542718, 0.795364, 0.163733)
Body 2578: orig = (0.494655, 0.583649, -0.004579), p = (0.494655, 0.583649, -0.004579)
Body 2579: orig = (0.341540, 0.641142, -0.391389), p = (0.341540, 0.641142, -0.391389)
Body 2580: orig = (0.491298, 0.810062, 1.556059), p = (0.491298, 0.810062, 1.556059)
Body 2581: orig = (0.238847, 0.428678, 0.951642), p = (0.238847, 0.428678, 0.951642)
Body 2582: orig = (0.402932, -0.152995, 0.428558), p = (0.402932, -0.152995, 0.428558)
Body 2583: orig = (0.275088, 0.526019, -0.249043), p = (0.275088, 0.526019, -0.249043)
Body 2584: orig = (-0.369436, 0.633266, 0.536968), p = (-0.369436, 0.633266, 0.536968)
Body 2585: orig = (0.495551, 0.440800, 1.097301), p = (0.495551, 0.440800, 1.097301)
Body 2586: orig = (0.275790, 0.689424, 0.211807), p = (0.275790, 0.689424, 0.211807)
Body 2587: orig = (0.528029, 0.352846, 1.147819), p = (0.528029, 0.352846, 1.147819)
Body 2588: orig = (0.449210, 1.450846, 0.459712), p = (0.449210, 1.450846, 0.459712)
Body 2589: orig = (0.511418, 1.183908, 0.408290), p = (0.511418, 1.183908, 0.408290)
Body 2590: orig = (0.427466, -0.076781, 0.128198), p = (0.427466, -0.076781, 0.128198)
Body 2591: orig = (0.781510, 0.952778, 0.626574), p = (0.781510, 0.952778, 0.626574)
Body 2592: orig = (0.791562, 0.624400, 0.367489), p = (0.791562, 0.624400, 0.367489)
Body 2593: orig = (0.399995, 0.566362, -0.135393), p = (0.399995, 0.566362, -0.135393)
Body 2594: orig = (0.096414, -0.010341, 0.249434), p = (0.096414, -0.010341, 0.249434)
Body 2595: orig = (0.269077, -0.101567, 0.583987), p = (0.269077, -0.101567, 0.583987)
Body 2596: orig = (-0.123017, 0.385106, 0.481759), p = (-0.123017, 0.385106, 0.481759)
Body 2597: orig = (0.600597, 1.023076, 0.640458), p = (0.600597, 1.023076, 0.640458)
Body 2598: orig = (0.924407, 0.697917, 0.337002), p = (0.924407, 0.697917, 0.337002)
Body 2599: orig = (0.960425, 0.527467, 0.758365), p = (0.960425, 0.527467, 0.758365)
Body 2600: orig = (0.233954, 0.971524, 0.936953), p = (0.233954, 0.971524, 0.936953)
Body 2601: orig = (0.010588, 0.441767, 0.262718), p = (0.010588, 0.441767, 0.262718)
Body 2602: orig = (-0.203754, 0.792124, 0.460101), p = (-0.203754, 0.792124, 0.460101)
Body 2603: orig = (0.476943, 0.205662, 0.818514), p = (0.476943, 0.205662, 0.818514)
Body 2604: orig = (0.694140, 0.361633, 1.101402), p = (0.694140, 0.361633, 1.101402)
Body 2605: orig = (-0.370818, 0.541152, 0.444091), p = (-0.370818, 0.541152, 0.444091)
Body 2606: orig = (1.264363, 0.270774, 0.556567), p = (1.264363, 0.270774, 0.556567)
Body 2607: orig = (0.010689, 0.473592, 0.404445), p = (0.010689, 0.473592, 0.404445)
Body 2608: orig = (0.329405, 0.276060, 0.428254), p = (0.329405, 0.276060, 0.428254)
Body 2609: orig = (0.501167, 0.664409, -0.149011), p = (0.501167, 0.664409, -0.149011)
Body 2610: orig = (0.872868, 0.395885, 0.779588), p = (0.872868, 0.395885, 0.779588)
Body 2611: orig = (0.063232, 0.305964, 0.584112), p = (0.063232, 0.305964, 0.584112)
Body 2612: orig = (0.611306, 1.425166, 0.250624), p = (0.611306, 1.425166, 0.250624)
Body 2613: orig = (1.120117, 0.332839, 0.762789), p = (1.120117, 0.332839, 0.762789)
Body 2614: orig = (1.114378, 0.369589, 0.350244), p = (1.114378, 0.369589, 0.350244)
Body 2615: orig = (1.050186, 0.102069, 0.706677), p = (1.050186, 0.102069, 0.706677)
Body 2616: orig = (1.099866, -0.136169, 0.716965), p = (1.099866, -0.136169, 0.716965)
Body 2617: orig = (0.377682, -0.375487, 0.677193), p = (0.377682, -0.375487, 0.677193)
Body 2618: orig = (0.387431, -0.363509, 0.368097), p = (0.387431, -0.363509, 0.368097)
Body 2619: orig = (0.249490, 0.568277, 1.108296), p = (0.249490, 0.568277, 1.108296)
Body 2620: orig = (1.355347, 0.533903, 0.321941), p = (1.355347, 0.533903, 0.321941)
Body 2621: orig = (-0.369142, 0.588464, 0.601951), p = (-0.369142, 0.588464, 0.601951)
Body 2622: orig = (0.571216, -0.500618, 0.576671), p = (0.571216, -0.500618, 0.576671)
Body 2623: orig = (0.360605, 0.803240, 1.027281), p = (0.360605, 0.803240, 1.027281)
Body 2624: orig = (0.037765, 1.198734, 0.734210), p = (0.037765, 1.198734, 0.734210)
Body 2625: orig = (0.670562, -0.411957, 0.521085), p = (0.670562, -0.411957, 0.521085)
Body 2626: orig = (0.506716, -0.008691, 0.222720), p = (0.506716, -0.008691, 0.222720)
Body 2627: orig = (0.441068, 0.186072, 0.189176), p = (0.441068, 0.186072, 0.189176)
Body 2628: orig = (0.566998, 0.708609, 1.234534), p = (0.566998, 0.708609, 1.234534)
Body 2629: orig = (1.060093, 0.282484, 0.353800), p = (1.060093, 0.282484, 0.353800)
Body 2630: orig = (0.510266, 0.418780, 1.171097), p = (0.510266, 0.418780, 1.171097)
Body 2631: orig = (1.239115, 0.793468, 0.549048), p = (1.239115, 0.793468, 0.549048)
Body 2632: orig = (0.162447, 0.901057, 0.896365), p = (0.162447, 0.901057, 0.896365)
Body 2633: orig = (0.498634, 0.863268, 0.170407), p = (0.498634, 0.863268, 0.170407)
Body 2634: orig = (0.480533, 0.590914, 0.519010), p = (0.480533, 0.590914, 0.519010)
Body 2635: orig = (0.316098, 1.446763, 0.393053), p = (0.316098, 1.446763, 0.393053)
Body 2636: orig = (1.295898, 0.651603, 0.914746), p = (1.295898, 0.651603, 0.914746)
Body 2637: orig = (1.303526, 0.521654, 0.154410), p = (1.303526, 0.521654, 0.154410)
Body 2638: orig = (-0.180108, 0.400396, 0.532605), p = (-0.180108, 0.400396, 0.532605)
Body 2639: orig = (0.119068, 0.825195, 1.022272), p = (0.119068, 0.825195, 1.022272)
Body 2640: orig = (0.119101, 1.305707, 0.571295), p = (0.119101, 1.305707, 0.571295)
Body 2641: orig = (0.359357, 0.291946, 0.157978), p = (0.359357, 0.291946, 0.157978)
Body 2642: orig = (0.450146, 0.227338, 0.280850), p = (0.450146, 0.227338, 0.280850)
Body 2643: orig = (0.565243, -0.173980, 0.313876), p = (0.565243, -0.173980, 0.313876)
Body 2644: orig = (0.175224, 0.741103, 0.188175), p = (0.175224, 0.741103, 0.188175)
Body 2645: orig = (1.376951, 0.520783, 0.321893), p = (1.376951, 0.520783, 0.321893)
Body 2646: orig = (0.323523, 0.660121, 1.111710), p = (0.323523, 0.660121, 1.111710)
Body 2647: orig = (-0.313316, 0.334310, 0.423335), p = (-0.313316, 0.334310, 0.423335)
Body 2648: orig = (0.535347, 0.405903, -0.445369), p = (0.535347, 0.405903, -0.445369)
Body 2649: orig = (0.535439, 0.574843, 0.180463), p = (0.535439, 0.574843, 0.180463)
Body 2650: orig = (0.910659, 0.302170, 0.416523), p = (0.910659, 0.302170, 0.416523)
Body 2651: orig = (0.532539, 1.300609, 0.332927), p = (0.532539, 1.300609, 0.332927)
Body 2652: orig = (0.325355, 0.448186, 0.421582), p = (0.325355, 0.448186, 0.421582)
Body 2653: orig = (0.451841, 0.548956, 1.426794), p = (0.451841, 0.548956, 1.426794)
Body 2654: orig = (0.506194, 0.382450, -0.285569), p = (0.506194, 0.382450, -0.285569)
Body 2655: orig = (0.123563, 0.341867, 0.703350), p = (0.123563, 0.341867, 0.703350)
Body 2656: orig = (0.205986, 0.486621, 1.356056), p = (0.205986, 0.486621, 1.356056)
Body 2657: orig = (0.429921, 0.155895, 0.597569), p = (0.429921, 0.155895, 0.597569)
Body 2658: orig = (0.503422, -0.403040, 0.759536), p = (0.503422, -0.403040, 0.759536)
Body 2659: orig = (0.719112, 0.966064, 0.362156), p = (0.719112, 0.966064, 0.362156)
Body 2660: orig = (0.356885, 0.127839, 0.624946), p = (0.356885, 0.127839, 0.624946)
Body 2661: orig = (0.939154, 0.610853, 1.021145), p = (0.939154, 0.610853, 1.021145)
Body 2662: orig = (0.329101, 0.213307, 1.007550), p = (0.329101, 0.213307, 1.007550)
Body 2663: orig = (0.296405, 0.347895, 0.728795), p = (0.296405, 0.347895, 0.728795)
Body 2664: orig = (1.178583, 0.194571, 0.574135), p = (1.178583, 0.194571, 0.574135)
Body 2665: orig = (0.643187, 0.648055, 1.076334), p = (0.643187, 0.648055, 1.076334)
Body 2666: orig = (0.512230, 0.062103, 0.455115), p = (0.512230, 0.062103, 0.455115)
Body 2667: orig = (0.134579, 0.506358, 0.612006), p = (0.134579, 0.506358, 0.612006)
Body 2668: orig = (0.821559, 0.613906, 0.220212), p = (0.821559, 0.613906, 0.220212)
Body 2669: orig = (1.055075, -0.113692, 0.834374), p = (1.055075, -0.113692, 0.834374)
Body 2670: orig = (0.280589, 0.594934, 1.057915), p = (0.280589, 0.594934, 1.057915)
Body 2671: orig = (0.525439, -0.411269, 0.444871), p = (0.525439, -0.411269, 0.444871)
Body 2672: orig = (0.743526, 0.888456, 0.695808), p = (0.743526, 0.888456, 0.695808)
Body 2673: orig = (0.927094, 0.498214, 0.309514), p = (0.927094, 0.498214, 0.309514)
Body 2674: orig = (0.255971, 0.194108, 0.904312), p = (0.255971, 0.194108, 0.904312)
Body 2675: orig = (0.308144, 0.747909, 0.911919), p = (0.308144, 0.747909, 0.911919)
Body 2676: orig = (-0.593452, 0.465712, 0.119162), p = (-0.593452, 0.465712, 0.119162)
Body 2677: orig = (0.675805, 0.361038, -0.094827), p = (0.675805, 0.361038, -0.094827)
Body 2678: orig = (1.049135, 0.665785, 0.241355), p = (1.049135, 0.665785, 0.241355)
Body 2679: orig = (0.324703, 0.498093, 0.963951), p = (0.324703, 0.498093, 0.963951)
Body 2680: orig = (0.863320, 0.426624, -0.118140), p = (0.863320, 0.426624, -0.118140)
Body 2681: orig = (0.103453, 0.049292, 0.389075), p = (0.103453, 0.049292, 0.389075)
Body 2682: orig = (-0.172339, 0.683845, 0.538247), p = (-0.172339, 0.683845, 0.538247)
Body 2683: orig = (1.036986, 0.415892, 0.717876), p = (1.036986, 0.415892, 0.717876)
Body 2684: orig = (-0.130446, 0.271636, 0.432671), p = (-0.130446, 0.271636, 0.432671)
Body 2685: orig = (0.926402, 0.146920, 0.250447), p = (0.926402, 0.146920, 0.250447)
Body 2686: orig = (0.243892, 1.255236, 0.578013), p = (0.243892, 1.255236, 0.578013)
Body 2687: orig = (0.774235, 0.784985, 0.657231), p = (0.774235, 0.784985, 0.657231)
Body 2688: orig = (0.283530, 0.551886, 0.308985), p = (0.283530, 0.551886, 0.308985)
Body 2689: orig = (0.649995, 0.774986, 0.048931), p = (0.649995, 0.774986, 0.048931)
Body 2690: orig = (0.566944, -0.598196, 0.573678), p = (0.566944, -0.598196, 0.573678)
Body 2691: orig = (0.673440, 0.678125, 0.708800), p = (0.673440, 0.678125, 0.708800)
Body 2692: orig = (-0.048408, 0.610022, 0.850354), p = (-0.048408, 0.610022, 0.850354)
Body 2693: orig = (0.405434, 0.617621, 0.588648), p = (0.405434, 0.617621, 0.588648)
Body 2694: orig = (0.889130, 1.202610, 0.823610), p = (0.889130, 1.202610, 0.823610)
Body 2695: orig = (0.487543, 0.130014, -0.039838), p = (0.487543, 0.130014, -0.039838)
Body 2696: orig = (-0.082991, 0.201651, 0.623212), p = (-0.082991, 0.201651, 0.623212)
Body 2697: orig = (0.560394, 0.843443, 0.821081), p = (0.560394, 0.843443, 0.821081)
Body 2698: orig = (-0.553319, 0.901864, 0.632588), p = (-0.553319, 0.901864, 0.632588)
Body 2699: orig = (0.360320, 1.386008, 0.301924), p = (0.360320, 1.386008, 0.301924)
Body 2700: orig = (0.762911, 0.365793, 1.530332), p = (0.762911, 0.365793, 1.530332)
Body 2701: orig = (-0.515517, 0.562799, 0.581747), p = (-0.515517, 0.562799, 0.581747)
Body 2702: orig = (0.538286, 0.313436, -0.297153), p = (0.538286, 0.313436, -0.297153)
Body 2703: orig = (0.854186, 0.070389, 0.333088), p = (0.854186, 0.070389, 0.333088)
Body 2704: orig = (-0.025027, 0.202429, 0.591180), p = (-0.025027, 0.202429, 0.591180)
Body 2705: orig = (0.463315, 0.763688, 1.489575), p = (0.463315, 0.763688, 1.489575)
Body 2706: orig = (0.544169, 0.165182, -0.019161), p = (0.544169, 0.165182, -0.019161)
Body 2707: orig = (0.674152, -0.049942, 0.696683), p = (0.674152, -0.049942, 0.696683)
Body 2708: orig = (1.046850, 0.571799, 0.205390), p = (1.046850, 0.571799, 0.205390)
Body 2709: orig = (0.188233, 0.523167, 0.479406), p = (0.188233, 0.523167, 0.479406)
Body 2710: orig = (-0.079202, 0.522509, 0.645090), p = (-0.079202, 0.522509, 0.645090)
Body 2711: orig = (1.061675, 0.676275, 0.552612), p = (1.061675, 0.676275, 0.552612)
Body 2712: orig = (0.513752, 0.110311, 1.021014), p = (0.513752, 0.110311, 1.021014)
Body 2713: orig = (0.159122, 0.707687, 0.471796), p = (0.159122, 0.707687, 0.471796)
Body 2714: orig = (0.706983, 0.451685, -0.806140), p = (0.706983, 0.451685, -0.806140)
Body 2715: orig = (0.492315, 0.035095, 0.931680), p = (0.492315, 0.035095, 0.931680)
Body 2716: orig = (0.376276, 0.103040, 0.344432), p = (0.376276, 0.103040, 0.344432)
Body 2717: orig = (0.895573, 1.031947, 1.738300), p = (0.895573, 1.031947, 1.738300)
Body 2718: orig = (0.432437, 0.191809, -0.131901), p = (0.432437, 0.191809, -0.131901)
Body 2719: orig = (1.772218, 0.685260, 0.367603), p = (1.772218, 0.685260, 0.367603)
Body 2720: orig = (0.130784, 0.855611, 0.548352), p = (0.130784, 0.855611, 0.548352)
Body 2721: orig = (0.044137, 0.330977, 0.164064), p = (0.044137, 0.330977, 0.164064)
Body 2722: orig = (0.462593, 0.751485, -0.003901), p = (0.462593, 0.751485, -0.003901)
Body 2723: orig = (-0.010474, 0.539027, 0.599092), p = (-0.010474, 0.539027, 0.599092)
Body 2724: orig = (0.947326, 0.762449, 1.167233), p = (0.947326, 0.762449, 1.167233)
Body 2725: orig = (1.108113, 1.121353, 0.187339), p = (1.108113, 1.121353, 0.187339)
Body 2726: orig = (0.720254, 0.136213, 0.742719), p = (0.720254, 0.136213, 0.742719)
Body 2727: orig = (0.437654, 0.779536, 1.252216), p = (0.437654, 0.779536, 1.252216)
Body 2728: orig = (0.466967, 0.912985, 0.794166), p = (0.466967, 0.912985, 0.794166)
Body 2729: orig = (-0.053118, 0.146338, 0.287656), p = (-0.053118, 0.146338, 0.287656)
Body 2730: orig = (0.285714, 0.512357, 0.057113), p = (0.285714, 0.512357, 0.057113)
Body 2731: orig = (0.770131, 0.631096, -0.349501), p = (0.770131, 0.631096, -0.349501)
Body 2732: orig = (0.888539, -0.125814, 0.265587), p = (0.888539, -0.125814, 0.265587)
Body 2733: orig = (0.820022, 0.576706, 1.010066), p = (0.820022, 0.576706, 1.010066)
Body 2734: orig = (0.741679, -0.290172, 0.674735), p = (0.741679, -0.290172, 0.674735)
Body 2735: orig = (0.227979, -0.266573, 0.397810), p = (0.227979, -0.266573, 0.397810)
Body 2736: orig = (0.384700, 0.547031, 1.138232), p = (0.384700, 0.547031, 1.138232)
Body 2737: orig = (0.462341, 1.000378, 0.290283), p = (0.462341, 1.000378, 0.290283)
Body 2738: orig = (0.418103, 0.670792, 0.847739), p = (0.418103, 0.670792, 0.847739)
Body 2739: orig = (0.576787, 0.503806, 0.585464), p = (0.576787, 0.503806, 0.585464)
Body 2740: orig = (0.468486, 0.590183, 0.486065), p = (0.468486, 0.590183, 0.486065)
Body 2741: orig = (1.363326, 0.401912, 0.403216), p = (1.363326, 0.401912, 0.403216)
Body 2742: orig = (-0.361294, 0.454723, 0.361997), p = (-0.361294, 0.454723, 0.361997)
Body 2743: orig = (0.397085, 0.825255, 0.577321), p = (0.397085, 0.825255, 0.577321)
Body 2744: orig = (1.416029, 0.636109, 0.641040), p = (1.416029, 0.636109, 0.641040)
Body 2745: orig = (0.732309, 0.290399, 0.544014), p = (0.732309, 0.290399, 0.544014)
Body 2746: orig = (0.341379, 0.629543, 1.017501), p = (0.341379, 0.629543, 1.017501)
Body 2747: orig = (-0.061521, 2.284304, 1.017514), p = (-0.061521, 2.284304, 1.017514)
Body 2748: orig = (1.101425, 0.654449, 0.332840), p = (1.101425, 0.654449, 0.332840)
Body 2749: orig = (-0.102526, 1.006905, 0.592185), p = (-0.102526, 1.006905, 0.592185)
Body 2750: orig = (0.699090, 1.259513, 0.384171), p = (0.699090, 1.259513, 0.384171)
Body 2751: orig = (0.527280, -0.015354, 0.696719), p = (0.527280, -0.015354, 0.696719)
Body 2752: orig = (-0.061541, 0.605203, 0.034140), p = (-0.061541, 0.605203, 0.034140)
Body 2753: orig = (0.126215, 0.621252, 0.031901), p = (0.126215, 0.621252, 0.031901)
Body 2754: orig = (0.299214, 0.540853, 0.429935), p = (0.299214, 0.540853, 0.429935)
Body 2755: orig = (0.552191, 0.579096, 1.042495), p = (0.552191, 0.579096, 1.042495)
Body 2756: orig = (0.220373, 1.350538, 0.703522), p = (0.220373, 1.350538, 0.703522)
Body 2757: orig = (0.389290, 0.615300, 0.855136), p = (0.389290, 0.615300, 0.855136)
Body 2758: orig = (-0.236254, 0.657604, 0.151236), p = (-0.236254, 0.657604, 0.151236)
Body 2759: orig = (0.070486, 0.335006, 1.047228), p = (0.070486, 0.335006, 1.047228)
Body 2760: orig = (0.159875, 1.297864, -0.004212), p = (0.159875, 1.297864, -0.004212)
Body 2761: orig = (0.558102, 0.754531, 0.042675), p = (0.558102, 0.754531, 0.042675)
Body 2762: orig = (0.685443, 0.530472, -0.011736), p = (0.685443, 0.530472, -0.011736)
Body 2763: orig = (0.617108, 0.418505, 0.916212), p = (0.617108, 0.418505, 0.916212)
Body 2764: orig = (0.378870, -0.537949, 0.622744), p = (0.378870, -0.537949, 0.622744)
Body 2765: orig = (0.364175, 0.485251, 0.806749), p = (0.364175, 0.485251, 0.806749)
Body 2766: orig = (0.849992, 0.065580, 0.361250), p = (0.849992, 0.065580, 0.361250)
Body 2767: orig = (0.640505, 0.045166, 0.354032), p = (0.640505, 0.045166, 0.354032)
Body 2768: orig = (0.083601, 0.777324, 0.549493), p = (0.083601, 0.777324, 0.549493)
Body 2769: orig = (0.452990, 0.562857, 0.320325), p = (0.452990, 0.562857, 0.320325)
Body 2770: orig = (0.505124, 0.921730, 0.873317), p = (0.505124, 0.921730, 0.873317)
Body 2771: orig = (0.971621, 0.934313, 0.559519), p = (0.971621, 0.934313, 0.559519)
Body 2772: orig = (0.675100, 1.563524, 0.506919), p = (0.675100, 1.563524, 0.506919)
Body 2773: orig = (0.409201, -0.044133, 0.659784), p = (0.409201, -0.044133, 0.659784)
Body 2774: orig = (-0.047570, -0.223924, 0.623321), p = (-0.047570, -0.223924, 0.623321)
Body 2775: orig = (0.292778, 1.065848, 0.603497), p = (0.292778, 1.065848, 0.603497)
Body 2776: orig = (1.141459, 0.442242, 1.288701), p = (1.141459, 0.442242, 1.288701)
Body 2777: orig = (0.851551, 0.610929, 0.177733), p = (0.851551, 0.610929, 0.177733)
Body 2778: orig = (0.083405, 1.009963, 0.637482), p = (0.083405, 1.009963, 0.637482)
Body 2779: orig = (0.857530, 0.647910, 0.671590), p = (0.857530, 0.647910, 0.671590)
Body 2780: orig = (0.678041, 0.861069, 0.883875), p = (0.678041, 0.861069, 0.883875)
Body 2781: orig = (1.037289, 0.105467, 0.381642), p = (1.037289, 0.105467, 0.381642)
Body 2782: orig = (0.851738, 0.551880, 0.668952), p = (0.851738, 0.551880, 0.668952)
Body 2783: orig = (0.820017, 0.417592, -0.198040), p = (0.820017, 0.417592, -0.198040)
Body 2784: orig = (0.571430, 0.301841, 1.218165), p = (0.571430, 0.301841, 1.218165)
Body 2785: orig = (1.302728, 0.450466, 0.572582), p = (1.302728, 0.450466, 0.572582)
Body 2786: orig = (0.327758, 0.341432, 1.013698), p = (0.327758, 0.341432, 1.013698)
Body 2787: orig = (0.571001, 0.399382, 1.515316), p = (0.571001, 0.399382, 1.515316)
Body 2788: orig = (1.019740, 0.836031, 0.632102), p = (1.019740, 0.836031, 0.632102)
Body 2789: orig = (0.669090, 0.734837, 0.658309), p = (0.669090, 0.734837, 0.658309)
Body 2790: orig = (0.326191, 0.658207, 0.006094), p = (0.326191, 0.658207, 0.006094)
Body 2791: orig = (0.594303, 1.322400, 0.724979), p = (0.594303, 1.322400, 0.724979)
Body 2792: orig = (0.483705, 0.885477, 0.241673), p = (0.483705, 0.885477, 0.241673)
Body 2793: orig = (0.067906, 0.537863, 0.158890), p = (0.067906, 0.537863, 0.158890)
Body 2794: orig = (0.255878, 0.546479, 0.050757), p = (0.255878, 0.546479, 0.050757)
Body 2795: orig = (-0.185099, 0.722340, 0.476489), p = (-0.185099, 0.722340, 0.476489)
Body 2796: orig = (0.287499, 0.329505, -0.115561), p = (0.287499, 0.329505, -0.115561)
Body 2797: orig = (0.028624, 0.915626, 0.429165), p = (0.028624, 0.915626, 0.429165)
Body 2798: orig = (0.674614, -0.271986, 0.387025), p = (0.674614, -0.271986, 0.387025)
Body 2799: orig = (0.414180, 0.550904, -0.254017), p = (0.414180, 0.550904, -0.254017)
Body 2800: orig = (0.522782, 0.388083, 0.116017), p = (0.522782, 0.388083, 0.116017)
Body 2801: orig = (0.097247, 0.932470, 0.510829), p = (0.097247, 0.932470, 0.510829)
Body 2802: orig = (0.497614, 0.062882, 0.265785), p = (0.497614, 0.062882, 0.265785)
Body 2803: orig = (0.740425, 0.576277, 1.420957), p = (0.740425, 0.576277, 1.420957)
Body 2804: orig = (0.402554, 0.311401, 0.474220), p = (0.402554, 0.311401, 0.474220)
Body 2805: orig = (1.121251, 0.104083, 0.614682), p = (1.121251, 0.104083, 0.614682)
Body 2806: orig = (-0.002223, 0.227341, 0.419858), p = (-0.002223, 0.227341, 0.419858)
Body 2807: orig = (0.490105, 0.185521, -0.245848), p = (0.490105, 0.185521, -0.245848)
Body 2808: orig = (0.722810, 0.058051, 0.290107), p = (0.722810, 0.058051, 0.290107)
Body 2809: orig = (0.495988, 1.059418, 0.233085), p = (0.495988, 1.059418, 0.233085)
Body 2810: orig = (0.533641, -0.034595, -0.014626), p = (0.533641, -0.034595, -0.014626)
Body 2811: orig = (0.537046, 0.930209, 0.064621), p = (0.537046, 0.930209, 0.064621)
Body 2812: orig = (0.577947, 0.252275, 1.238150), p = (0.577947, 0.252275, 1.238150)
Body 2813: orig = (-0.268768, 0.330975, 0.336062), p = (-0.268768, 0.330975, 0.336062)
Body 2814: orig = (0.417960, 0.447616, 1.341416), p = (0.417960, 0.447616, 1.341416)
Body 2815: orig = (0.340296, 0.639235, 0.944354), p = (0.340296, 0.639235, 0.944354)
Body 2816: orig = (0.007597, 0.698566, 0.087414), p = (0.007597, 0.698566, 0.087414)
Body 2817: orig = (0.541275, -0.295191, 0.645759), p = (0.541275, -0.295191, 0.645759)
Body 2818: orig = (1.157702, 0.107043, -0.187549), p = (1.157702, 0.107043, -0.187549)
Body 2819: orig = (0.945623, 0.742042, 0.449623), p = (0.945623, 0.742042, 0.449623)
Body 2820: orig = (0.530244, -0.262842, 0.688665), p = (0.530244, -0.262842, 0.688665)
Body 2821: orig = (0.138122, 0.604358, 0.032150), p = (0.138122, 0.604358, 0.032150)
Body 2822: orig = (-0.027984, 0.303422, 0.481940), p = (-0.027984, 0.303422, 0.481940)
Body 2823: orig = (0.412533, 0.355767, 0.883443), p = (0.412533, 0.355767, 0.883443)
Body 2824: orig = (0.814570, 0.595412, 0.692760), p = (0.814570, 0.595412, 0.692760)
Body 2825: orig = (0.955330, -0.044612, 0.445135), p = (0.955330, -0.044612, 0.445135)
Body 2826: orig = (0.300487, 0.643122, 0.300317), p = (0.300487, 0.643122, 0.300317)
Body 2827: orig = (-0.165572, 0.940825, -0.401844), p = (-0.165572, 0.940825, -0.401844)
Body 2828: orig = (0.520055, 0.401251, 0.366791), p = (0.520055, 0.401251, 0.366791)
Body 2829: orig = (0.597473, 0.024376, 0.786888), p = (0.597473, 0.024376, 0.786888)
Body 2830: orig = (0.312819, 1.326788, 0.400518), p = (0.312819, 1.326788, 0.400518)
Body 2831: orig = (0.336229, -0.127418, 0.419311), p = (0.336229, -0.127418, 0.419311)
Body 2832: orig = (0.403936, 0.429594, -0.461557), p = (0.403936, 0.429594, -0.461557)
Body 2833: orig = (0.264666, 0.600922, -0.482302), p = (0.264666, 0.600922, -0.482302)
Body 2834: orig = (0.499194, 1.010602, 0.319360), p = (0.499194, 1.010602, 0.319360)
Body 2835: orig = (0.566912, 0.090141, 0.811799), p = (0.566912, 0.090141, 0.811799)
Body 2836: orig = (0.955409, 0.552617, 0.614338), p = (0.955409, 0.552617, 0.614338)
Body 2837: orig = (-0.001948, 0.104955, 0.548171), p = (-0.001948, 0.104955, 0.548171)
Body 2838: orig = (0.429726, 0.413992, 1.020306), p = (0.429726, 0.413992, 1.020306)
Body 2839: orig = (1.012586, 0.345022, 0.742255), p = (1.012586, 0.345022, 0.742255)
Body 2840: orig = (0.961076, 0.258895, 1.040742), p = (0.961076, 0.258895, 1.040742)
Body 2841: orig = (0.383804, 0.307315, 1.555500), p = (0.383804, 0.307315, 1.555500)
Body 2842: orig = (0.713056, -0.085296, 0.262892), p = (0.713056, -0.085296, 0.262892)
Body 2843: orig = (0.792034, 0.964502, 0.544572), p = (0.792034, 0.964502, 0.544572)
Body 2844: orig = (0.451708, 0.538762, 0.431305), p = (0.451708, 0.538762, 0.431305)
Body 2845: orig = (1.260257, 0.590589, 0.346149), p = (1.260257, 0.590589, 0.346149)
Body 2846: orig = (0.102275, 0.720922, 1.157067), p = (0.102275, 0.720922, 1.157067)
Body 2847: orig = (-0.359448, 0.410720, 0.317781), p = (-0.359448, 0.410720, 0.317781)
Body 2848: orig = (0.489661, 0.847954, 0.485548), p = (0.489661, 0.847954, 0.485548)
Body 2849: orig = (1.136868, 0.303492, 0.649215), p = (1.136868, 0.303492, 0.649215)
Body 2850: orig = (0.618239, 0.097207, 0.494635), p = (0.618239, 0.097207, 0.494635)
Body 2851: orig = (1.215391, 0.397222, 0.213156), p = (1.215391, 0.397222, 0.213156)
Body 2852: orig = (0.783554, 0.352933, 0.882432), p = (0.783554, 0.352933, 0.882432)
Body 2853: orig = (0.987711, 0.472373, -0.095897), p = (0.987711, 0.472373, -0.095897)
Body 2854: orig = (0.152527, -0.319523, 0.604869), p = (0.152527, -0.319523, 0.604869)
Body 2855: orig = (-0.124720, 0.397096, 0.917526), p = (-0.124720, 0.397096, 0.917526)
Body 2856: orig = (0.593224, 0.622807, 1.357065), p = (0.593224, 0.622807, 1.357065)
Body 2857: orig = (0.481485, 1.254900, 0.310400), p = (0.481485, 1.254900, 0.310400)
Body 2858: orig = (0.692495, 0.205228, 0.150046), p = (0.692495, 0.205228, 0.150046)
Body 2859: orig = (-0.184001, 0.624888, 0.411575), p = (-0.184001, 0.624888, 0.411575)
Body 2860: orig = (0.607180, 0.687979, 0.654815), p = (0.607180, 0.687979, 0.654815)
Body 2861: orig = (1.027269, 0.156068, 0.483147), p = (1.027269, 0.156068, 0.483147)
Body 2862: orig = (1.604544, -0.682754, -1.340320), p = (1.604544, -0.682754, -1.340320)
Body 2863: orig = (0.319545, -0.346159, 0.548755), p = (0.319545, -0.346159, 0.548755)
Body 2864: orig = (0.476556, -0.324388, 0.258017), p = (0.476556, -0.324388, 0.258017)
Body 2865: orig = (0.551592, 0.788871, 0.499338), p = (0.551592, 0.788871, 0.499338)
Body 2866: orig = (0.247571, 0.441424, -0.266952), p = (0.247571, 0.441424, -0.266952)
Body 2867: orig = (0.794459, 0.948183, 0.845832), p = (0.794459, 0.948183, 0.845832)
Body 2868: orig = (0.642569, 0.237335, 0.353851), p = (0.642569, 0.237335, 0.353851)
Body 2869: orig = (0.486291, 0.914022, 0.993123), p = (0.486291, 0.914022, 0.993123)
Body 2870: orig = (0.258637, -0.062057, 0.703239), p = (0.258637, -0.062057, 0.703239)
Body 2871: orig = (1.130928, 0.356404, 0.705408), p = (1.130928, 0.356404, 0.705408)
Body 2872: orig = (0.639698, 0.846979, 0.097877), p = (0.639698, 0.846979, 0.097877)
Body 2873: orig = (0.290239, 0.613452, 0.492047), p = (0.290239, 0.613452, 0.492047)
Body 2874: orig = (0.197101, -0.629752, 0.718146), p = (0.197101, -0.629752, 0.718146)
Body 2875: orig = (0.401074, 0.462268, 1.115394), p = (0.401074, 0.462268, 1.115394)
Body 2876: orig = (0.757805, 0.583333, -0.492187), p = (0.757805, 0.583333, -0.492187)
Body 2877: orig = (1.162746, 0.906409, 0.760419), p = (1.162746, 0.906409, 0.760419)
Body 2878: orig = (0.065246, 0.402645, 0.693186), p = (0.065246, 0.402645, 0.693186)
Body 2879: orig = (0.531602, 0.589297, 0.545590), p = (0.531602, 0.589297, 0.545590)
Body 2880: orig = (0.693035, 0.824774, 0.188503), p = (0.693035, 0.824774, 0.188503)
Body 2881: orig = (0.507896, 1.095575, 0.805881), p = (0.507896, 1.095575, 0.805881)
Body 2882: orig = (0.660091, 0.644066, 1.153771), p = (0.660091, 0.644066, 1.153771)
Body 2883: orig = (0.546417, 0.042962, 0.797831), p = (0.546417, 0.042962, 0.797831)
Body 2884: orig = (0.096958, 0.444871, 0.900836), p = (0.096958, 0.444871, 0.900836)
Body 2885: orig = (0.425558, -0.082199, 0.626467), p = (0.425558, -0.082199, 0.626467)
Body 2886: orig = (0.789751, 0.402057, 1.181565), p = (0.789751, 0.402057, 1.181565)
Body 2887: orig = (-0.055756, 0.599190, 0.420750), p = (-0.055756, 0.599190, 0.420750)
Body 2888: orig = (0.382175, 0.226291, 1.357129), p = (0.382175, 0.226291, 1.357129)
Body 2889: orig = (0.354278, -0.546142, 0.421009), p = (0.354278, -0.546142, 0.421009)
Body 2890: orig = (0.475889, 1.085096, 0.628963), p = (0.475889, 1.085096, 0.628963)
Body 2891: orig = (0.774055, 0.256727, 1.157432), p = (0.774055, 0.256727, 1.157432)
Body 2892: orig = (0.224397, 0.827091, 0.552916), p = (0.224397, 0.827091, 0.552916)
Body 2893: orig = (0.222128, 0.293017, -0.036951), p = (0.222128, 0.293017, -0.036951)
Body 2894: orig = (-0.289941, 0.622430, 0.437423), p = (-0.289941, 0.622430, 0.437423)
Body 2895: orig = (1.012114, 0.891347, 0.424931), p = (1.012114, 0.891347, 0.424931)
Body 2896: orig = (0.382296, 1.461887, 0.398951), p = (0.382296, 1.461887, 0.398951)
Body 2897: orig = (0.635421, 0.554734, 0.461697), p = (0.635421, 0.554734, 0.461697)
Body 2898: orig = (0.425085, 0.973690, 0.322270), p = (0.425085, 0.973690, 0.322270)
Body 2899: orig = (0.577779, 0.404256, -0.198992), p = (0.577779, 0.404256, -0.198992)
Body 2900: orig = (-0.007499, 1.066361, 0.854680), p = (-0.007499, 1.066361, 0.854680)
Body 2901: orig = (-0.267237, 0.374939, 0.489020), p = (-0.267237, 0.374939, 0.489020)
Body 2902: orig = (0.388992, 0.532002, 1.155185), p = (0.388992, 0.532002, 1.155185)
Body 2903: orig = (0.717909, 0.280330, -0.247986), p = (0.717909, 0.280330, -0.247986)
Body 2904: orig = (0.403422, 0.443571, 1.460482), p = (0.403422, 0.443571, 1.460482)
Body 2905: orig = (0.145112, 0.740298, -0.178133), p = (0.145112, 0.740298, -0.178133)
Body 2906: orig = (0.164559, 0.921696, -0.270124), p = (0.164559, 0.921696, -0.270124)
Body 2907: orig = (0.466257, 1.288605, 1.095788), p = (0.466257, 1.288605, 1.095788)
Body 2908: orig = (0.415157, -0.008573, 0.243364), p = (0.415157, -0.008573, 0.243364)
Body 2909: orig = (0.156230, -0.300398, 0.672527), p = (0.156230, -0.300398, 0.672527)
Body 2910: orig = (0.053153, 0.373658, 0.217325), p = (0.053153, 0.373658, 0.217325)
Body 2911: orig = (0.733059, -0.113652, 0.403459), p = (0.733059, -0.113652, 0.403459)
Body 2912: orig = (2.213787, 0.437301, 0.439517), p = (2.213787, 0.437301, 0.439517)
Body 2913: orig = (0.471621, -0.008276, 0.437727), p = (0.471621, -0.008276, 0.437727)
Body 2914: orig = (0.265023, -0.194911, 0.601498), p = (0.265023, -0.194911, 0.601498)
Body 2915: orig = (0.562329, -0.192572, 0.606334), p = (0.562329, -0.192572, 0.606334)
Body 2916: orig = (0.181518, 0.482977, 0.649293), p = (0.181518, 0.482977, 0.649293)
Body 2917: orig = (0.006514, 0.694942, 0.103143), p = (0.006514, 0.694942, 0.103143)
Body 2918: orig = (0.058479, 0.367209, 0.151004), p = (0.058479, 0.367209, 0.151004)
Body 2919: orig = (0.624468, 0.447176, 0.927418), p = (0.624468, 0.447176, 0.927418)
Body 2920: orig = (0.678316, 1.236691, 0.198003), p = (0.678316, 1.236691, 0.198003)
Body 2921: orig = (0.957840, 0.536184, 0.947217), p = (0.957840, 0.536184, 0.947217)
Body 2922: orig = (0.910255, 0.151397, 0.296050), p = (0.910255, 0.151397, 0.296050)
Body 2923: orig = (0.164566, 1.506500, -0.440643), p = (0.164566, 1.506500, -0.440643)
Body 2924: orig = (0.239447, 0.018565, 0.470642), p = (0.239447, 0.018565, 0.470642)
Body 2925: orig = (1.034246, 0.872951, 0.377129), p = (1.034246, 0.872951, 0.377129)
Body 2926: orig = (1.121179, 0.544115, 0.452290), p = (1.121179, 0.544115, 0.452290)
Body 2927: orig = (1.736349, 0.307586, -0.169922), p = (1.736349, 0.307586, -0.169922)
Body 2928: orig = (0.757750, 0.932311, 0.126770), p = (0.757750, 0.932311, 0.126770)
Body 2929: orig = (-0.088402, 0.411314, 0.245004), p = (-0.088402, 0.411314, 0.245004)
Body 2930: orig = (0.389145, 1.128060, 0.941094), p = (0.389145, 1.128060, 0.941094)
Body 2931: orig = (1.089437, 0.844435, 0.838805), p = (1.089437, 0.844435, 0.838805)
Body 2932: orig = (0.215561, 0.769299, 0.155600), p = (0.215561, 0.769299, 0.155600)
Body 2933: orig = (0.221824, 0.933771, 0.473703), p = (0.221824, 0.933771, 0.473703)
Body 2934: orig = (1.110963, 0.820903, 0.326674), p = (1.110963, 0.820903, 0.326674)
Body 2935: orig = (0.469310, 0.431029, 0.867276), p = (0.469310, 0.431029, 0.867276)
Body 2936: orig = (-0.183304, 0.227934, 0.409656), p = (-0.183304, 0.227934, 0.409656)
Body 2937: orig = (0.400142, 0.540909, 0.378221), p = (0.400142, 0.540909, 0.378221)
Body 2938: orig = (0.209171, 0.562787, -0.184809), p = (0.209171, 0.562787, -0.184809)
Body 2939: orig = (0.717452, 0.897877, 0.645677), p = (0.717452, 0.897877, 0.645677)
Body 2940: orig = (0.378521, 0.617425, 1.072531), p = (0.378521, 0.617425, 1.072531)
Body 2941: orig = (0.708853, 0.232607, 0.033365), p = (0.708853, 0.232607, 0.033365)
Body 2942: orig = (0.615811, 1.667350, 0.439418), p = (0.615811, 1.667350, 0.439418)
Body 2943: orig = (0.243830, 0.433431, 0.641606), p = (0.243830, 0.433431, 0.641606)
Body 2944: orig = (0.435348, 0.123621, 1.087195), p = (0.435348, 0.123621, 1.087195)
Body 2945: orig = (0.916738, 0.861695, 0.874670), p = (0.916738, 0.861695, 0.874670)
Body 2946: orig = (0.423172, 0.106473, 0.947308), p = (0.423172, 0.106473, 0.947308)
Body 2947: orig = (0.554802, 0.420604, -0.203073), p = (0.554802, 0.420604, -0.203073)
Body 2948: orig = (0.683995, 0.004806, 0.375723), p = (0.683995, 0.004806, 0.375723)
Body 2949: orig = (0.177319, 0.721495, 0.688144), p = (0.177319, 0.721495, 0.688144)
Body 2950: orig = (0.179822, 0.329977, 0.188300), p = (0.179822, 0.329977, 0.188300)
Body 2951: orig = (0.651992, -0.055761, 0.473022), p = (0.651992, -0.055761, 0.473022)
Body 2952: orig = (0.189905, 0.387032, 0.276189), p = (0.189905, 0.387032, 0.276189)
Body 2953: orig = (0.733900, -0.198739, 0.352986), p = (0.733900, -0.198739, 0.352986)
Body 2954: orig = (0.330772, 0.537325, 1.050407), p = (0.330772, 0.537325, 1.050407)
Body 2955: orig = (0.703141, -0.070787, 0.745360), p = (0.703141, -0.070787, 0.745360)
Body 2956: orig = (0.762899, 0.179853, 0.355995), p = (0.762899, 0.179853, 0.355995)
Body 2957: orig = (0.487069, -0.273183, 0.467186), p = (0.487069, -0.273183, 0.467186)
Body 2958: orig = (0.574170, 0.914876, 0.267225), p = (0.574170, 0.914876, 0.267225)
Body 2959: orig = (0.958704, 0.169919, 0.141393), p = (0.958704, 0.169919, 0.141393)
Body 2960: orig = (-0.197038, -0.875333, 0.963583), p = (-0.197038, -0.875333, 0.963583)
Body 2961: orig = (0.643176, 0.878503, 0.698624), p = (0.643176, 0.878503, 0.698624)
Body 2962: orig = (0.116809, 0.535703, -0.090253), p = (0.116809, 0.535703, -0.090253)
Body 2963: orig = (0.002152, 0.725649, 0.075537), p = (0.002152, 0.725649, 0.075537)
Body 2964: orig = (0.756640, -0.201964, 0.416589), p = (0.756640, -0.201964, 0.416589)
Body 2965: orig = (1.506261, 0.794600, 0.571233), p = (1.506261, 0.794600, 0.571233)
Body 2966: orig = (0.450597, -0.248147, 0.985541), p = (0.450597, -0.248147, 0.985541)
Body 2967: orig = (0.398963, 0.159558, 0.787722), p = (0.398963, 0.159558, 0.787722)
Body 2968: orig = (0.415015, 0.179006, 0.768255), p = (0.415015, 0.179006, 0.768255)
Body 2969: orig = (0.806982, 0.785628, 0.915912), p = (0.806982, 0.785628, 0.915912)
Body 2970: orig = (1.239610, 0.689124, 0.478034), p = (1.239610, 0.689124, 0.478034)
Body 2971: orig = (0.888953, 0.612891, 1.054083), p = (0.888953, 0.612891, 1.054083)
Body 2972: orig = (-0.473836, 0.426238, 0.437973), p = (-0.473836, 0.426238, 0.437973)
Body 2973: orig = (1.000221, 0.633053, 0.444851), p = (1.000221, 0.633053, 0.444851)
Body 2974: orig = (0.278015, 0.305470, 0.485193), p = (0.278015, 0.305470, 0.485193)
Body 2975: orig = (1.318957, 0.271295, 0.370728), p = (1.318957, 0.271295, 0.370728)
Body 2976: orig = (0.200027, -0.082943, 0.508523), p = (0.200027, -0.082943, 0.508523)
Body 2977: orig = (0.411768, 1.135433, 0.231136), p = (0.411768, 1.135433, 0.231136)
Body 2978: orig = (1.228865, 0.786353, 0.519606), p = (1.228865, 0.786353, 0.519606)
Body 2979: orig = (0.525908, 0.336763, 0.602033), p = (0.525908, 0.336763, 0.602033)
Body 2980: orig = (1.253744, 0.428228, 0.247183), p = (1.253744, 0.428228, 0.247183)
Body 2981: orig = (0.993527, 0.161667, 0.852794), p = (0.993527, 0.161667, 0.852794)
Body 2982: orig = (0.923807, 0.188359, 0.372018), p = (0.923807, 0.188359, 0.372018)
Body 2983: orig = (0.576475, 0.482112, -0.127117), p = (0.576475, 0.482112, -0.127117)
Body 2984: orig = (0.946803, 0.564836, -0.012823), p = (0.946803, 0.564836, -0.012823)
Body 2985: orig = (0.924332, 0.085306, 0.354077), p = (0.924332, 0.085306, 0.354077)
Body 2986: orig = (2.545550, 0.172433, 3.359777), p = (2.545550, 0.172433, 3.359777)
Body 2987: orig = (-0.110695, 0.069582, 1.242578), p = (-0.110695, 0.069582, 1.242578)
Body 2988: orig = (0.511608, 0.266073, 0.463891), p = (0.511608, 0.266073, 0.463891)
Body 2989: orig = (0.503853, 0.553587, 1.053807), p = (0.503853, 0.553587, 1.053807)
Body 2990: orig = (0.593097, 0.288923, -0.024375), p = (0.593097, 0.288923, -0.024375)
Body 2991: orig = (0.919829, 0.131443, 0.233051), p = (0.919829, 0.131443, 0.233051)
Body 2992: orig = (1.011886, 0.478823, -0.054853), p = (1.011886, 0.478823, -0.054853)
Body 2993: orig = (0.565207, 1.271919, 0.214626), p = (0.565207, 1.271919, 0.214626)
Body 2994: orig = (0.486460, -0.223913, 0.277682), p = (0.486460, -0.223913, 0.277682)
Body 2995: orig = (0.058294, 0.163278, -0.062902), p = (0.058294, 0.163278, -0.062902)
Body 2996: orig = (0.119284, 0.976531, 0.410786), p = (0.119284, 0.976531, 0.410786)
Body 2997: orig = (0.462152, 0.930678, 0.789778), p = (0.462152, 0.930678, 0.789778)
Body 2998: orig = (0.137038, 0.166665, 0.324511), p = (0.137038, 0.166665, 0.324511)
Body 2999: orig = (0.651044, 0.217291, 0.888247), p = (0.651044, 0.217291, 0.888247)
Body 3000: orig = (0.337674, 0.313330, 1.003496), p = (0.337674, 0.313330, 1.003496)
Body 3001: orig = (1.177514, 0.469731, 0.077012), p = (1.177514, 0.469731, 0.077012)
Body 3002: orig = (0.961781, 0.553176, 0.203965), p = (0.961781, 0.553176, 0.203965)
Body 3003: orig = (0.234645, 0.364350, 0.237713), p = (0.234645, 0.364350, 0.237713)
Body 3004: orig = (0.633654, 0.625614, 0.062741), p = (0.633654, 0.625614, 0.062741)
Body 3005: orig = (0.312533, 0.893444, 0.903484), p = (0.312533, 0.893444, 0.903484)
Body 3006: orig = (1.009196, 0.133665, 0.796442), p = (1.009196, 0.133665, 0.796442)
Body 3007: orig = (1.020840, 0.813711, 0.427990), p = (1.020840, 0.813711, 0.427990)
Body 3008: orig = (0.671650, 0.151585, 0.745737), p = (0.671650, 0.151585, 0.745737)
Body 3009: orig = (0.783680, 1.274881, 0.493637), p = (0.783680, 1.274881, 0.493637)
Body 3010: orig = (0.091739, 0.150905, 0.562993), p = (0.091739, 0.150905, 0.562993)
Body 3011: orig = (0.087515, -0.170306, 0.588639), p = (0.087515, -0.170306, 0.588639)
Body 3012: orig = (0.161871, 0.868533, 0.339176), p = (0.161871, 0.868533, 0.339176)
Body 3013: orig = (0.557520, 1.088249, -0.067070), p = (0.557520, 1.088249, -0.067070)
Body 3014: orig = (-0.083131, 0.494117, 0.203268), p = (-0.083131, 0.494117, 0.203268)
Body 3015: orig = (1.054158, 0.346713, 0.588695), p = (1.054158, 0.346713, 0.588695)
Body 3016: orig = (0.313406, -0.272161, 0.441153), p = (0.313406, -0.272161, 0.441153)
Body 3017: orig = (0.368231, 0.024549, 0.744491), p = (0.368231, 0.024549, 0.744491)
Body 3018: orig = (0.290509, 0.276782, 0.599468), p = (0.290509, 0.276782, 0.599468)
Body 3019: orig = (1.336810, 0.092159, 0.691174), p = (1.336810, 0.092159, 0.691174)
Body 3020: orig = (0.973006, 0.662101, 0.397790), p = (0.973006, 0.662101, 0.397790)
Body 3021: orig = (0.284279, 0.158823, 0.541316), p = (0.284279, 0.158823, 0.541316)
Body 3022: orig = (-0.194711, 0.639153, 1.565208), p = (-0.194711, 0.639153, 1.565208)
Body 3023: orig = (-0.007557, 0.219113, -0.242058), p = (-0.007557, 0.219113, -0.242058)
Body 3024: orig = (0.433915, 0.383808, 1.226665), p = (0.433915, 0.383808, 1.226665)
Body 3025: orig = (0.663465, 0.661985, 0.607141), p = (0.663465, 0.661985, 0.607141)
Body 3026: orig = (0.517583, 0.445068, 1.190130), p = (0.517583, 0.445068, 1.190130)
Body 3027: orig = (0.777798, 0.227986, 0.193575), p = (0.777798, 0.227986, 0.193575)
Body 3028: orig = (0.366068, 0.040169, 0.468872), p = (0.366068, 0.040169, 0.468872)
Body 3029: orig = (0.441281, 1.491415, 0.630251), p = (0.441281, 1.491415, 0.630251)
Body 3030: orig = (0.646901, 1.165873, 0.575450), p = (0.646901, 1.165873, 0.575450)
Body 3031: orig = (1.326015, 0.483485, 0.329081), p = (1.326015, 0.483485, 0.329081)
Body 3032: orig = (0.387971, -0.171528, 1.206410), p = (0.387971, -0.171528, 1.206410)
Body 3033: orig = (0.410175, 0.467831, 1.404551), p = (0.410175, 0.467831, 1.404551)
Body 3034: orig = (0.258216, 0.501184, 0.905116), p = (0.258216, 0.501184, 0.905116)
Body 3035: orig = (1.123253, 0.812251, -0.063011), p = (1.123253, 0.812251, -0.063011)
Body 3036: orig = (0.434855, 0.160885, 0.412788), p = (0.434855, 0.160885, 0.412788)
Body 3037: orig = (0.215141, 1.125120, 0.092155), p = (0.215141, 1.125120, 0.092155)
Body 3038: orig = (0.870662, -0.030971, 0.664521), p = (0.870662, -0.030971, 0.664521)
Body 3039: orig = (0.767084, 1.066533, 0.399335), p = (0.767084, 1.066533, 0.399335)
Body 3040: orig = (0.748948, 0.080518, 0.677617), p = (0.748948, 0.080518, 0.677617)
Body 3041: orig = (0.068113, 0.505857, 0.409182), p = (0.068113, 0.505857, 0.409182)
Body 3042: orig = (0.630246, 0.125589, 0.588889), p = (0.630246, 0.125589, 0.588889)
Body 3043: orig = (-0.073350, 0.925872, 0.929048), p = (-0.073350, 0.925872, 0.929048)
Body 3044: orig = (1.418032, 0.682258, 0.825777), p = (1.418032, 0.682258, 0.825777)
Body 3045: orig = (0.785060, 0.337439, 0.597358), p = (0.785060, 0.337439, 0.597358)
Body 3046: orig = (0.519614, 0.754084, 0.516438), p = (0.519614, 0.754084, 0.516438)
Body 3047: orig = (0.371382, 0.368870, 1.116109), p = (0.371382, 0.368870, 1.116109)
Body 3048: orig = (0.584219, 0.273438, -0.059490), p = (0.584219, 0.273438, -0.059490)
Body 3049: orig = (0.497168, -0.222738, 0.408875), p = (0.497168, -0.222738, 0.408875)
Body 3050: orig = (0.220703, 0.722468, 1.355242), p = (0.220703, 0.722468, 1.355242)
Body 3051: orig = (0.628980, 0.024970, 0.655624), p = (0.628980, 0.024970, 0.655624)
Body 3052: orig = (0.254321, 0.257661, 0.694936), p = (0.254321, 0.257661, 0.694936)
Body 3053: orig = (0.587837, 0.193905, 0.567446), p = (0.587837, 0.193905, 0.567446)
Body 3054: orig = (0.208663, 0.682289, 0.213699), p = (0.208663, 0.682289, 0.213699)
Body 3055: orig = (0.399627, 0.407743, 0.240256), p = (0.399627, 0.407743, 0.240256)
Body 3056: orig = (0.796930, -0.156608, 0.457051), p = (0.796930, -0.156608, 0.457051)
Body 3057: orig = (0.495434, 0.646253, 1.322086), p = (0.495434, 0.646253, 1.322086)
Body 3058: orig = (-0.311783, 0.971219, 0.502050), p = (-0.311783, 0.971219, 0.502050)
Body 3059: orig = (0.311324, -0.037406, 0.876419), p = (0.311324, -0.037406, 0.876419)
Body 3060: orig = (0.279752, 0.605281, 1.265456), p = (0.279752, 0.605281, 1.265456)
Body 3061: orig = (0.283782, 0.152753, 0.636012), p = (0.283782, 0.152753, 0.636012)
Body 3062: orig = (0.622699, 1.089484, 0.154184), p = (0.622699, 1.089484, 0.154184)
Body 3063: orig = (0.396035, 0.774224, 0.082206), p = (0.396035, 0.774224, 0.082206)
Body 3064: orig = (0.147444, 1.451183, 0.056175), p = (0.147444, 1.451183, 0.056175)
Body 3065: orig = (0.321161, 0.685962, 1.090189), p = (0.321161, 0.685962, 1.090189)
Body 3066: orig = (1.351809, 0.500201, 0.111153), p = (1.351809, 0.500201, 0.111153)
Body 3067: orig = (0.633528, 1.485970, 0.317914), p = (0.633528, 1.485970, 0.317914)
Body 3068: orig = (-0.064415, 0.848646, 0.162033), p = (-0.064415, 0.848646, 0.162033)
Body 3069: orig = (1.154739, 0.335202, 0.321809), p = (1.154739, 0.335202, 0.321809)
Body 3070: orig = (0.141620, 0.237223, 0.038132), p = (0.141620, 0.237223, 0.038132)
Body 3071: orig = (0.340427, 0.021591, 0.477665), p = (0.340427, 0.021591, 0.477665)
Body 3072: orig = (-0.337740, 0.334264, 0.376075), p = (-0.337740, 0.334264, 0.376075)
Body 3073: orig = (0.361463, 0.505650, 1.309459), p = (0.361463, 0.505650, 1.309459)
Body 3074: orig = (0.037769, 0.517837, 0.923015), p = (0.037769, 0.517837, 0.923015)
Body 3075: orig = (1.245539, 0.381906, 0.837249), p = (1.245539, 0.381906, 0.837249)
Body 3076: orig = (0.494799, 0.613744, 0.589439), p = (0.494799, 0.613744, 0.589439)
Body 3077: orig = (0.169180, 0.123890, 0.749827), p = (0.169180, 0.123890, 0.749827)
Body 3078: orig = (0.102011, 0.487801, 1.108359), p = (0.102011, 0.487801, 1.108359)
Body 3079: orig = (0.149148, 0.248996, 0.655792), p = (0.149148, 0.248996, 0.655792)
Body 3080: orig = (-0.740152, -0.486773, 1.142890), p = (-0.740152, -0.486773, 1.142890)
Body 3081: orig = (1.389118, 0.699040, 0.615067), p = (1.389118, 0.699040, 0.615067)
Body 3082: orig = (1.192490, 0.428211, 0.480466), p = (1.192490, 0.428211, 0.480466)
Body 3083: orig = (0.479128, 0.122334, 0.617566), p = (0.479128, 0.122334, 0.617566)
Body 3084: orig = (0.383547, 0.549996, 0.720293), p = (0.383547, 0.549996, 0.720293)
Body 3085: orig = (0.828073, 0.911157, 0.815856), p = (0.828073, 0.911157, 0.815856)
Body 3086: orig = (0.031477, 0.574202, 0.822867), p = (0.031477, 0.574202, 0.822867)
Body 3087: orig = (-0.084683, 0.728982, 0.024339), p = (-0.084683, 0.728982, 0.024339)
Body 3088: orig = (0.632275, 0.254840, -0.190698), p = (0.632275, 0.254840, -0.190698)
Body 3089: orig = (0.465545, -0.380358, 0.673316), p = (0.465545, -0.380358, 0.673316)
Body 3090: orig = (0.505989, 0.659240, 1.146849), p = (0.505989, 0.659240, 1.146849)
Body 3091: orig = (1.539516, 0.438862, 0.444267), p = (1.539516, 0.438862, 0.444267)
Body 3092: orig = (0.683060, 0.139839, 0.391550), p = (0.683060, 0.139839, 0.391550)
Body 3093: orig = (1.325961, 0.333082, 0.464082), p = (1.325961, 0.333082, 0.464082)
Body 3094: orig = (0.635369, 0.117983, -0.087799), p = (0.635369, 0.117983, -0.087799)
Body 3095: orig = (0.216080, 0.404961, -0.153713), p = (0.216080, 0.404961, -0.153713)
Body 3096: orig = (-0.567833, 0.295469, 0.783666), p = (-0.567833, 0.295469, 0.783666)
Body 3097: orig = (0.479332, 0.093318, 0.461459), p = (0.479332, 0.093318, 0.461459)
Body 3098: orig = (0.185673, 0.091921, 0.549394), p = (0.185673, 0.091921, 0.549394)
Body 3099: orig = (0.249523, 0.267551, 0.097503), p = (0.249523, 0.267551, 0.097503)
Body 3100: orig = (0.404302, 1.191130, 0.854289), p = (0.404302, 1.191130, 0.854289)
Body 3101: orig = (0.782548, 0.374710, 0.973384), p = (0.782548, 0.374710, 0.973384)
Body 3102: orig = (0.604264, -0.000185, 1.341890), p = (0.604264, -0.000185, 1.341890)
Body 3103: orig = (-0.366641, 0.413742, 0.342911), p = (-0.366641, 0.413742, 0.342911)
Body 3104: orig = (0.323574, 0.239423, 0.433243), p = (0.323574, 0.239423, 0.433243)
Body 3105: orig = (0.447326, 0.291305, 1.259443), p = (0.447326, 0.291305, 1.259443)
Body 3106: orig = (1.180536, 0.625330, 0.509673), p = (1.180536, 0.625330, 0.509673)
Body 3107: orig = (0.655952, 0.416874, -0.310285), p = (0.655952, 0.416874, -0.310285)
Body 3108: orig = (0.532613, 0.560390, 1.354372), p = (0.532613, 0.560390, 1.354372)
Body 3109: orig = (-0.412239, 0.528703, 0.545454), p = (-0.412239, 0.528703, 0.545454)
Body 3110: orig = (0.414623, -0.051193, 0.293352), p = (0.414623, -0.051193, 0.293352)
Body 3111: orig = (0.348106, 0.256597, 0.676461), p = (0.348106, 0.256597, 0.676461)
Body 3112: orig = (0.990044, 0.290105, 0.654338), p = (0.990044, 0.290105, 0.654338)
Body 3113: orig = (0.332921, 0.964341, 0.681725), p = (0.332921, 0.964341, 0.681725)
Body 3114: orig = (0.675393, 0.788414, 0.474116), p = (0.675393, 0.788414, 0.474116)
Body 3115: orig = (0.063211, 0.782567, 0.419377), p = (0.063211, 0.782567, 0.419377)
Body 3116: orig = (0.461330, 0.047916, 0.055438), p = (0.461330, 0.047916, 0.055438)
Body 3117: orig = (0.900939, 0.798573, 0.492953), p = (0.900939, 0.798573, 0.492953)
Body 3118: orig = (0.717341, 0.972726, 0.636994), p = (0.717341, 0.972726, 0.636994)
Body 3119: orig = (1.413626, 0.738886, 0.368197), p = (1.413626, 0.738886, 0.368197)
Body 3120: orig = (0.941982, 0.448330, 0.434969), p = (0.941982, 0.448330, 0.434969)
Body 3121: orig = (0.181019, 0.663834, 0.315067), p = (0.181019, 0.663834, 0.315067)
Body 3122: orig = (0.365351, 0.655808, -0.128197), p = (0.365351, 0.655808, -0.128197)
Body 3123: orig = (0.027003, 0.371608, 0.035103), p = (0.027003, 0.371608, 0.035103)
Body 3124: orig = (-0.327292, 0.485212, 0.690795), p = (-0.327292, 0.485212, 0.690795)
Body 3125: orig = (0.199621, 0.507610, 0.673997), p = (0.199621, 0.507610, 0.673997)
Body 3126: orig = (0.845313, 1.023183, 0.533517), p = (0.845313, 1.023183, 0.533517)
Body 3127: orig = (0.126536, 0.175781, 0.575707), p = (0.126536, 0.175781, 0.575707)
Body 3128: orig = (0.545884, 1.252106, 0.367359), p = (0.545884, 1.252106, 0.367359)
Body 3129: orig = (0.112497, 0.554332, -0.028760), p = (0.112497, 0.554332, -0.028760)
Body 3130: orig = (0.119733, 0.853399, 0.568705), p = (0.119733, 0.853399, 0.568705)
Body 3131: orig = (0.804873, 0.199841, 0.385920), p = (0.804873, 0.199841, 0.385920)
Body 3132: orig = (0.196496, -0.274027, 0.558809), p = (0.196496, -0.274027, 0.558809)
Body 3133: orig = (0.471591, 0.585881, 0.121450), p = (0.471591, 0.585881, 0.121450)
Body 3134: orig = (0.827520, 0.555315, 0.902784), p = (0.827520, 0.555315, 0.902784)
Body 3135: orig = (0.311595, -0.031756, 0.605604), p = (0.311595, -0.031756, 0.605604)
Body 3136: orig = (1.196977, 0.189884, 0.415604), p = (1.196977, 0.189884, 0.415604)
Body 3137: orig = (-0.346589, 0.492872, 0.681727), p = (-0.346589, 0.492872, 0.681727)
Body 3138: orig = (0.192965, 1.284203, 0.361940), p = (0.192965, 1.284203, 0.361940)
Body 3139: orig = (0.158345, 0.779138, 1.361987), p = (0.158345, 0.779138, 1.361987)
Body 3140: orig = (0.758710, 0.309146, 0.159301), p = (0.758710, 0.309146, 0.159301)
Body 3141: orig = (1.379010, 0.323912, 0.368704), p = (1.379010, 0.323912, 0.368704)
Body 3142: orig = (0.296014, 0.845929, 1.160583), p = (0.296014, 0.845929, 1.160583)
Body 3143: orig = (-0.516572, 0.464479, 0.066055), p = (-0.516572, 0.464479, 0.066055)
Body 3144: orig = (1.126726, 0.363934, 0.879718), p = (1.126726, 0.363934, 0.879718)
Body 3145: orig = (0.170181, 0.002702, 0.491565), p = (0.170181, 0.002702, 0.491565)
Body 3146: orig = (0.631030, 0.045702, 1.081505), p = (0.631030, 0.045702, 1.081505)
Body 3147: orig = (0.840118, 0.219428, 0.218451), p = (0.840118, 0.219428, 0.218451)
Body 3148: orig = (0.065745, 0.928225, 0.452626), p = (0.065745, 0.928225, 0.452626)
Body 3149: orig = (1.174024, 0.839867, 0.457183), p = (1.174024, 0.839867, 0.457183)
Body 3150: orig = (1.234204, 0.323057, 0.490923), p = (1.234204, 0.323057, 0.490923)
Body 3151: orig = (0.287426, 0.673151, 0.512000), p = (0.287426, 0.673151, 0.512000)
Body 3152: orig = (-0.387465, 0.809486, 0.781228), p = (-0.387465, 0.809486, 0.781228)
Body 3153: orig = (0.087972, 0.125522, 0.482951), p = (0.087972, 0.125522, 0.482951)
Body 3154: orig = (0.365807, 0.978605, 0.160680), p = (0.365807, 0.978605, 0.160680)
Body 3155: orig = (0.634810, 0.154254, 0.522954), p = (0.634810, 0.154254, 0.522954)
Body 3156: orig = (0.803043, 0.151525, 0.486996), p = (0.803043, 0.151525, 0.486996)
Body 3157: orig = (0.339013, 0.217869, 0.674776), p = (0.339013, 0.217869, 0.674776)
Body 3158: orig = (0.768443, -0.042316, 0.048658), p = (0.768443, -0.042316, 0.048658)
Body 3159: orig = (0.965600, 0.367393, 0.234411), p = (0.965600, 0.367393, 0.234411)
Body 3160: orig = (0.524990, 1.271789, 0.150492), p = (0.524990, 1.271789, 0.150492)
Body 3161: orig = (0.064256, 0.033985, 0.601311), p = (0.064256, 0.033985, 0.601311)
Body 3162: orig = (0.407268, 0.921697, 0.350060), p = (0.407268, 0.921697, 0.350060)
Body 3163: orig = (0.674637, 0.744615, 0.197494), p = (0.674637, 0.744615, 0.197494)
Body 3164: orig = (0.638739, 0.810886, 0.236798), p = (0.638739, 0.810886, 0.236798)
Body 3165: orig = (0.556668, 0.247297, 1.130174), p = (0.556668, 0.247297, 1.130174)
Body 3166: orig = (0.720427, 0.713383, 1.939939), p = (0.720427, 0.713383, 1.939939)
Body 3167: orig = (0.349640, 0.327894, 0.857109), p = (0.349640, 0.327894, 0.857109)
Body 3168: orig = (0.708256, 0.365559, 0.824536), p = (0.708256, 0.365559, 0.824536)
Body 3169: orig = (0.624299, 0.115481, 0.705581), p = (0.624299, 0.115481, 0.705581)
Body 3170: orig = (0.590001, 0.755422, 0.573910), p = (0.590001, 0.755422, 0.573910)
Body 3171: orig = (0.728583, 0.515916, 0.742867), p = (0.728583, 0.515916, 0.742867)
Body 3172: orig = (0.360569, 0.552159, 1.287121), p = (0.360569, 0.552159, 1.287121)
Body 3173: orig = (0.933779, 0.618046, 1.005178), p = (0.933779, 0.618046, 1.005178)
Body 3174: orig = (0.831133, 0.493260, 0.846476), p = (0.831133, 0.493260, 0.846476)
Body 3175: orig = (1.106428, 0.042987, 0.646400), p = (1.106428, 0.042987, 0.646400)
Body 3176: orig = (0.977944, 2.042592, 1.307259), p = (0.977944, 2.042592, 1.307259)
Body 3177: orig = (0.483713, 1.212283, 0.201702), p = (0.483713, 1.212283, 0.201702)
Body 3178: orig = (1.345763, 0.307693, 0.292355), p = (1.345763, 0.307693, 0.292355)
Body 3179: orig = (0.130079, 0.201084, 0.207344), p = (0.130079, 0.201084, 0.207344)
Body 3180: orig = (0.691356, 0.011482, 0.777276), p = (0.691356, 0.011482, 0.777276)
Body 3181: orig = (1.044239, 0.413833, 0.218569), p = (1.044239, 0.413833, 0.218569)
Body 3182: orig = (0.603347, 0.309315, 0.987807), p = (0.603347, 0.309315, 0.987807)
Body 3183: orig = (-0.006108, 0.999301, 0.298529), p = (-0.006108, 0.999301, 0.298529)
Body 3184: orig = (0.778827, 1.273227, 0.545182), p = (0.778827, 1.273227, 0.545182)
Body 3185: orig = (1.074377, 0.148510, 0.293457), p = (1.074377, 0.148510, 0.293457)
Body 3186: orig = (0.327285, 1.007548, 0.269594), p = (0.327285, 1.007548, 0.269594)
Body 3187: orig = (0.064572, 0.789480, 0.407884), p = (0.064572, 0.789480, 0.407884)
Body 3188: orig = (-0.061917, 1.010577, 0.969644), p = (-0.061917, 1.010577, 0.969644)
Body 3189: orig = (0.749550, 0.775084, 0.710982), p = (0.749550, 0.775084, 0.710982)
Body 3190: orig = (0.533699, 0.011945, -0.005879), p = (0.533699, 0.011945, -0.005879)
Body 3191: orig = (0.167850, -0.219171, 0.536331), p = (0.167850, -0.219171, 0.536331)
Body 3192: orig = (1.337834, 0.662110, 0.376140), p = (1.337834, 0.662110, 0.376140)
Body 3193: orig = (0.262832, 0.519145, -0.262232), p = (0.262832, 0.519145, -0.262232)
Body 3194: orig = (0.092955, -0.285839, 0.440579), p = (0.092955, -0.285839, 0.440579)
Body 3195: orig = (0.876063, 1.266438, 0.344175), p = (0.876063, 1.266438, 0.344175)
Body 3196: orig = (0.351506, 0.302681, 0.888574), p = (0.351506, 0.302681, 0.888574)
Body 3197: orig = (0.433024, 0.190734, 0.791525), p = (0.433024, 0.190734, 0.791525)
Body 3198: orig = (0.600009, 0.524263, 0.739296), p = (0.600009, 0.524263, 0.739296)
Body 3199: orig = (-0.178491, 0.245113, 0.285469), p = (-0.178491, 0.245113, 0.285469)
Body 3200: orig = (1.215866, 0.171803, 0.601637), p = (1.215866, 0.171803, 0.601637)
Body 3201: orig = (-0.020898, 0.646960, 0.497695), p = (-0.020898, 0.646960, 0.497695)
Body 3202: orig = (0.577011, 0.121421, 0.497425), p = (0.577011, 0.121421, 0.497425)
Body 3203: orig = (0.950815, 1.051063, 0.377799), p = (0.950815, 1.051063, 0.377799)
Body 3204: orig = (0.550894, -0.209382, 0.681053), p = (0.550894, -0.209382, 0.681053)
Body 3205: orig = (-0.220419, 0.212980, 0.556196), p = (-0.220419, 0.212980, 0.556196)
Body 3206: orig = (0.409798, 0.781682, 1.084631), p = (0.409798, 0.781682, 1.084631)
Body 3207: orig = (0.634353, -0.000319, 0.331030), p = (0.634353, -0.000319, 0.331030)
Body 3208: orig = (0.094312, 0.524428, 1.045230), p = (0.094312, 0.524428, 1.045230)
Body 3209: orig = (0.847983, 0.589306, 0.288320), p = (0.847983, 0.589306, 0.288320)
Body 3210: orig = (0.096011, 0.980708, 0.443443), p = (0.096011, 0.980708, 0.443443)
Body 3211: orig = (0.412632, 0.749612, -0.169726), p = (0.412632, 0.749612, -0.169726)
Body 3212: orig = (0.301298, 0.521890, -0.348839), p = (0.301298, 0.521890, -0.348839)
Body 3213: orig = (0.354835, 0.687114, 0.111626), p = (0.354835, 0.687114, 0.111626)
Body 3214: orig = (0.665062, 0.206962, 0.683111), p = (0.665062, 0.206962, 0.683111)
Body 3215: orig = (0.600287, 0.075615, 0.869027), p = (0.600287, 0.075615, 0.869027)
Body 3216: orig = (0.147834, -0.016397, 0.638013), p = (0.147834, -0.016397, 0.638013)
Body 3217: orig = (0.953037, -0.206282, 0.429949), p = (0.953037, -0.206282, 0.429949)
Body 3218: orig = (0.909375, 0.340753, 0.152125), p = (0.909375, 0.340753, 0.152125)
Body 3219: orig = (0.903669, 0.725265, 0.725316), p = (0.903669, 0.725265, 0.725316)
Body 3220: orig = (0.789101, -0.040254, 0.538692), p = (0.789101, -0.040254, 0.538692)
Body 3221: orig = (0.225370, 0.548290, -0.232071), p = (0.225370, 0.548290, -0.232071)
Body 3222: orig = (0.428766, 0.263218, 1.128438), p = (0.428766, 0.263218, 1.128438)
Body 3223: orig = (0.520219, 0.587186, 0.066435), p = (0.520219, 0.587186, 0.066435)
Body 3224: orig = (0.670207, 0.687385, 0.042896), p = (0.670207, 0.687385, 0.042896)
Body 3225: orig = (0.920602, 0.663490, 0.094068), p = (0.920602, 0.663490, 0.094068)
Body 3226: orig = (0.424804, 0.870672, 0.144056), p = (0.424804, 0.870672, 0.144056)
Body 3227: orig = (1.336132, 0.699237, 0.535626), p = (1.336132, 0.699237, 0.535626)
Body 3228: orig = (0.590255, 0.524943, 0.227311), p = (0.590255, 0.524943, 0.227311)
Body 3229: orig = (0.111944, 0.446260, 0.673131), p = (0.111944, 0.446260, 0.673131)
Body 3230: orig = (0.085803, 0.075382, 0.379691), p = (0.085803, 0.075382, 0.379691)
Body 3231: orig = (0.444661, 1.112340, 0.324307), p = (0.444661, 1.112340, 0.324307)
Body 3232: orig = (0.435910, 0.911740, 0.432639), p = (0.435910, 0.911740, 0.432639)
Body 3233: orig = (0.673905, -0.072631, 0.503459), p = (0.673905, -0.072631, 0.503459)
Body 3234: orig = (0.432128, 0.436568, 0.717527), p = (0.432128, 0.436568, 0.717527)
Body 3235: orig = (1.111281, 0.379967, 0.077167), p = (1.111281, 0.379967, 0.077167)
Body 3236: orig = (0.539031, 0.367323, 0.767295), p = (0.539031, 0.367323, 0.767295)
Body 3237: orig = (0.389513, 0.889636, 1.388130), p = (0.389513, 0.889636, 1.388130)
Body 3238: orig = (-0.090476, 0.187273, -0.452663), p = (-0.090476, 0.187273, -0.452663)
Body 3239: orig = (0.653926, -0.297446, 0.622236), p = (0.653926, -0.297446, 0.622236)
Body 3240: orig = (0.864129, 0.707015, 0.700338), p = (0.864129, 0.707015, 0.700338)
Body 3241: orig = (0.744216, 0.526836, 1.298294), p = (0.744216, 0.526836, 1.298294)
Body 3242: orig = (0.644115, 0.386906, -0.273065), p = (0.644115, 0.386906, -0.273065)
Body 3243: orig = (0.240352, -0.106877, 0.507750), p = (0.240352, -0.106877, 0.507750)
Body 3244: orig = (0.037439, 0.434521, 0.157970), p = (0.037439, 0.434521, 0.157970)
Body 3245: orig = (-0.202641, 0.112174, 0.575078), p = (-0.202641, 0.112174, 0.575078)
Body 3246: orig = (-0.530767, 0.764967, 0.515862), p = (-0.530767, 0.764967, 0.515862)
Body 3247: orig = (-0.478381, 0.233368, 0.308500), p = (-0.478381, 0.233368, 0.308500)
Body 3248: orig = (0.377967, 0.978111, 0.125928), p = (0.377967, 0.978111, 0.125928)
Body 3249: orig = (0.429139, 0.718576, 0.306123), p = (0.429139, 0.718576, 0.306123)
Body 3250: orig = (1.145018, 0.192058, 0.452781), p = (1.145018, 0.192058, 0.452781)
Body 3251: orig = (1.043376, 1.217677, 0.451843), p = (1.043376, 1.217677, 0.451843)
Body 3252: orig = (0.315868, 0.831973, 0.027255), p = (0.315868, 0.831973, 0.027255)
Body 3253: orig = (1.282832, -0.467413, 0.308366), p = (1.282832, -0.467413, 0.308366)
Body 3254: orig = (1.019031, 0.680107, 0.186582), p = (1.019031, 0.680107, 0.186582)
Body 3255: orig = (0.743881, 0.240341, 0.773753), p = (0.743881, 0.240341, 0.773753)
Body 3256: orig = (0.217378, 0.925495, 0.324436), p = (0.217378, 0.925495, 0.324436)
Body 3257: orig = (0.556513, 0.238866, -0.082496), p = (0.556513, 0.238866, -0.082496)
Body 3258: orig = (0.016830, 0.629715, 0.386183), p = (0.016830, 0.629715, 0.386183)
Body 3259: orig = (0.576300, 0.096947, -0.235797), p = (0.576300, 0.096947, -0.235797)
Body 3260: orig = (0.569857, 0.931832, 0.858817), p = (0.569857, 0.931832, 0.858817)
Body 3261: orig = (-0.232304, 0.407595, 0.853879), p = (-0.232304, 0.407595, 0.853879)
Body 3262: orig = (0.544456, 0.630233, -0.046211), p = (0.544456, 0.630233, -0.046211)
Body 3263: orig = (0.311736, 0.769685, 0.204339), p = (0.311736, 0.769685, 0.204339)
Body 3264: orig = (0.791409, 0.976391, 0.125971), p = (0.791409, 0.976391, 0.125971)
Body 3265: orig = (1.139632, 0.755961, 0.496118), p = (1.139632, 0.755961, 0.496118)
Body 3266: orig = (0.272466, 1.147462, -0.399450), p = (0.272466, 1.147462, -0.399450)
Body 3267: orig = (0.282506, 1.037158, 0.896017), p = (0.282506, 1.037158, 0.896017)
Body 3268: orig = (0.930758, 0.474075, -0.230083), p = (0.930758, 0.474075, -0.230083)
Body 3269: orig = (0.545960, 1.389243, 0.713442), p = (0.545960, 1.389243, 0.713442)
Body 3270: orig = (0.407554, 0.988149, 0.772171), p = (0.407554, 0.988149, 0.772171)
Body 3271: orig = (0.797232, 0.049596, 0.586664), p = (0.797232, 0.049596, 0.586664)
Body 3272: orig = (0.968143, -0.308177, 0.650408), p = (0.968143, -0.308177, 0.650408)
Body 3273: orig = (0.855636, 1.139548, 0.344974), p = (0.855636, 1.139548, 0.344974)
Body 3274: orig = (0.360738, -0.300681, 0.688625), p = (0.360738, -0.300681, 0.688625)
Body 3275: orig = (0.333914, 0.222312, 0.687468), p = (0.333914, 0.222312, 0.687468)
Body 3276: orig = (0.148303, 0.382022, 0.703025), p = (0.148303, 0.382022, 0.703025)
Body 3277: orig = (0.544479, -0.350469, 0.658335), p = (0.544479, -0.350469, 0.658335)
Body 3278: orig = (0.839703, 1.130545, 0.231843), p = (0.839703, 1.130545, 0.231843)
Body 3279: orig = (-0.099735, 0.739389, 0.272955), p = (-0.099735, 0.739389, 0.272955)
Body 3280: orig = (-0.114624, 0.590423, 0.532620), p = (-0.114624, 0.590423, 0.532620)
Body 3281: orig = (0.488716, 0.789721, 0.593450), p = (0.488716, 0.789721, 0.593450)
Body 3282: orig = (0.308651, 0.229208, -0.522012), p = (0.308651, 0.229208, -0.522012)
Body 3283: orig = (0.568301, 0.470084, 0.080790), p = (0.568301, 0.470084, 0.080790)
Body 3284: orig = (0.420033, 0.460226, 0.893047), p = (0.420033, 0.460226, 0.893047)
Body 3285: orig = (0.272360, 0.596924, 0.878738), p = (0.272360, 0.596924, 0.878738)
Body 3286: orig = (-0.080184, 0.743226, 0.382749), p = (-0.080184, 0.743226, 0.382749)
Body 3287: orig = (0.322098, 0.089772, 0.712295), p = (0.322098, 0.089772, 0.712295)
Body 3288: orig = (0.171836, 0.304960, 0.651231), p = (0.171836, 0.304960, 0.651231)
Body 3289: orig = (0.610988, 1.459644, 0.379731), p = (0.610988, 1.459644, 0.379731)
Body 3290: orig = (-0.331901, 0.449635, 0.650041), p = (-0.331901, 0.449635, 0.650041)
Body 3291: orig = (-0.149354, 0.168635, 0.724240), p = (-0.149354, 0.168635, 0.724240)
Body 3292: orig = (-0.010427, 0.822416, 0.563079), p = (-0.010427, 0.822416, 0.563079)
Body 3293: orig = (0.824418, 0.036301, 0.416102), p = (0.824418, 0.036301, 0.416102)
Body 3294: orig = (-0.042485, 0.784315, 0.497169), p = (-0.042485, 0.784315, 0.497169)
Body 3295: orig = (0.666214, 0.342225, 0.383650), p = (0.666214, 0.342225, 0.383650)
Body 3296: orig = (0.991237, 0.385678, 0.081356), p = (0.991237, 0.385678, 0.081356)
Body 3297: orig = (-0.424452, -0.524645, 0.203166), p = (-0.424452, -0.524645, 0.203166)
Body 3298: orig = (0.531892, 0.858898, 0.077728), p = (0.531892, 0.858898, 0.077728)
Body 3299: orig = (0.771434, -0.506738, 0.605346), p = (0.771434, -0.506738, 0.605346)
Body 3300: orig = (0.773368, 0.268426, 0.452113), p = (0.773368, 0.268426, 0.452113)
Body 3301: orig = (-0.013954, 0.222154, 0.750405), p = (-0.013954, 0.222154, 0.750405)
Body 3302: orig = (0.550424, 0.275867, 0.016509), p = (0.550424, 0.275867, 0.016509)
Body 3303: orig = (1.094327, 0.132509, 0.439679), p = (1.094327, 0.132509, 0.439679)
Body 3304: orig = (1.230458, 0.434911, 0.926477), p = (1.230458, 0.434911, 0.926477)
Body 3305: orig = (0.179996, 0.535203, 1.236066), p = (0.179996, 0.535203, 1.236066)
Body 3306: orig = (0.337141, 0.650480, 0.979706), p = (0.337141, 0.650480, 0.979706)
Body 3307: orig = (1.482398, 0.380505, 0.329959), p = (1.482398, 0.380505, 0.329959)
Body 3308: orig = (0.343350, -0.339761, 0.519258), p = (0.343350, -0.339761, 0.519258)
Body 3309: orig = (0.257594, 1.112561, -0.298124), p = (0.257594, 1.112561, -0.298124)
Body 3310: orig = (0.619290, 0.732525, 0.404097), p = (0.619290, 0.732525, 0.404097)
Body 3311: orig = (0.549693, 0.545956, 0.452893), p = (0.549693, 0.545956, 0.452893)
Body 3312: orig = (0.925303, 0.354328, 0.488459), p = (0.925303, 0.354328, 0.488459)
Body 3313: orig = (0.319324, 1.040411, 0.672843), p = (0.319324, 1.040411, 0.672843)
Body 3314: orig = (0.956147, 0.611237, 0.765256), p = (0.956147, 0.611237, 0.765256)
Body 3315: orig = (0.851880, 0.846751, -0.052219), p = (0.851880, 0.846751, -0.052219)
Body 3316: orig = (0.730275, 0.710323, -0.143772), p = (0.730275, 0.710323, -0.143772)
Body 3317: orig = (0.108534, 0.197526, 0.983348), p = (0.108534, 0.197526, 0.983348)
Body 3318: orig = (0.309186, 0.988258, 0.823190), p = (0.309186, 0.988258, 0.823190)
Body 3319: orig = (0.562290, 1.046939, 1.731401), p = (0.562290, 1.046939, 1.731401)
Body 3320: orig = (0.196383, 0.095393, 0.108005), p = (0.196383, 0.095393, 0.108005)
Body 3321: orig = (0.365308, 0.724855, 0.513449), p = (0.365308, 0.724855, 0.513449)
Body 3322: orig = (0.551185, 0.218845, -0.218580), p = (0.551185, 0.218845, -0.218580)
Body 3323: orig = (0.503560, 0.179845, 0.716898), p = (0.503560, 0.179845, 0.716898)
Body 3324: orig = (0.705472, 0.050919, 0.386970), p = (0.705472, 0.050919, 0.386970)
Body 3325: orig = (1.141875, 0.733076, 0.373128), p = (1.141875, 0.733076, 0.373128)
Body 3326: orig = (0.883949, 0.292712, 0.458586), p = (0.883949, 0.292712, 0.458586)
Body 3327: orig = (0.257494, 1.006317, 0.113163), p = (0.257494, 1.006317, 0.113163)
Body 3328: orig = (0.494576, -0.507979, 0.591758), p = (0.494576, -0.507979, 0.591758)
Body 3329: orig = (-0.247721, 0.611697, 0.637291), p = (-0.247721, 0.611697, 0.637291)
Body 3330: orig = (0.332324, 0.616706, 1.121374), p = (0.332324, 0.616706, 1.121374)
Body 3331: orig = (0.134398, -0.145389, 0.472167), p = (0.134398, -0.145389, 0.472167)
Body 3332: orig = (0.514343, 1.074954, 0.819973), p = (0.514343, 1.074954, 0.819973)
Body 3333: orig = (0.559018, 1.552811, 0.773551), p = (0.559018, 1.552811, 0.773551)
Body 3334: orig = (0.324573, 0.496428, 1.035590), p = (0.324573, 0.496428, 1.035590)
Body 3335: orig = (-0.327113, 0.510691, 0.425043), p = (-0.327113, 0.510691, 0.425043)
Body 3336: orig = (0.300540, 0.030731, 0.449756), p = (0.300540, 0.030731, 0.449756)
Body 3337: orig = (1.282778, 0.754672, 0.766728), p = (1.282778, 0.754672, 0.766728)
Body 3338: orig = (0.383379, 0.562870, 0.810304), p = (0.383379, 0.562870, 0.810304)
Body 3339: orig = (0.425426, 0.654167, 1.333003), p = (0.425426, 0.654167, 1.333003)
Body 3340: orig = (0.196078, 0.359486, 0.579240), p = (0.196078, 0.359486, 0.579240)
Body 3341: orig = (0.262450, -0.122092, 0.525796), p = (0.262450, -0.122092, 0.525796)
Body 3342: orig = (0.496271, 0.620031, 1.552979), p = (0.496271, 0.620031, 1.552979)
Body 3343: orig = (0.183182, -0.558540, 0.258032), p = (0.183182, -0.558540, 0.258032)
Body 3344: orig = (0.975472, 0.444400, -0.299082), p = (0.975472, 0.444400, -0.299082)
Body 3345: orig = (0.270147, 0.967544, 0.747181), p = (0.270147, 0.967544, 0.747181)
Body 3346: orig = (0.805781, 0.626489, 0.701804), p = (0.805781, 0.626489, 0.701804)
Body 3347: orig = (0.059127, 0.332375, 0.815484), p = (0.059127, 0.332375, 0.815484)
Body 3348: orig = (0.252197, -0.238150, 0.581404), p = (0.252197, -0.238150, 0.581404)
Body 3349: orig = (0.850009, 0.603502, -0.154846), p = (0.850009, 0.603502, -0.154846)
Body 3350: orig = (0.379592, 1.423983, 0.361640), p = (0.379592, 1.423983, 0.361640)
Body 3351: orig = (0.606319, 0.825629, -0.309970), p = (0.606319, 0.825629, -0.309970)
Body 3352: orig = (0.410358, 0.666591, 1.443716), p = (0.410358, 0.666591, 1.443716)
Body 3353: orig = (0.403972, 1.066482, 0.846167), p = (0.403972, 1.066482, 0.846167)
Body 3354: orig = (0.213930, 0.517773, 0.357461), p = (0.213930, 0.517773, 0.357461)
Body 3355: orig = (1.412921, 0.594012, 0.414011), p = (1.412921, 0.594012, 0.414011)
Body 3356: orig = (0.052945, 0.029132, 0.871586), p = (0.052945, 0.029132, 0.871586)
Body 3357: orig = (0.869201, 0.552674, -0.044047), p = (0.869201, 0.552674, -0.044047)
Body 3358: orig = (0.028066, 0.460164, 0.640344), p = (0.028066, 0.460164, 0.640344)
Body 3359: orig = (-0.277568, 0.407406, 0.481980), p = (-0.277568, 0.407406, 0.481980)
Body 3360: orig = (-0.351179, 0.251226, 0.545814), p = (-0.351179, 0.251226, 0.545814)
Body 3361: orig = (1.230794, 0.907800, 0.766337), p = (1.230794, 0.907800, 0.766337)
Body 3362: orig = (0.450965, 0.334971, 0.896373), p = (0.450965, 0.334971, 0.896373)
Body 3363: orig = (0.512320, 0.435323, 0.518273), p = (0.512320, 0.435323, 0.518273)
Body 3364: orig = (0.306463, 0.124939, 0.618484), p = (0.306463, 0.124939, 0.618484)
Body 3365: orig = (0.406774, 0.092881, -0.124733), p = (0.406774, 0.092881, -0.124733)
Body 3366: orig = (0.345830, 0.032924, 0.218711), p = (0.345830, 0.032924, 0.218711)
Body 3367: orig = (0.132411, 0.428260, 0.401864), p = (0.132411, 0.428260, 0.401864)
Body 3368: orig = (-0.142491, 0.462824, 0.379492), p = (-0.142491, 0.462824, 0.379492)
Body 3369: orig = (0.400032, -0.131234, -0.029875), p = (0.400032, -0.131234, -0.029875)
Body 3370: orig = (0.370193, 1.341535, 0.304205), p = (0.370193, 1.341535, 0.304205)
Body 3371: orig = (0.629138, 0.682617, -0.221313), p = (0.629138, 0.682617, -0.221313)
Body 3372: orig = (1.274540, 0.796112, 0.706902), p = (1.274540, 0.796112, 0.706902)
Body 3373: orig = (0.420624, 0.624892, 1.340921), p = (0.420624, 0.624892, 1.340921)
Body 3374: orig = (0.664281, 0.608744, 0.550444), p = (0.664281, 0.608744, 0.550444)
Body 3375: orig = (0.679899, 0.893662, 0.497304), p = (0.679899, 0.893662, 0.497304)
Body 3376: orig = (0.578574, 0.409909, 0.045893), p = (0.578574, 0.409909, 0.045893)
Body 3377: orig = (0.803374, 0.159106, 0.537368), p = (0.803374, 0.159106, 0.537368)
Body 3378: orig = (-0.131639, 0.865611, 0.488336), p = (-0.131639, 0.865611, 0.488336)
Body 3379: orig = (0.900073, 0.827574, 0.221518), p = (0.900073, 0.827574, 0.221518)
Body 3380: orig = (0.500932, 0.926817, 0.403626), p = (0.500932, 0.926817, 0.403626)
Body 3381: orig = (0.924532, 1.004803, 0.297173), p = (0.924532, 1.004803, 0.297173)
Body 3382: orig = (-0.002552, 0.589411, 1.040725), p = (-0.002552, 0.589411, 1.040725)
Body 3383: orig = (0.665683, 0.778611, 0.679856), p = (0.665683, 0.778611, 0.679856)
Body 3384: orig = (0.441454, 1.422340, 0.665855), p = (0.441454, 1.422340, 0.665855)
Body 3385: orig = (-0.300641, 0.536575, 0.371311), p = (-0.300641, 0.536575, 0.371311)
Body 3386: orig = (-0.000886, 1.042074, 0.235988), p = (-0.000886, 1.042074, 0.235988)
Body 3387: orig = (1.061965, 0.640383, 1.054084), p = (1.061965, 0.640383, 1.054084)
Body 3388: orig = (0.131999, 1.108903, 0.263003), p = (0.131999, 1.108903, 0.263003)
Body 3389: orig = (0.817227, 0.570380, 0.659150), p = (0.817227, 0.570380, 0.659150)
Body 3390: orig = (0.599755, 0.539108, 0.389961), p = (0.599755, 0.539108, 0.389961)
Body 3391: orig = (0.893608, 0.176180, 0.611349), p = (0.893608, 0.176180, 0.611349)
Body 3392: orig = (0.720223, 0.583972, -0.053775), p = (0.720223, 0.583972, -0.053775)
Body 3393: orig = (0.519117, 0.386452, -0.203890), p = (0.519117, 0.386452, -0.203890)
Body 3394: orig = (0.632876, 1.043461, 0.264080), p = (0.632876, 1.043461, 0.264080)
Body 3395: orig = (0.991293, 0.091379, 0.402329), p = (0.991293, 0.091379, 0.402329)
Body 3396: orig = (0.731232, 0.069910, -0.075740), p = (0.731232, 0.069910, -0.075740)
Body 3397: orig = (1.165000, 0.918904, 0.886012), p = (1.165000, 0.918904, 0.886012)
Body 3398: orig = (-0.356971, 0.497117, 0.725513), p = (-0.356971, 0.497117, 0.725513)
Body 3399: orig = (0.932475, 0.799126, 0.874728), p = (0.932475, 0.799126, 0.874728)
Body 3400: orig = (0.773861, 1.324758, 0.528269), p = (0.773861, 1.324758, 0.528269)
Body 3401: orig = (0.805130, 0.576263, 0.610684), p = (0.805130, 0.576263, 0.610684)
Body 3402: orig = (1.504437, 0.509979, 0.440676), p = (1.504437, 0.509979, 0.440676)
Body 3403: orig = (0.837204, 0.522472, 0.998068), p = (0.837204, 0.522472, 0.998068)
Body 3404: orig = (0.278202, 0.235667, 0.876595), p = (0.278202, 0.235667, 0.876595)
Body 3405: orig = (1.289453, 0.229496, 0.395210), p = (1.289453, 0.229496, 0.395210)
Body 3406: orig = (0.729190, 0.864105, 0.244536), p = (0.729190, 0.864105, 0.244536)
Body 3407: orig = (-0.319429, 0.301961, 0.621305), p = (-0.319429, 0.301961, 0.621305)
Body 3408: orig = (0.564980, 0.201268, -0.006368), p = (0.564980, 0.201268, -0.006368)
Body 3409: orig = (-0.243874, -0.032287, 0.451023), p = (-0.243874, -0.032287, 0.451023)
Body 3410: orig = (1.161308, 0.191060, 0.587920), p = (1.161308, 0.191060, 0.587920)
Body 3411: orig = (0.416509, 0.537820, 1.438782), p = (0.416509, 0.537820, 1.438782)
Body 3412: orig = (0.645569, 1.212219, 0.493618), p = (0.645569, 1.212219, 0.493618)
Body 3413: orig = (0.306179, 1.032338, 0.125453), p = (0.306179, 1.032338, 0.125453)
Body 3414: orig = (0.932610, 0.650440, 0.934680), p = (0.932610, 0.650440, 0.934680)
Body 3415: orig = (0.181999, -0.083088, 0.679311), p = (0.181999, -0.083088, 0.679311)
Body 3416: orig = (0.526335, 0.664425, 0.790483), p = (0.526335, 0.664425, 0.790483)
Body 3417: orig = (0.460564, 0.526021, 1.360927), p = (0.460564, 0.526021, 1.360927)
Body 3418: orig = (0.734411, 0.606819, 0.055574), p = (0.734411, 0.606819, 0.055574)
Body 3419: orig = (-0.124942, 0.814249, 0.557882), p = (-0.124942, 0.814249, 0.557882)
Body 3420: orig = (0.347345, 0.672746, -0.115458), p = (0.347345, 0.672746, -0.115458)
Body 3421: orig = (0.983783, 0.580362, 0.862058), p = (0.983783, 0.580362, 0.862058)
Body 3422: orig = (0.197201, 0.495610, 0.495231), p = (0.197201, 0.495610, 0.495231)
Body 3423: orig = (0.476274, 1.054718, 0.373473), p = (0.476274, 1.054718, 0.373473)
Body 3424: orig = (0.579165, 0.183839, 1.049278), p = (0.579165, 0.183839, 1.049278)
Body 3425: orig = (0.145492, 0.449956, 0.259339), p = (0.145492, 0.449956, 0.259339)
Body 3426: orig = (-0.219910, 0.434490, 0.692471), p = (-0.219910, 0.434490, 0.692471)
Body 3427: orig = (-0.527515, 0.387570, 0.920785), p = (-0.527515, 0.387570, 0.920785)
Body 3428: orig = (0.226874, 0.058863, 0.255433), p = (0.226874, 0.058863, 0.255433)
Body 3429: orig = (0.040052, 0.482179, 0.029720), p = (0.040052, 0.482179, 0.029720)
Body 3430: orig = (0.581668, 0.299277, -0.117009), p = (0.581668, 0.299277, -0.117009)
Body 3431: orig = (0.673319, 0.530968, 0.600285), p = (0.673319, 0.530968, 0.600285)
Body 3432: orig = (0.784448, 1.133096, 0.515657), p = (0.784448, 1.133096, 0.515657)
Body 3433: orig = (0.492211, 0.434775, -0.491851), p = (0.492211, 0.434775, -0.491851)
Body 3434: orig = (0.100520, 0.862400, 0.360286), p = (0.100520, 0.862400, 0.360286)
Body 3435: orig = (-0.350732, 0.330854, 0.644219), p = (-0.350732, 0.330854, 0.644219)
Body 3436: orig = (0.391025, 0.693548, 0.118794), p = (0.391025, 0.693548, 0.118794)
Body 3437: orig = (1.006843, 1.076865, 0.470757), p = (1.006843, 1.076865, 0.470757)
Body 3438: orig = (0.597066, 0.748250, 0.324469), p = (0.597066, 0.748250, 0.324469)
Body 3439: orig = (0.620487, 0.072954, 0.105419), p = (0.620487, 0.072954, 0.105419)
Body 3440: orig = (0.108059, -0.145863, 0.336929), p = (0.108059, -0.145863, 0.336929)
Body 3441: orig = (0.642771, 0.786106, 0.037482), p = (0.642771, 0.786106, 0.037482)
Body 3442: orig = (0.529543, 0.151142, 0.740546), p = (0.529543, 0.151142, 0.740546)
Body 3443: orig = (0.537510, 0.879927, 1.118152), p = (0.537510, 0.879927, 1.118152)
Body 3444: orig = (0.505577, 0.061125, 0.957874), p = (0.505577, 0.061125, 0.957874)
Body 3445: orig = (0.396692, 0.080111, 0.357747), p = (0.396692, 0.080111, 0.357747)
Body 3446: orig = (0.347852, -0.207053, 0.101018), p = (0.347852, -0.207053, 0.101018)
Body 3447: orig = (0.076131, 0.427767, 1.249775), p = (0.076131, 0.427767, 1.249775)
Body 3448: orig = (0.200309, 0.441942, 0.375882), p = (0.200309, 0.441942, 0.375882)
Body 3449: orig = (0.810438, 0.605189, 0.205437), p = (0.810438, 0.605189, 0.205437)
Body 3450: orig = (0.489853, 0.159250, 0.570833), p = (0.489853, 0.159250, 0.570833)
Body 3451: orig = (-0.678776, 2.230981, -1.368651), p = (-0.678776, 2.230981, -1.368651)
Body 3452: orig = (0.778193, 0.644132, 0.545400), p = (0.778193, 0.644132, 0.545400)
Body 3453: orig = (0.251694, 0.664329, 1.138575), p = (0.251694, 0.664329, 1.138575)
Body 3454: orig = (0.761439, 0.396996, 0.812556), p = (0.761439, 0.396996, 0.812556)
Body 3455: orig = (0.106651, 0.769541, -0.169705), p = (0.106651, 0.769541, -0.169705)
Body 3456: orig = (1.061462, 0.804986, 0.419849), p = (1.061462, 0.804986, 0.419849)
Body 3457: orig = (0.313385, 0.140594, 0.660095), p = (0.313385, 0.140594, 0.660095)
Body 3458: orig = (0.205910, 0.833314, 0.509291), p = (0.205910, 0.833314, 0.509291)
Body 3459: orig = (0.333105, -0.146078, 0.349745), p = (0.333105, -0.146078, 0.349745)
Body 3460: orig = (0.172581, 0.004506, 0.410255), p = (0.172581, 0.004506, 0.410255)
Body 3461: orig = (0.753066, 0.195657, 1.076610), p = (0.753066, 0.195657, 1.076610)
Body 3462: orig = (1.056968, 0.832811, 0.387539), p = (1.056968, 0.832811, 0.387539)
Body 3463: orig = (0.552212, 0.265492, -0.286482), p = (0.552212, 0.265492, -0.286482)
Body 3464: orig = (-0.093743, 0.473682, 0.818690), p = (-0.093743, 0.473682, 0.818690)
Body 3465: orig = (0.710178, 0.237954, 1.040094), p = (0.710178, 0.237954, 1.040094)
Body 3466: orig = (0.799858, 0.570446, 0.302128), p = (0.799858, 0.570446, 0.302128)
Body 3467: orig = (0.406277, 1.204700, 0.061342), p = (0.406277, 1.204700, 0.061342)
Body 3468: orig = (0.142926, 0.493225, 1.086987), p = (0.142926, 0.493225, 1.086987)
Body 3469: orig = (1.073285, 0.468438, 0.444463), p = (1.073285, 0.468438, 0.444463)
Body 3470: orig = (0.509258, 0.361650, 0.199009), p = (0.509258, 0.361650, 0.199009)
Body 3471: orig = (0.039015, 0.556825, 0.774613), p = (0.039015, 0.556825, 0.774613)
Body 3472: orig = (0.412829, 1.084640, 0.304382), p = (0.412829, 1.084640, 0.304382)
Body 3473: orig = (0.528331, 0.006905, 0.433499), p = (0.528331, 0.006905, 0.433499)
Body 3474: orig = (0.528608, 1.200670, 0.505609), p = (0.528608, 1.200670, 0.505609)
Body 3475: orig = (0.167202, 0.716169, -0.002324), p = (0.167202, 0.716169, -0.002324)
Body 3476: orig = (0.075579, 0.871343, 0.400733), p = (0.075579, 0.871343, 0.400733)
Body 3477: orig = (0.531226, -0.084073, 0.498044), p = (0.531226, -0.084073, 0.498044)
Body 3478: orig = (0.064299, 0.170905, -0.025833), p = (0.064299, 0.170905, -0.025833)
Body 3479: orig = (0.592074, 0.503963, 0.525690), p = (0.592074, 0.503963, 0.525690)
Body 3480: orig = (0.371390, 0.755658, -0.005767), p = (0.371390, 0.755658, -0.005767)
Body 3481: orig = (0.499066, 0.356616, 0.564592), p = (0.499066, 0.356616, 0.564592)
Body 3482: orig = (0.480850, 0.347984, 1.299432), p = (0.480850, 0.347984, 1.299432)
Body 3483: orig = (1.311851, 0.442116, 0.520773), p = (1.311851, 0.442116, 0.520773)
Body 3484: orig = (0.875463, 0.014242, 0.484934), p = (0.875463, 0.014242, 0.484934)
Body 3485: orig = (0.488730, 0.879643, -0.229231), p = (0.488730, 0.879643, -0.229231)
Body 3486: orig = (0.412310, 0.531424, 1.300262), p = (0.412310, 0.531424, 1.300262)
Body 3487: orig = (0.422365, 0.556178, 0.068212), p = (0.422365, 0.556178, 0.068212)
Body 3488: orig = (0.338394, 0.380027, 1.367899), p = (0.338394, 0.380027, 1.367899)
Body 3489: orig = (0.730077, 0.419424, 0.296795), p = (0.730077, 0.419424, 0.296795)
Body 3490: orig = (0.554877, 0.716070, -0.462258), p = (0.554877, 0.716070, -0.462258)
Body 3491: orig = (0.442229, 0.284102, 0.635208), p = (0.442229, 0.284102, 0.635208)
Body 3492: orig = (0.381302, 0.480912, -0.315665), p = (0.381302, 0.480912, -0.315665)
Body 3493: orig = (1.008678, 0.801524, 0.638626), p = (1.008678, 0.801524, 0.638626)
Body 3494: orig = (0.409184, 1.032984, 0.942250), p = (0.409184, 1.032984, 0.942250)
Body 3495: orig = (-0.800358, 1.138220, -1.353615), p = (-0.800358, 1.138220, -1.353615)
Body 3496: orig = (0.560527, 0.465056, 0.664039), p = (0.560527, 0.465056, 0.664039)
Body 3497: orig = (0.812258, 0.435600, 0.240321), p = (0.812258, 0.435600, 0.240321)
Body 3498: orig = (0.715649, 1.606511, 0.913475), p = (0.715649, 1.606511, 0.913475)
Body 3499: orig = (0.577965, 0.715390, -0.100613), p = (0.577965, 0.715390, -0.100613)
Body 3500: orig = (0.367185, 0.120819, 0.770323), p = (0.367185, 0.120819, 0.770323)
Body 3501: orig = (1.191974, 0.409645, 0.519400), p = (1.191974, 0.409645, 0.519400)
Body 3502: orig = (0.557516, 0.158883, 1.110096), p = (0.557516, 0.158883, 1.110096)
Body 3503: orig = (0.208596, 1.134973, 0.670196), p = (0.208596, 1.134973, 0.670196)
Body 3504: orig = (0.666957, -0.050417, 0.267039), p = (0.666957, -0.050417, 0.267039)
Body 3505: orig = (0.408893, 0.607988, 0.108146), p = (0.408893, 0.607988, 0.108146)
Body 3506: orig = (0.470005, 0.851533, -0.090922), p = (0.470005, 0.851533, -0.090922)
Body 3507: orig = (0.027162, 0.166337, 0.861886), p = (0.027162, 0.166337, 0.861886)
Body 3508: orig = (-0.064650, 0.405219, 0.334607), p = (-0.064650, 0.405219, 0.334607)
Body 3509: orig = (0.540498, 1.007143, 0.409031), p = (0.540498, 1.007143, 0.409031)
Body 3510: orig = (0.513947, 0.370031, 1.174247), p = (0.513947, 0.370031, 1.174247)
Body 3511: orig = (0.325785, 1.170856, 0.876714), p = (0.325785, 1.170856, 0.876714)
Body 3512: orig = (0.573388, 1.282214, 0.554602), p = (0.573388, 1.282214, 0.554602)
Body 3513: orig = (0.583358, 0.199145, 0.801873), p = (0.583358, 0.199145, 0.801873)
Body 3514: orig = (1.081732, 0.494236, 0.890768), p = (1.081732, 0.494236, 0.890768)
Body 3515: orig = (0.312223, -0.060307, 0.775499), p = (0.312223, -0.060307, 0.775499)
Body 3516: orig = (0.834681, 0.862872, 0.013479), p = (0.834681, 0.862872, 0.013479)
Body 3517: orig = (1.007768, 0.677904, 0.148675), p = (1.007768, 0.677904, 0.148675)
Body 3518: orig = (0.222119, 1.278766, 0.605987), p = (0.222119, 1.278766, 0.605987)
Body 3519: orig = (0.504799, 0.709499, 0.482164), p = (0.504799, 0.709499, 0.482164)
Body 3520: orig = (1.356548, 0.383707, 0.490868), p = (1.356548, 0.383707, 0.490868)
Body 3521: orig = (-0.117481, 0.456138, 0.455033), p = (-0.117481, 0.456138, 0.455033)
Body 3522: orig = (1.228542, 0.768411, 0.228864), p = (1.228542, 0.768411, 0.228864)
Body 3523: orig = (0.911930, 0.273991, 0.600959), p = (0.911930, 0.273991, 0.600959)
Body 3524: orig = (-0.127345, 1.018259, 0.589808), p = (-0.127345, 1.018259, 0.589808)
Body 3525: orig = (0.644364, 0.273853, -0.285519), p = (0.644364, 0.273853, -0.285519)
Body 3526: orig = (0.810157, 0.373638, -1.120213), p = (0.810157, 0.373638, -1.120213)
Body 3527: orig = (-0.029113, 0.458078, 0.378937), p = (-0.029113, 0.458078, 0.378937)
Body 3528: orig = (0.499029, 0.395886, 0.277090), p = (0.499029, 0.395886, 0.277090)
Body 3529: orig = (0.572082, -0.015878, 0.849571), p = (0.572082, -0.015878, 0.849571)
Body 3530: orig = (0.836333, -0.009962, 0.522900), p = (0.836333, -0.009962, 0.522900)
Body 3531: orig = (1.177274, 0.287633, 0.694126), p = (1.177274, 0.287633, 0.694126)
Body 3532: orig = (-0.340418, 0.494730, 0.606686), p = (-0.340418, 0.494730, 0.606686)
Body 3533: orig = (0.555214, 0.434056, 0.377291), p = (0.555214, 0.434056, 0.377291)
Body 3534: orig = (0.836114, 0.499870, -0.125430), p = (0.836114, 0.499870, -0.125430)
Body 3535: orig = (0.361903, 0.218418, 0.853831), p = (0.361903, 0.218418, 0.853831)
Body 3536: orig = (-0.285165, -0.449182, 0.872214), p = (-0.285165, -0.449182, 0.872214)
Body 3537: orig = (0.754730, 0.435185, -0.351618), p = (0.754730, 0.435185, -0.351618)
Body 3538: orig = (0.299524, -6.103041, -0.791888), p = (0.299524, -6.103041, -0.791888)
Body 3539: orig = (1.080992, 0.937750, -0.089010), p = (1.080992, 0.937750, -0.089010)
Body 3540: orig = (-0.245167, 0.893729, 0.467291), p = (-0.245167, 0.893729, 0.467291)
Body 3541: orig = (0.914811, 0.883922, 0.483299), p = (0.914811, 0.883922, 0.483299)
Body 3542: orig = (-0.179496, 0.634643, 0.588508), p = (-0.179496, 0.634643, 0.588508)
Body 3543: orig = (0.708941, 0.902147, 0.659127), p = (0.708941, 0.902147, 0.659127)
Body 3544: orig = (0.969984, 1.229299, 0.166604), p = (0.969984, 1.229299, 0.166604)
Body 3545: orig = (0.970817, 0.511370, 1.015780), p = (0.970817, 0.511370, 1.015780)
Body 3546: orig = (1.497426, 0.407325, 0.748454), p = (1.497426, 0.407325, 0.748454)
Body 3547: orig = (0.123915, 0.945539, 0.680273), p = (0.123915, 0.945539, 0.680273)
Body 3548: orig = (0.048122, 1.212709, 0.533399), p = (0.048122, 1.212709, 0.533399)
Body 3549: orig = (0.135729, 0.336369, 0.692059), p = (0.135729, 0.336369, 0.692059)
Body 3550: orig = (0.110674, 0.504702, 0.317231), p = (0.110674, 0.504702, 0.317231)
Body 3551: orig = (0.472056, 0.013309, 0.429951), p = (0.472056, 0.013309, 0.429951)
Body 3552: orig = (0.983325, 0.666418, 0.101716), p = (0.983325, 0.666418, 0.101716)
Body 3553: orig = (0.831080, 0.704585, 0.202233), p = (0.831080, 0.704585, 0.202233)
Body 3554: orig = (0.335265, 0.521470, 1.018553), p = (0.335265, 0.521470, 1.018553)
Body 3555: orig = (0.464517, 0.824194, 0.082462), p = (0.464517, 0.824194, 0.082462)
Body 3556: orig = (0.664607, 0.144438, -0.088303), p = (0.664607, 0.144438, -0.088303)
Body 3557: orig = (0.293804, 0.788408, 0.877050), p = (0.293804, 0.788408, 0.877050)
Body 3558: orig = (0.326339, 0.019087, 0.188242), p = (0.326339, 0.019087, 0.188242)
Body 3559: orig = (0.632266, 0.345266, 0.396290), p = (0.632266, 0.345266, 0.396290)
Body 3560: orig = (0.783274, 0.792553, 0.923687), p = (0.783274, 0.792553, 0.923687)
Body 3561: orig = (0.613171, 0.598791, 1.368108), p = (0.613171, 0.598791, 1.368108)
Body 3562: orig = (0.639161, 0.543070, 0.375262), p = (0.639161, 0.543070, 0.375262)
Body 3563: orig = (0.865329, 0.478027, 0.724185), p = (0.865329, 0.478027, 0.724185)
Body 3564: orig = (0.163306, 1.110417, 0.513131), p = (0.163306, 1.110417, 0.513131)
Body 3565: orig = (0.069990, 0.596093, 0.340907), p = (0.069990, 0.596093, 0.340907)
Body 3566: orig = (0.683033, -0.365198, 0.315694), p = (0.683033, -0.365198, 0.315694)
Body 3567: orig = (0.500543, 0.898478, 0.684186), p = (0.500543, 0.898478, 0.684186)
Body 3568: orig = (6.989084, -10.282120, -26.437693), p = (6.989084, -10.282120, -26.437693)
Body 3569: orig = (0.429917, 0.611192, 0.392646), p = (0.429917, 0.611192, 0.392646)
Body 3570: orig = (-0.119011, 1.180427, 0.927054), p = (-0.119011, 1.180427, 0.927054)
Body 3571: orig = (0.591307, 1.128481, 0.265547), p = (0.591307, 1.128481, 0.265547)
Body 3572: orig = (0.545769, 0.383220, 0.382566), p = (0.545769, 0.383220, 0.382566)
Body 3573: orig = (0.720549, 0.078649, 0.201514), p = (0.720549, 0.078649, 0.201514)
Body 3574: orig = (0.194622, 0.106953, 0.291934), p = (0.194622, 0.106953, 0.291934)
Body 3575: orig = (0.712202, 1.053208, 0.325241), p = (0.712202, 1.053208, 0.325241)
Body 3576: orig = (0.450729, -0.107449, 0.573151), p = (0.450729, -0.107449, 0.573151)
Body 3577: orig = (0.573721, 0.725714, 0.949311), p = (0.573721, 0.725714, 0.949311)
Body 3578: orig = (-0.271453, 0.271027, 0.181232), p = (-0.271453, 0.271027, 0.181232)
Body 3579: orig = (0.804526, 0.561645, 0.155455), p = (0.804526, 0.561645, 0.155455)
Body 3580: orig = (0.689506, 1.232994, 0.734068), p = (0.689506, 1.232994, 0.734068)
Body 3581: orig = (0.760866, -0.065531, 0.127095), p = (0.760866, -0.065531, 0.127095)
Body 3582: orig = (0.410043, 1.029519, 0.474754), p = (0.410043, 1.029519, 0.474754)
Body 3583: orig = (0.512776, -0.103576, 0.829566), p = (0.512776, -0.103576, 0.829566)
Body 3584: orig = (0.439891, 0.434861, 0.137738), p = (0.439891, 0.434861, 0.137738)
Body 3585: orig = (0.575449, 0.700166, 1.025097), p = (0.575449, 0.700166, 1.025097)
Body 3586: orig = (0.576316, 0.086819, 0.258351), p = (0.576316, 0.086819, 0.258351)
Body 3587: orig = (0.857292, 0.529162, 0.032945), p = (0.857292, 0.529162, 0.032945)
Body 3588: orig = (0.233840, 0.967073, 0.437086), p = (0.233840, 0.967073, 0.437086)
Body 3589: orig = (1.659418, 0.673444, 0.144310), p = (1.659418, 0.673444, 0.144310)
Body 3590: orig = (0.470685, 0.585528, 0.423005), p = (0.470685, 0.585528, 0.423005)
Body 3591: orig = (-0.452663, 0.574633, 0.090220), p = (-0.452663, 0.574633, 0.090220)
Body 3592: orig = (0.705379, 0.721878, 0.006451), p = (0.705379, 0.721878, 0.006451)
Body 3593: orig = (0.488702, 0.626348, 1.400420), p = (0.488702, 0.626348, 1.400420)
Body 3594: orig = (0.253415, 1.058898, 0.163864), p = (0.253415, 1.058898, 0.163864)
Body 3595: orig = (0.597578, 0.341966, 0.477759), p = (0.597578, 0.341966, 0.477759)
Body 3596: orig = (0.570731, 0.179678, 0.332520), p = (0.570731, 0.179678, 0.332520)
Body 3597: orig = (0.436504, 0.353298, 0.040431), p = (0.436504, 0.353298, 0.040431)
Body 3598: orig = (0.973966, 0.336509, 0.863485), p = (0.973966, 0.336509, 0.863485)
Body 3599: orig = (0.512031, 0.381184, -0.355473), p = (0.512031, 0.381184, -0.355473)
Body 3600: orig = (-0.238488, 0.741121, 0.577720), p = (-0.238488, 0.741121, 0.577720)
Body 3601: orig = (-0.289922, 0.442126, 0.802233), p = (-0.289922, 0.442126, 0.802233)
Body 3602: orig = (0.014992, 0.826800, 0.432189), p = (0.014992, 0.826800, 0.432189)
Body 3603: orig = (1.154413, 0.813519, 0.881204), p = (1.154413, 0.813519, 0.881204)
Body 3604: orig = (0.827114, 0.369484, -0.075385), p = (0.827114, 0.369484, -0.075385)
Body 3605: orig = (0.485481, 0.436138, 1.068234), p = (0.485481, 0.436138, 1.068234)
Body 3606: orig = (0.390448, 0.948706, 0.115866), p = (0.390448, 0.948706, 0.115866)
Body 3607: orig = (0.123213, 1.062708, 0.317004), p = (0.123213, 1.062708, 0.317004)
Body 3608: orig = (1.023494, 0.320856, 0.678388), p = (1.023494, 0.320856, 0.678388)
Body 3609: orig = (0.523917, 0.127313, 1.020241), p = (0.523917, 0.127313, 1.020241)
Body 3610: orig = (1.136762, 0.117167, 0.786694), p = (1.136762, 0.117167, 0.786694)
Body 3611: orig = (0.559493, 0.017962, 0.769226), p = (0.559493, 0.017962, 0.769226)
Body 3612: orig = (1.301957, 0.611991, 0.738134), p = (1.301957, 0.611991, 0.738134)
Body 3613: orig = (0.761013, 0.458690, 0.596425), p = (0.761013, 0.458690, 0.596425)
Body 3614: orig = (-0.044520, 0.320753, -0.112937), p = (-0.044520, 0.320753, -0.112937)
Body 3615: orig = (0.622860, -0.360432, 0.695054), p = (0.622860, -0.360432, 0.695054)
Body 3616: orig = (0.437805, 0.716130, 1.095465), p = (0.437805, 0.716130, 1.095465)
Body 3617: orig = (0.183545, 1.158358, 0.502174), p = (0.183545, 1.158358, 0.502174)
Body 3618: orig = (0.252532, -0.216418, 0.436642), p = (0.252532, -0.216418, 0.436642)
Body 3619: orig = (0.335634, 0.475318, -0.611027), p = (0.335634, 0.475318, -0.611027)
Body 3620: orig = (0.510105, 0.868993, 1.033692), p = (0.510105, 0.868993, 1.033692)
Body 3621: orig = (0.738341, 0.399176, 0.403906), p = (0.738341, 0.399176, 0.403906)
Body 3622: orig = (-0.154522, 0.509224, 0.809897), p = (-0.154522, 0.509224, 0.809897)
Body 3623: orig = (0.038498, 0.701215, 0.499187), p = (0.038498, 0.701215, 0.499187)
Body 3624: orig = (0.371960, 0.044835, 1.365953), p = (0.371960, 0.044835, 1.365953)
Body 3625: orig = (0.215681, 0.882652, 0.159690), p = (0.215681, 0.882652, 0.159690)
Body 3626: orig = (0.594911, 0.360518, 1.427555), p = (0.594911, 0.360518, 1.427555)
Body 3627: orig = (0.279054, 0.296291, 0.815934), p = (0.279054, 0.296291, 0.815934)
Body 3628: orig = (0.311830, 0.922961, 0.322713), p = (0.311830, 0.922961, 0.322713)
Body 3629: orig = (0.610901, 0.272503, 1.296002), p = (0.610901, 0.272503, 1.296002)
Body 3630: orig = (0.512072, 0.385858, 0.921872), p = (0.512072, 0.385858, 0.921872)
Body 3631: orig = (0.450245, 0.479173, 0.525822), p = (0.450245, 0.479173, 0.525822)
Body 3632: orig = (1.416919, 0.328266, 0.458881), p = (1.416919, 0.328266, 0.458881)
Body 3633: orig = (0.653338, 0.019030, 0.157323), p = (0.653338, 0.019030, 0.157323)
Body 3634: orig = (0.216067, 0.709668, 0.148627), p = (0.216067, 0.709668, 0.148627)
Body 3635: orig = (1.043789, 0.178698, 0.385045), p = (1.043789, 0.178698, 0.385045)
Body 3636: orig = (0.476619, 0.570286, 1.338381), p = (0.476619, 0.570286, 1.338381)
Body 3637: orig = (1.031383, 0.511899, 0.999267), p = (1.031383, 0.511899, 0.999267)
Body 3638: orig = (0.714597, 1.245960, 0.655444), p = (0.714597, 1.245960, 0.655444)
Body 3639: orig = (0.255739, 0.164763, 0.759345), p = (0.255739, 0.164763, 0.759345)
Body 3640: orig = (-0.323499, 1.168670, 0.129624), p = (-0.323499, 1.168670, 0.129624)
Body 3641: orig = (0.475432, 0.871498, 0.898261), p = (0.475432, 0.871498, 0.898261)
Body 3642: orig = (0.763782, 0.197248, 0.026697), p = (0.763782, 0.197248, 0.026697)
Body 3643: orig = (0.568769, -0.165878, 0.671383), p = (0.568769, -0.165878, 0.671383)
Body 3644: orig = (0.487812, 0.930497, 0.189319), p = (0.487812, 0.930497, 0.189319)
Body 3645: orig = (-0.592884, 0.173140, 0.054239), p = (-0.592884, 0.173140, 0.054239)
Body 3646: orig = (-0.096651, 0.474232, 0.463544), p = (-0.096651, 0.474232, 0.463544)
Body 3647: orig = (0.535855, 0.760767, 1.018137), p = (0.535855, 0.760767, 1.018137)
Body 3648: orig = (0.312389, 0.590453, 1.337406), p = (0.312389, 0.590453, 1.337406)
Body 3649: orig = (0.452626, 0.420777, 0.720695), p = (0.452626, 0.420777, 0.720695)
Body 3650: orig = (0.093271, 1.236102, 0.535223), p = (0.093271, 1.236102, 0.535223)
Body 3651: orig = (-0.080306, 0.556310, 0.837580), p = (-0.080306, 0.556310, 0.837580)
Body 3652: orig = (0.201793, -0.116024, 0.508156), p = (0.201793, -0.116024, 0.508156)
Body 3653: orig = (0.389980, -0.407294, 0.500484), p = (0.389980, -0.407294, 0.500484)
Body 3654: orig = (0.465868, 0.082315, 0.629452), p = (0.465868, 0.082315, 0.629452)
Body 3655: orig = (0.310492, 0.490378, -0.795302), p = (0.310492, 0.490378, -0.795302)
Body 3656: orig = (0.296567, 0.304848, 0.838507), p = (0.296567, 0.304848, 0.838507)
Body 3657: orig = (0.268107, 0.352027, -0.117810), p = (0.268107, 0.352027, -0.117810)
Body 3658: orig = (0.388761, 0.415556, 1.100310), p = (0.388761, 0.415556, 1.100310)
Body 3659: orig = (0.175676, -0.427277, 0.542751), p = (0.175676, -0.427277, 0.542751)
Body 3660: orig = (0.348645, -0.307558, 0.609383), p = (0.348645, -0.307558, 0.609383)
Body 3661: orig = (0.833019, 0.163069, 0.796426), p = (0.833019, 0.163069, 0.796426)
Body 3662: orig = (0.034789, 0.277482, 0.908346), p = (0.034789, 0.277482, 0.908346)
Body 3663: orig = (1.032735, 0.721308, 0.075521), p = (1.032735, 0.721308, 0.075521)
Body 3664: orig = (0.584878, 1.304111, 0.372695), p = (0.584878, 1.304111, 0.372695)
Body 3665: orig = (0.540407, 0.287304, -0.252087), p = (0.540407, 0.287304, -0.252087)
Body 3666: orig = (0.657513, 0.879019, 0.614351), p = (0.657513, 0.879019, 0.614351)
Body 3667: orig = (0.679281, -0.127027, 0.815485), p = (0.679281, -0.127027, 0.815485)
Body 3668: orig = (0.284580, 0.702854, 0.967386), p = (0.284580, 0.702854, 0.967386)
Body 3669: orig = (-0.015750, 0.122565, 0.046885), p = (-0.015750, 0.122565, 0.046885)
Body 3670: orig = (0.172014, 0.128038, 0.735776), p = (0.172014, 0.128038, 0.735776)
Body 3671: orig = (0.062565, 0.410132, 0.319754), p = (0.062565, 0.410132, 0.319754)
Body 3672: orig = (0.104309, 0.227953, 0.702257), p = (0.104309, 0.227953, 0.702257)
Body 3673: orig = (1.083694, 0.934170, 0.511823), p = (1.083694, 0.934170, 0.511823)
Body 3674: orig = (-0.427030, 0.987403, 0.995155), p = (-0.427030, 0.987403, 0.995155)
Body 3675: orig = (-0.512697, 0.356513, 0.665639), p = (-0.512697, 0.356513, 0.665639)
Body 3676: orig = (0.331003, 0.678849, -0.019557), p = (0.331003, 0.678849, -0.019557)
Body 3677: orig = (1.052118, -0.017924, 0.678901), p = (1.052118, -0.017924, 0.678901)
Body 3678: orig = (0.824202, 0.577473, 0.626518), p = (0.824202, 0.577473, 0.626518)
Body 3679: orig = (0.703571, -0.271943, 0.374108), p = (0.703571, -0.271943, 0.374108)
Body 3680: orig = (1.175004, 0.313494, 0.193920), p = (1.175004, 0.313494, 0.193920)
Body 3681: orig = (-0.030622, 0.938065, 0.535755), p = (-0.030622, 0.938065, 0.535755)
Body 3682: orig = (0.718003, 0.998149, -0.112513), p = (0.718003, 0.998149, -0.112513)
Body 3683: orig = (0.938201, 0.879777, 0.860220), p = (0.938201, 0.879777, 0.860220)
Body 3684: orig = (-0.449990, 0.427221, 0.498158), p = (-0.449990, 0.427221, 0.498158)
Body 3685: orig = (0.491701, 1.068193, 0.264020), p = (0.491701, 1.068193, 0.264020)
Body 3686: orig = (0.638118, 0.746324, 0.972399), p = (0.638118, 0.746324, 0.972399)
Body 3687: orig = (-0.004005, 0.666055, 1.077268), p = (-0.004005, 0.666055, 1.077268)
Body 3688: orig = (0.297666, 0.637590, 0.099523), p = (0.297666, 0.637590, 0.099523)
Body 3689: orig = (0.686281, 1.116859, 0.436536), p = (0.686281, 1.116859, 0.436536)
Body 3690: orig = (0.684788, 1.281685, 0.591515), p = (0.684788, 1.281685, 0.591515)
Body 3691: orig = (0.322925, 0.517653, 1.413802), p = (0.322925, 0.517653, 1.413802)
Body 3692: orig = (0.839009, 0.565410, 0.509272), p = (0.839009, 0.565410, 0.509272)
Body 3693: orig = (0.661168, 0.373162, 0.140479), p = (0.661168, 0.373162, 0.140479)
Body 3694: orig = (0.200186, 1.167326, 0.453150), p = (0.200186, 1.167326, 0.453150)
Body 3695: orig = (0.084308, 0.855828, 0.215608), p = (0.084308, 0.855828, 0.215608)
Body 3696: orig = (0.502336, 0.891154, 0.239403), p = (0.502336, 0.891154, 0.239403)
Body 3697: orig = (0.697580, 0.689066, 0.733486), p = (0.697580, 0.689066, 0.733486)
Body 3698: orig = (0.418088, -0.032864, 0.266811), p = (0.418088, -0.032864, 0.266811)
Body 3699: orig = (0.918519, 1.057890, 0.721457), p = (0.918519, 1.057890, 0.721457)
Body 3700: orig = (0.938063, 0.614113, 0.673878), p = (0.938063, 0.614113, 0.673878)
Body 3701: orig = (-0.046502, 0.548598, 0.396654), p = (-0.046502, 0.548598, 0.396654)
Body 3702: orig = (0.053891, 0.757365, 0.596561), p = (0.053891, 0.757365, 0.596561)
Body 3703: orig = (0.512425, 0.594020, 1.043487), p = (0.512425, 0.594020, 1.043487)
Body 3704: orig = (0.008426, 0.098559, 0.755635), p = (0.008426, 0.098559, 0.755635)
Body 3705: orig = (0.317664, -0.101637, 0.419520), p = (0.317664, -0.101637, 0.419520)
Body 3706: orig = (0.139728, 1.088380, 0.054379), p = (0.139728, 1.088380, 0.054379)
Body 3707: orig = (0.408822, 1.285068, 0.573085), p = (0.408822, 1.285068, 0.573085)
Body 3708: orig = (0.277398, -0.282962, 0.781683), p = (0.277398, -0.282962, 0.781683)
Body 3709: orig = (0.237938, 0.453818, 1.013370), p = (0.237938, 0.453818, 1.013370)
Body 3710: orig = (0.599292, 1.081934, 0.523470), p = (0.599292, 1.081934, 0.523470)
Body 3711: orig = (0.616057, 0.299793, -0.477222), p = (0.616057, 0.299793, -0.477222)
Body 3712: orig = (0.214242, 0.508466, 0.164361), p = (0.214242, 0.508466, 0.164361)
Body 3713: orig = (0.426798, 0.730939, -0.204538), p = (0.426798, 0.730939, -0.204538)
Body 3714: orig = (0.310055, -0.359035, 0.345166), p = (0.310055, -0.359035, 0.345166)
Body 3715: orig = (0.401391, 0.769743, 1.049468), p = (0.401391, 0.769743, 1.049468)
Body 3716: orig = (0.042342, 0.648540, 1.136872), p = (0.042342, 0.648540, 1.136872)
Body 3717: orig = (0.795034, 0.240231, 0.517749), p = (0.795034, 0.240231, 0.517749)
Body 3718: orig = (0.707193, 0.601416, 1.173864), p = (0.707193, 0.601416, 1.173864)
Body 3719: orig = (1.017805, -0.318541, 0.618129), p = (1.017805, -0.318541, 0.618129)
Body 3720: orig = (0.081493, 1.134239, 0.325435), p = (0.081493, 1.134239, 0.325435)
Body 3721: orig = (0.801690, 0.907473, 0.346737), p = (0.801690, 0.907473, 0.346737)
Body 3722: orig = (-0.059266, 0.520978, 0.366902), p = (-0.059266, 0.520978, 0.366902)
Body 3723: orig = (0.493784, -0.191210, 0.451873), p = (0.493784, -0.191210, 0.451873)
Body 3724: orig = (0.705620, 1.197873, 0.536282), p = (0.705620, 1.197873, 0.536282)
Body 3725: orig = (0.631359, 0.472228, 0.404935), p = (0.631359, 0.472228, 0.404935)
Body 3726: orig = (0.423689, 0.144045, 0.300357), p = (0.423689, 0.144045, 0.300357)
Body 3727: orig = (0.726843, 1.119055, 0.541618), p = (0.726843, 1.119055, 0.541618)
Body 3728: orig = (0.518269, 2.507237, 1.313864), p = (0.518269, 2.507237, 1.313864)
Body 3729: orig = (0.493264, 0.576563, 0.692235), p = (0.493264, 0.576563, 0.692235)
Body 3730: orig = (0.216873, 1.452567, 0.357211), p = (0.216873, 1.452567, 0.357211)
Body 3731: orig = (-0.231832, 0.342990, 0.256975), p = (-0.231832, 0.342990, 0.256975)
Body 3732: orig = (-0.167890, 0.680653, 0.407500), p = (-0.167890, 0.680653, 0.407500)
Body 3733: orig = (0.610160, -0.052002, 1.085680), p = (0.610160, -0.052002, 1.085680)
Body 3734: orig = (0.640083, 0.188981, 1.135235), p = (0.640083, 0.188981, 1.135235)
Body 3735: orig = (0.147654, 0.098401, 1.275587), p = (0.147654, 0.098401, 1.275587)
Body 3736: orig = (0.594575, 1.249961, 0.234376), p = (0.594575, 1.249961, 0.234376)
Body 3737: orig = (-0.007235, 0.566817, 1.215815), p = (-0.007235, 0.566817, 1.215815)
Body 3738: orig = (0.561341, 0.785664, 0.838022), p = (0.561341, 0.785664, 0.838022)
Body 3739: orig = (0.365291, -0.197316, 0.316037), p = (0.365291, -0.197316, 0.316037)
Body 3740: orig = (0.145062, 0.277096, 0.287103), p = (0.145062, 0.277096, 0.287103)
Body 3741: orig = (0.669318, 0.848835, 0.086630), p = (0.669318, 0.848835, 0.086630)
Body 3742: orig = (0.222634, 0.837321, 0.667357), p = (0.222634, 0.837321, 0.667357)
Body 3743: orig = (1.079144, 0.066569, 0.570844), p = (1.079144, 0.066569, 0.570844)
Body 3744: orig = (0.247032, -0.401300, 0.658369), p = (0.247032, -0.401300, 0.658369)
Body 3745: orig = (0.381714, 0.902933, 0.756179), p = (0.381714, 0.902933, 0.756179)
Body 3746: orig = (1.303410, 0.628308, 0.144762), p = (1.303410, 0.628308, 0.144762)
Body 3747: orig = (0.726190, 0.094942, 0.094166), p = (0.726190, 0.094942, 0.094166)
Body 3748: orig = (0.943186, 1.044824, 1.712483), p = (0.943186, 1.044824, 1.712483)
Body 3749: orig = (0.338020, 0.541498, 0.709826), p = (0.338020, 0.541498, 0.709826)
Body 3750: orig = (-0.089455, 0.566101, 0.580135), p = (-0.089455, 0.566101, 0.580135)
Body 3751: orig = (-0.397784, 0.440586, 0.823083), p = (-0.397784, 0.440586, 0.823083)
Body 3752: orig = (1.242139, 0.653146, 0.518287), p = (1.242139, 0.653146, 0.518287)
Body 3753: orig = (0.170767, 1.228146, 0.363987), p = (0.170767, 1.228146, 0.363987)
Body 3754: orig = (0.887993, 0.101798, 0.740219), p = (0.887993, 0.101798, 0.740219)
Body 3755: orig = (0.209917, 0.747566, 0.540268), p = (0.209917, 0.747566, 0.540268)
Body 3756: orig = (-0.135196, -0.262160, 0.396933), p = (-0.135196, -0.262160, 0.396933)
Body 3757: orig = (0.371598, 0.144348, 0.790758), p = (0.371598, 0.144348, 0.790758)
Body 3758: orig = (-0.341636, -0.078405, 0.609662), p = (-0.341636, -0.078405, 0.609662)
Body 3759: orig = (0.990309, 0.347403, 0.442372), p = (0.990309, 0.347403, 0.442372)
Body 3760: orig = (1.440581, 1.815118, 0.966364), p = (1.440581, 1.815118, 0.966364)
Body 3761: orig = (-0.273669, 0.946309, 0.904324), p = (-0.273669, 0.946309, 0.904324)
Body 3762: orig = (0.027599, 0.426188, 0.277355), p = (0.027599, 0.426188, 0.277355)
Body 3763: orig = (1.028840, 0.916363, 0.803089), p = (1.028840, 0.916363, 0.803089)
Body 3764: orig = (0.347817, 0.374433, 0.942738), p = (0.347817, 0.374433, 0.942738)
Body 3765: orig = (-0.362897, 1.113965, -0.472578), p = (-0.362897, 1.113965, -0.472578)
Body 3766: orig = (0.421432, 0.152245, 0.901884), p = (0.421432, 0.152245, 0.901884)
Body 3767: orig = (0.536539, 0.560448, 0.371389), p = (0.536539, 0.560448, 0.371389)
Body 3768: orig = (0.821790, 0.748697, 0.237499), p = (0.821790, 0.748697, 0.237499)
Body 3769: orig = (-0.275577, 1.392659, 1.451538), p = (-0.275577, 1.392659, 1.451538)
Body 3770: orig = (0.799391, 0.596882, 0.406303), p = (0.799391, 0.596882, 0.406303)
Body 3771: orig = (1.262112, 0.714773, 0.483045), p = (1.262112, 0.714773, 0.483045)
Body 3772: orig = (0.778582, -0.136737, 0.382809), p = (0.778582, -0.136737, 0.382809)
Body 3773: orig = (0.235062, -0.154690, 1.355241), p = (0.235062, -0.154690, 1.355241)
Body 3774: orig = (-0.021733, 0.471942, 0.773820), p = (-0.021733, 0.471942, 0.773820)
Body 3775: orig = (0.228992, 0.364464, 1.381059), p = (0.228992, 0.364464, 1.381059)
Body 3776: orig = (0.453162, 0.333421, 1.333193), p = (0.453162, 0.333421, 1.333193)
Body 3777: orig = (0.710268, 1.000785, 0.526805), p = (0.710268, 1.000785, 0.526805)
Body 3778: orig = (0.738375, 0.173522, 0.306780), p = (0.738375, 0.173522, 0.306780)
Body 3779: orig = (-0.069964, 0.306748, 0.631491), p = (-0.069964, 0.306748, 0.631491)
Body 3780: orig = (0.485547, -0.273987, 0.765977), p = (0.485547, -0.273987, 0.765977)
Body 3781: orig = (0.224447, 1.205606, 0.446753), p = (0.224447, 1.205606, 0.446753)
Body 3782: orig = (0.242093, 0.562452, 0.299153), p = (0.242093, 0.562452, 0.299153)
Body 3783: orig = (-0.187611, 0.593421, 0.487561), p = (-0.187611, 0.593421, 0.487561)
Body 3784: orig = (0.684786, 0.129823, 0.338698), p = (0.684786, 0.129823, 0.338698)
Body 3785: orig = (-0.064336, 0.507192, 0.156663), p = (-0.064336, 0.507192, 0.156663)
Body 3786: orig = (0.349837, 0.553245, -0.065386), p = (0.349837, 0.553245, -0.065386)
Body 3787: orig = (0.711591, -0.182612, 0.347261), p = (0.711591, -0.182612, 0.347261)
Body 3788: orig = (-0.306863, 0.541645, 0.569330), p = (-0.306863, 0.541645, 0.569330)
Body 3789: orig = (0.528840, 1.151743, 0.832640), p = (0.528840, 1.151743, 0.832640)
Body 3790: orig = (0.465209, 0.229882, -0.129136), p = (0.465209, 0.229882, -0.129136)
Body 3791: orig = (0.621803, 1.207386, 0.716912), p = (0.621803, 1.207386, 0.716912)
Body 3792: orig = (0.344611, 1.391604, 0.480459), p = (0.344611, 1.391604, 0.480459)
Body 3793: orig = (2.346825, 0.493162, 1.185555), p = (2.346825, 0.493162, 1.185555)
Body 3794: orig = (0.483902, 0.619704, 0.602953), p = (0.483902, 0.619704, 0.602953)
Body 3795: orig = (0.666320, 0.881177, 0.059448), p = (0.666320, 0.881177, 0.059448)
Body 3796: orig = (-0.021487, 0.565702, 0.845847), p = (-0.021487, 0.565702, 0.845847)
Body 3797: orig = (0.199459, 0.595045, 1.106645), p = (0.199459, 0.595045, 1.106645)
Body 3798: orig = (0.861597, 0.288565, 0.266947), p = (0.861597, 0.288565, 0.266947)
Body 3799: orig = (0.770698, -0.170383, 2.200639), p = (0.770698, -0.170383, 2.200639)
Body 3800: orig = (0.787960, 0.543845, 0.031102), p = (0.787960, 0.543845, 0.031102)
Body 3801: orig = (0.846142, 1.221679, 0.471931), p = (0.846142, 1.221679, 0.471931)
Body 3802: orig = (0.896636, 1.080633, 0.587126), p = (0.896636, 1.080633, 0.587126)
Body 3803: orig = (0.142189, 0.364793, 0.857557), p = (0.142189, 0.364793, 0.857557)
Body 3804: orig = (1.272137, 0.962400, 0.695168), p = (1.272137, 0.962400, 0.695168)
Body 3805: orig = (0.573498, 0.923350, -0.066403), p = (0.573498, 0.923350, -0.066403)
Body 3806: orig = (0.479698, 0.521427, 0.324046), p = (0.479698, 0.521427, 0.324046)
Body 3807: orig = (-0.427481, 0.456754, 0.301087), p = (-0.427481, 0.456754, 0.301087)
Body 3808: orig = (0.621535, 0.625076, -0.060820), p = (0.621535, 0.625076, -0.060820)
Body 3809: orig = (0.568048, 1.309850, 0.785114), p = (0.568048, 1.309850, 0.785114)
Body 3810: orig = (0.642183, 0.310908, -0.251703), p = (0.642183, 0.310908, -0.251703)
Body 3811: orig = (1.024183, 0.749414, 0.406250), p = (1.024183, 0.749414, 0.406250)
Body 3812: orig = (1.449095, 0.637571, 0.673883), p = (1.449095, 0.637571, 0.673883)
Body 3813: orig = (0.665739, 0.026768, 0.153614), p = (0.665739, 0.026768, 0.153614)
Body 3814: orig = (0.219488, 0.400456, 0.029225), p = (0.219488, 0.400456, 0.029225)
Body 3815: orig = (0.455495, 0.440748, 0.934349), p = (0.455495, 0.440748, 0.934349)
Body 3816: orig = (0.191971, -0.206868, 0.518476), p = (0.191971, -0.206868, 0.518476)
Body 3817: orig = (1.049109, 0.329074, 0.320319), p = (1.049109, 0.329074, 0.320319)
Body 3818: orig = (1.324201, 0.817479, 0.600546), p = (1.324201, 0.817479, 0.600546)
Body 3819: orig = (0.107508, 0.515108, 1.028439), p = (0.107508, 0.515108, 1.028439)
Body 3820: orig = (0.153732, 0.522769, 0.538886), p = (0.153732, 0.522769, 0.538886)
Body 3821: orig = (0.565940, 0.716107, 1.290797), p = (0.565940, 0.716107, 1.290797)
Body 3822: orig = (0.228580, 0.644113, 1.415141), p = (0.228580, 0.644113, 1.415141)
Body 3823: orig = (0.131296, 0.262483, 0.575236), p = (0.131296, 0.262483, 0.575236)
Body 3824: orig = (0.287274, 0.530258, -0.214210), p = (0.287274, 0.530258, -0.214210)
Body 3825: orig = (0.673366, 0.985617, 0.331947), p = (0.673366, 0.985617, 0.331947)
Body 3826: orig = (0.499325, 0.240994, 0.928116), p = (0.499325, 0.240994, 0.928116)
Body 3827: orig = (0.528616, -0.305258, 0.593416), p = (0.528616, -0.305258, 0.593416)
Body 3828: orig = (1.478189, 0.972906, 2.847567), p = (1.478189, 0.972906, 2.847567)
Body 3829: orig = (0.925344, 0.092612, 0.456018), p = (0.925344, 0.092612, 0.456018)
Body 3830: orig = (0.039222, 0.752227, 0.198834), p = (0.039222, 0.752227, 0.198834)
Body 3831: orig = (0.512668, 0.442045, 0.399121), p = (0.512668, 0.442045, 0.399121)
Body 3832: orig = (-0.080924, 0.515320, 1.020756), p = (-0.080924, 0.515320, 1.020756)
Body 3833: orig = (0.125011, 1.021482, 0.233317), p = (0.125011, 1.021482, 0.233317)
Body 3834: orig = (1.321290, 0.313583, 0.125997), p = (1.321290, 0.313583, 0.125997)
Body 3835: orig = (-0.397281, 0.205101, 0.231845), p = (-0.397281, 0.205101, 0.231845)
Body 3836: orig = (0.883347, 0.955820, 0.318971), p = (0.883347, 0.955820, 0.318971)
Body 3837: orig = (0.355187, 0.244033, 0.683560), p = (0.355187, 0.244033, 0.683560)
Body 3838: orig = (0.930464, 0.960110, 0.444824), p = (0.930464, 0.960110, 0.444824)
Body 3839: orig = (-0.119100, 0.352068, 0.460394), p = (-0.119100, 0.352068, 0.460394)
Body 3840: orig = (0.014327, 0.517144, 0.658148), p = (0.014327, 0.517144, 0.658148)
Body 3841: orig = (0.780599, 0.110674, 0.232109), p = (0.780599, 0.110674, 0.232109)
Body 3842: orig = (0.869784, 0.673552, 1.344930), p = (0.869784, 0.673552, 1.344930)
Body 3843: orig = (0.072424, 0.462658, 0.189072), p = (0.072424, 0.462658, 0.189072)
Body 3844: orig = (1.111792, 0.425306, 1.002165), p = (1.111792, 0.425306, 1.002165)
Body 3845: orig = (-0.149124, 0.498052, 0.497453), p = (-0.149124, 0.498052, 0.497453)
Body 3846: orig = (1.298805, 0.508896, 0.913163), p = (1.298805, 0.508896, 0.913163)
Body 3847: orig = (-0.233095, 0.792316, 0.708250), p = (-0.233095, 0.792316, 0.708250)
Body 3848: orig = (0.753988, -0.105651, 0.346170), p = (0.753988, -0.105651, 0.346170)
Body 3849: orig = (0.442031, 0.580230, 0.567551), p = (0.442031, 0.580230, 0.567551)
Body 3850: orig = (0.199486, 0.750749, 0.566825), p = (0.199486, 0.750749, 0.566825)
Body 3851: orig = (0.593479, 0.300970, 0.968577), p = (0.593479, 0.300970, 0.968577)
Body 3852: orig = (0.557027, 0.401198, 0.115699), p = (0.557027, 0.401198, 0.115699)
Body 3853: orig = (2.185567, 0.555170, 0.622977), p = (2.185567, 0.555170, 0.622977)
Body 3854: orig = (0.591604, 0.511717, 0.687543), p = (0.591604, 0.511717, 0.687543)
Body 3855: orig = (0.834125, 0.604404, 0.609155), p = (0.834125, 0.604404, 0.609155)
Body 3856: orig = (0.761876, 1.078950, 0.606253), p = (0.761876, 1.078950, 0.606253)
Body 3857: orig = (1.166305, -0.494669, 0.588787), p = (1.166305, -0.494669, 0.588787)
Body 3858: orig = (0.871634, 0.324991, -0.015407), p = (0.871634, 0.324991, -0.015407)
Body 3859: orig = (0.405206, 1.187366, 0.146824), p = (0.405206, 1.187366, 0.146824)
Body 3860: orig = (0.484460, -0.295914, 0.456002), p = (0.484460, -0.295914, 0.456002)
Body 3861: orig = (0.373689, 0.349447, 1.267120), p = (0.373689, 0.349447, 1.267120)
Body 3862: orig = (0.299053, 0.620582, -0.155444), p = (0.299053, 0.620582, -0.155444)
Body 3863: orig = (-0.227058, 0.464232, 0.198191), p = (-0.227058, 0.464232, 0.198191)
Body 3864: orig = (0.691302, 0.681487, 0.680066), p = (0.691302, 0.681487, 0.680066)
Body 3865: orig = (0.272975, 0.648410, 1.050082), p = (0.272975, 0.648410, 1.050082)
Body 3866: orig = (0.767187, 0.289351, 0.493722), p = (0.767187, 0.289351, 0.493722)
Body 3867: orig = (1.159620, 0.682305, 0.539574), p = (1.159620, 0.682305, 0.539574)
Body 3868: orig = (0.175616, 0.121449, 0.425066), p = (0.175616, 0.121449, 0.425066)
Body 3869: orig = (0.059320, 0.379307, 0.283452), p = (0.059320, 0.379307, 0.283452)
Body 3870: orig = (-1.957496, 1.844533, 0.692745), p = (-1.957496, 1.844533, 0.692745)
Body 3871: orig = (0.633702, 0.576387, 0.745212), p = (0.633702, 0.576387, 0.745212)
Body 3872: orig = (1.060908, 0.687569, 0.241644), p = (1.060908, 0.687569, 0.241644)
Body 3873: orig = (0.627270, 0.912226, 0.246013), p = (0.627270, 0.912226, 0.246013)
Body 3874: orig = (0.308712, -0.010416, 0.488054), p = (0.308712, -0.010416, 0.488054)
Body 3875: orig = (-0.164189, 0.704937, 0.408101), p = (-0.164189, 0.704937, 0.408101)
Body 3876: orig = (0.441242, -0.209597, 0.529321), p = (0.441242, -0.209597, 0.529321)
Body 3877: orig = (0.900661, 0.520907, 0.086576), p = (0.900661, 0.520907, 0.086576)
Body 3878: orig = (0.438670, 0.779606, -0.509206), p = (0.438670, 0.779606, -0.509206)
Body 3879: orig = (0.708516, 1.313444, 0.480597), p = (0.708516, 1.313444, 0.480597)
Body 3880: orig = (0.373055, 0.665194, 0.366094), p = (0.373055, 0.665194, 0.366094)
Body 3881: orig = (0.942492, 0.872773, 0.452760), p = (0.942492, 0.872773, 0.452760)
Body 3882: orig = (0.289656, 0.573010, 0.715206), p = (0.289656, 0.573010, 0.715206)
Body 3883: orig = (0.465927, 0.205648, 0.761112), p = (0.465927, 0.205648, 0.761112)
Body 3884: orig = (0.374048, 1.030206, 0.488486), p = (0.374048, 1.030206, 0.488486)
Body 3885: orig = (0.339482, 0.576130, -0.261012), p = (0.339482, 0.576130, -0.261012)
Body 3886: orig = (0.412114, 0.362132, 1.485915), p = (0.412114, 0.362132, 1.485915)
Body 3887: orig = (1.245365, 0.456272, 0.635188), p = (1.245365, 0.456272, 0.635188)
Body 3888: orig = (0.160338, 0.566059, 0.028679), p = (0.160338, 0.566059, 0.028679)
Body 3889: orig = (0.528612, 0.530114, 0.437501), p = (0.528612, 0.530114, 0.437501)
Body 3890: orig = (0.740945, 1.306905, 0.299390), p = (0.740945, 1.306905, 0.299390)
Body 3891: orig = (0.743028, 0.831560, 0.365595), p = (0.743028, 0.831560, 0.365595)
Body 3892: orig = (0.677607, 0.256180, 0.975049), p = (0.677607, 0.256180, 0.975049)
Body 3893: orig = (0.758010, 0.814894, 0.586093), p = (0.758010, 0.814894, 0.586093)
Body 3894: orig = (0.155432, 1.591872, 0.396961), p = (0.155432, 1.591872, 0.396961)
Body 3895: orig = (0.631343, 0.302889, -0.304925), p = (0.631343, 0.302889, -0.304925)
Body 3896: orig = (0.249112, 0.880130, 0.159403), p = (0.249112, 0.880130, 0.159403)
Body 3897: orig = (1.205152, 0.397673, 0.440026), p = (1.205152, 0.397673, 0.440026)
Body 3898: orig = (0.133087, 0.865415, 0.220876), p = (0.133087, 0.865415, 0.220876)
Body 3899: orig = (0.521335, 0.202120, -0.450221), p = (0.521335, 0.202120, -0.450221)
Body 3900: orig = (1.546313, 0.575610, 0.369152), p = (1.546313, 0.575610, 0.369152)
Body 3901: orig = (0.359867, 0.529751, -0.093089), p = (0.359867, 0.529751, -0.093089)
Body 3902: orig = (0.562760, 1.074568, 0.728664), p = (0.562760, 1.074568, 0.728664)
Body 3903: orig = (0.643692, 0.646303, 1.160179), p = (0.643692, 0.646303, 1.160179)
Body 3904: orig = (0.412786, 0.436025, 0.304957), p = (0.412786, 0.436025, 0.304957)
Body 3905: orig = (0.064341, 0.420704, 0.699566), p = (0.064341, 0.420704, 0.699566)
Body 3906: orig = (-0.313663, 0.401585, 0.462781), p = (-0.313663, 0.401585, 0.462781)
Body 3907: orig = (0.081899, 0.327822, 0.684796), p = (0.081899, 0.327822, 0.684796)
Body 3908: orig = (0.727974, 0.425377, 0.705608), p = (0.727974, 0.425377, 0.705608)
Body 3909: orig = (0.083254, 0.513655, 0.148423), p = (0.083254, 0.513655, 0.148423)
Body 3910: orig = (0.436589, 0.024323, 0.468428), p = (0.436589, 0.024323, 0.468428)
Body 3911: orig = (-0.112366, 0.253734, 0.491404), p = (-0.112366, 0.253734, 0.491404)
Body 3912: orig = (0.658194, 1.137494, 0.774060), p = (0.658194, 1.137494, 0.774060)
Body 3913: orig = (0.402527, -0.037226, 0.510585), p = (0.402527, -0.037226, 0.510585)
Body 3914: orig = (0.716519, 0.638239, 1.117263), p = (0.716519, 0.638239, 1.117263)
Body 3915: orig = (0.550467, 0.165276, 1.134749), p = (0.550467, 0.165276, 1.134749)
Body 3916: orig = (-0.082018, 0.548192, 0.433395), p = (-0.082018, 0.548192, 0.433395)
Body 3917: orig = (-0.098498, -0.511550, 0.447182), p = (-0.098498, -0.511550, 0.447182)
Body 3918: orig = (-0.041808, 0.425620, 0.013191), p = (-0.041808, 0.425620, 0.013191)
Body 3919: orig = (-0.141295, 0.504465, 0.583609), p = (-0.141295, 0.504465, 0.583609)
Body 3920: orig = (0.529182, 0.125276, 0.467985), p = (0.529182, 0.125276, 0.467985)
Body 3921: orig = (0.834327, 0.103008, 0.761429), p = (0.834327, 0.103008, 0.761429)
Body 3922: orig = (0.817016, -0.080323, 0.827147), p = (0.817016, -0.080323, 0.827147)
Body 3923: orig = (0.722657, 0.485354, 1.048825), p = (0.722657, 0.485354, 1.048825)
Body 3924: orig = (0.128005, 0.596781, 1.256983), p = (0.128005, 0.596781, 1.256983)
Body 3925: orig = (0.258316, -0.332877, 0.488363), p = (0.258316, -0.332877, 0.488363)
Body 3926: orig = (0.118678, 0.936442, 0.223846), p = (0.118678, 0.936442, 0.223846)
Body 3927: orig = (-0.551979, 0.437273, 0.005768), p = (-0.551979, 0.437273, 0.005768)
Body 3928: orig = (0.541928, 0.529668, 0.664542), p = (0.541928, 0.529668, 0.664542)
Body 3929: orig = (-0.343443, 0.474674, 0.629509), p = (-0.343443, 0.474674, 0.629509)
Body 3930: orig = (0.350038, -0.207079, 0.315760), p = (0.350038, -0.207079, 0.315760)
Body 3931: orig = (-0.119184, 0.730234, 0.553472), p = (-0.119184, 0.730234, 0.553472)
Body 3932: orig = (-0.200107, 0.226603, 0.770570), p = (-0.200107, 0.226603, 0.770570)
Body 3933: orig = (-0.212492, 0.747046, 0.489708), p = (-0.212492, 0.747046, 0.489708)
Body 3934: orig = (0.078258, 1.827035, 0.610611), p = (0.078258, 1.827035, 0.610611)
Body 3935: orig = (0.666213, 0.416184, -0.171633), p = (0.666213, 0.416184, -0.171633)
Body 3936: orig = (0.817803, -0.025875, 0.186181), p = (0.817803, -0.025875, 0.186181)
Body 3937: orig = (-0.041568, 0.391290, 0.245230), p = (-0.041568, 0.391290, 0.245230)
Body 3938: orig = (-0.102279, 0.050342, 0.459218), p = (-0.102279, 0.050342, 0.459218)
Body 3939: orig = (0.276769, 0.929249, 0.321520), p = (0.276769, 0.929249, 0.321520)
Body 3940: orig = (0.226177, 0.849737, 0.442293), p = (0.226177, 0.849737, 0.442293)
Body 3941: orig = (0.417289, -0.454053, 0.715320), p = (0.417289, -0.454053, 0.715320)
Body 3942: orig = (0.017554, 0.469881, 0.806170), p = (0.017554, 0.469881, 0.806170)
Body 3943: orig = (0.621268, 0.524575, 0.370892), p = (0.621268, 0.524575, 0.370892)
Body 3944: orig = (0.614877, -0.289042, 0.651445), p = (0.614877, -0.289042, 0.651445)
Body 3945: orig = (0.836088, 0.646430, 1.245405), p = (0.836088, 0.646430, 1.245405)
Body 3946: orig = (0.524495, 0.988287, 0.693645), p = (0.524495, 0.988287, 0.693645)
Body 3947: orig = (0.805495, 0.212259, 0.644460), p = (0.805495, 0.212259, 0.644460)
Body 3948: orig = (1.056450, 0.758203, 0.390892), p = (1.056450, 0.758203, 0.390892)
Body 3949: orig = (0.478724, 0.928858, 0.846163), p = (0.478724, 0.928858, 0.846163)
Body 3950: orig = (0.681509, -0.036866, 0.337960), p = (0.681509, -0.036866, 0.337960)
Body 3951: orig = (0.680657, -0.239767, 0.388275), p = (0.680657, -0.239767, 0.388275)
Body 3952: orig = (0.409241, 0.178693, 1.059263), p = (0.409241, 0.178693, 1.059263)
Body 3953: orig = (0.723601, -0.272703, 0.357323), p = (0.723601, -0.272703, 0.357323)
Body 3954: orig = (0.262634, 1.909751, 1.194911), p = (0.262634, 1.909751, 1.194911)
Body 3955: orig = (0.426363, 0.371616, 0.051914), p = (0.426363, 0.371616, 0.051914)
Body 3956: orig = (-0.044127, 0.530686, 0.042733), p = (-0.044127, 0.530686, 0.042733)
Body 3957: orig = (0.710070, -0.485018, 0.457972), p = (0.710070, -0.485018, 0.457972)
Body 3958: orig = (0.880502, 0.742084, 0.642633), p = (0.880502, 0.742084, 0.642633)
Body 3959: orig = (0.742190, 0.910035, 0.174559), p = (0.742190, 0.910035, 0.174559)
Body 3960: orig = (1.169083, 0.327511, 0.263610), p = (1.169083, 0.327511, 0.263610)
Body 3961: orig = (0.925330, 0.678684, 0.146058), p = (0.925330, 0.678684, 0.146058)
Body 3962: orig = (0.175255, 0.887997, 0.143189), p = (0.175255, 0.887997, 0.143189)
Body 3963: orig = (-0.200779, -0.295245, 0.570552), p = (-0.200779, -0.295245, 0.570552)
Body 3964: orig = (0.326342, 0.527289, 0.364885), p = (0.326342, 0.527289, 0.364885)
Body 3965: orig = (0.471915, 0.793691, 0.107868), p = (0.471915, 0.793691, 0.107868)
Body 3966: orig = (0.780432, 0.542055, -0.210617), p = (0.780432, 0.542055, -0.210617)
Body 3967: orig = (0.977590, 0.421398, 0.046546), p = (0.977590, 0.421398, 0.046546)
Body 3968: orig = (-0.367451, 0.152499, 1.426160), p = (-0.367451, 0.152499, 1.426160)
Body 3969: orig = (0.394565, -0.063333, 0.304033), p = (0.394565, -0.063333, 0.304033)
Body 3970: orig = (0.726159, -0.433133, 0.801471), p = (0.726159, -0.433133, 0.801471)
Body 3971: orig = (0.585071, 0.303962, 0.011675), p = (0.585071, 0.303962, 0.011675)
Body 3972: orig = (0.337179, 1.206607, 0.223089), p = (0.337179, 1.206607, 0.223089)
Body 3973: orig = (0.257827, 0.504138, 0.558257), p = (0.257827, 0.504138, 0.558257)
Body 3974: orig = (-0.271663, 0.323232, 0.700284), p = (-0.271663, 0.323232, 0.700284)
Body 3975: orig = (0.959846, 0.041004, 0.619212), p = (0.959846, 0.041004, 0.619212)
Body 3976: orig = (1.294587, 0.756099, 0.425254), p = (1.294587, 0.756099, 0.425254)
Body 3977: orig = (0.093504, 0.640887, 0.312895), p = (0.093504, 0.640887, 0.312895)
Body 3978: orig = (0.332610, 0.731739, 0.039293), p = (0.332610, 0.731739, 0.039293)
Body 3979: orig = (0.884699, 0.288124, -0.002852), p = (0.884699, 0.288124, -0.002852)
Body 3980: orig = (0.567045, -0.265967, 0.529691), p = (0.567045, -0.265967, 0.529691)
Body 3981: orig = (0.359316, 0.545757, 1.124994), p = (0.359316, 0.545757, 1.124994)
Body 3982: orig = (0.829264, 0.164517, -0.782399), p = (0.829264, 0.164517, -0.782399)
Body 3983: orig = (0.333373, 1.040940, 0.596461), p = (0.333373, 1.040940, 0.596461)
Body 3984: orig = (1.201908, 0.326830, 0.376259), p = (1.201908, 0.326830, 0.376259)
Body 3985: orig = (0.974546, 0.561869, 0.556369), p = (0.974546, 0.561869, 0.556369)
Body 3986: orig = (0.516355, 0.346973, -0.211835), p = (0.516355, 0.346973, -0.211835)
Body 3987: orig = (0.068230, 0.370774, 0.065300), p = (0.068230, 0.370774, 0.065300)
Body 3988: orig = (0.430160, -0.245751, 0.619790), p = (0.430160, -0.245751, 0.619790)
Body 3989: orig = (0.257781, 1.135593, 0.682533), p = (0.257781, 1.135593, 0.682533)
Body 3990: orig = (0.482119, 0.743541, 1.227479), p = (0.482119, 0.743541, 1.227479)
Body 3991: orig = (0.112327, 0.613776, 0.922288), p = (0.112327, 0.613776, 0.922288)
Body 3992: orig = (1.342194, 0.285096, 0.239389), p = (1.342194, 0.285096, 0.239389)
Body 3993: orig = (0.798108, 0.041646, 0.229630), p = (0.798108, 0.041646, 0.229630)
Body 3994: orig = (1.117061, 0.825185, 0.193981), p = (1.117061, 0.825185, 0.193981)
Body 3995: orig = (0.472149, 0.734511, -0.219020), p = (0.472149, 0.734511, -0.219020)
Body 3996: orig = (0.769932, -2.007010, -0.087849), p = (0.769932, -2.007010, -0.087849)
Body 3997: orig = (-0.323822, 0.548614, 0.454626), p = (-0.323822, 0.548614, 0.454626)
Body 3998: orig = (0.552095, 0.208410, 0.192735), p = (0.552095, 0.208410, 0.192735)
Body 3999: orig = (-0.038976, 0.498122, 0.796677), p = (-0.038976, 0.498122, 0.796677)
Body 4000: orig = (0.983407, 1.426021, 0.801589), p = (0.983407, 1.426021, 0.801589)
Body 4001: orig = (0.618003, 0.331555, 1.083814), p = (0.618003, 0.331555, 1.083814)
Body 4002: orig = (0.298904, 0.541907, 0.467091), p = (0.298904, 0.541907, 0.467091)
Body 4003: orig = (0.419996, 0.050628, 0.641332), p = (0.419996, 0.050628, 0.641332)
Body 4004: orig = (0.542325, 1.321456, 0.677220), p = (0.542325, 1.321456, 0.677220)
Body 4005: orig = (0.349229, 0.843363, -0.184916), p = (0.349229, 0.843363, -0.184916)
Body 4006: orig = (0.257806, 0.198946, 0.812044), p = (0.257806, 0.198946, 0.812044)
Body 4007: orig = (0.076696, 1.135480, 0.371749), p = (0.076696, 1.135480, 0.371749)
Body 4008: orig = (0.239985, 0.460630, 0.169264), p = (0.239985, 0.460630, 0.169264)
Body 4009: orig = (0.724973, 0.203295, -0.068488), p = (0.724973, 0.203295, -0.068488)
Body 4010: orig = (1.056023, 0.627090, 0.561923), p = (1.056023, 0.627090, 0.561923)
Body 4011: orig = (0.014179, 0.453554, 0.476817), p = (0.014179, 0.453554, 0.476817)
Body 4012: orig = (1.228574, 0.339315, 0.120881), p = (1.228574, 0.339315, 0.120881)
Body 4013: orig = (0.457108, -0.454464, 0.482459), p = (0.457108, -0.454464, 0.482459)
Body 4014: orig = (0.516607, 0.494749, 0.479385), p = (0.516607, 0.494749, 0.479385)
Body 4015: orig = (0.712027, 0.958832, -0.173282), p = (0.712027, 0.958832, -0.173282)
Body 4016: orig = (0.937807, 0.230292, 0.179649), p = (0.937807, 0.230292, 0.179649)
Body 4017: orig = (0.388208, 0.525730, 0.445192), p = (0.388208, 0.525730, 0.445192)
Body 4018: orig = (0.303300, 0.532811, 0.263327), p = (0.303300, 0.532811, 0.263327)
Body 4019: orig = (0.123711, 0.375809, 0.856837), p = (0.123711, 0.375809, 0.856837)
Body 4020: orig = (0.634432, 0.193788, -0.062612), p = (0.634432, 0.193788, -0.062612)
Body 4021: orig = (0.517427, 1.152911, 0.238185), p = (0.517427, 1.152911, 0.238185)
Body 4022: orig = (0.498988, 0.975845, 0.618753), p = (0.498988, 0.975845, 0.618753)
Body 4023: orig = (0.664512, 1.185165, 0.430456), p = (0.664512, 1.185165, 0.430456)
Body 4024: orig = (0.405148, 0.442785, 0.324851), p = (0.405148, 0.442785, 0.324851)
Body 4025: orig = (0.574103, 0.098640, 1.062959), p = (0.574103, 0.098640, 1.062959)
Body 4026: orig = (0.517525, -0.114636, 0.186418), p = (0.517525, -0.114636, 0.186418)
Body 4027: orig = (0.348922, -0.029131, 0.201281), p = (0.348922, -0.029131, 0.201281)
Body 4028: orig = (1.128876, 1.026276, 0.490904), p = (1.128876, 1.026276, 0.490904)
Body 4029: orig = (-0.137322, 0.550118, 0.436913), p = (-0.137322, 0.550118, 0.436913)
Body 4030: orig = (0.402069, 0.583813, 0.058387), p = (0.402069, 0.583813, 0.058387)
Body 4031: orig = (0.708716, 0.016891, 0.287565), p = (0.708716, 0.016891, 0.287565)
Body 4032: orig = (0.794618, -0.178946, 0.389227), p = (0.794618, -0.178946, 0.389227)
Body 4033: orig = (0.378007, 0.778487, -0.092310), p = (0.378007, 0.778487, -0.092310)
Body 4034: orig = (-0.194459, 0.353755, 0.715121), p = (-0.194459, 0.353755, 0.715121)
Body 4035: orig = (0.279074, 0.828189, 0.258506), p = (0.279074, 0.828189, 0.258506)
Body 4036: orig = (-0.208547, 0.475108, 0.800765), p = (-0.208547, 0.475108, 0.800765)
Body 4037: orig = (-0.114496, 0.287194, 0.638972), p = (-0.114496, 0.287194, 0.638972)
Body 4038: orig = (0.880626, 0.670284, 0.010567), p = (0.880626, 0.670284, 0.010567)
Body 4039: orig = (-0.423671, 0.543095, 0.490700), p = (-0.423671, 0.543095, 0.490700)
Body 4040: orig = (0.347093, 1.440071, 0.473832), p = (0.347093, 1.440071, 0.473832)
Body 4041: orig = (-0.094582, 0.479567, 0.640309), p = (-0.094582, 0.479567, 0.640309)
Body 4042: orig = (-0.369653, 0.374467, 0.502939), p = (-0.369653, 0.374467, 0.502939)
Body 4043: orig = (-0.136221, 0.375201, 0.407934), p = (-0.136221, 0.375201, 0.407934)
Body 4044: orig = (0.751160, 1.226908, 0.422721), p = (0.751160, 1.226908, 0.422721)
Body 4045: orig = (0.660360, 0.725388, 0.007954), p = (0.660360, 0.725388, 0.007954)
Body 4046: orig = (1.221339, 0.361130, 0.045498), p = (1.221339, 0.361130, 0.045498)
Body 4047: orig = (0.795683, 0.122517, 0.403372), p = (0.795683, 0.122517, 0.403372)
Body 4048: orig = (0.092760, 0.674796, 0.447647), p = (0.092760, 0.674796, 0.447647)
Body 4049: orig = (0.088128, 0.390684, 0.840705), p = (0.088128, 0.390684, 0.840705)
Body 4050: orig = (-0.297884, 0.656451, 0.251565), p = (-0.297884, 0.656451, 0.251565)
Body 4051: orig = (0.653666, -0.296382, 0.321778), p = (0.653666, -0.296382, 0.321778)
Body 4052: orig = (0.146930, 0.394252, 1.044919), p = (0.146930, 0.394252, 1.044919)
Body 4053: orig = (0.327100, 0.179474, 0.499002), p = (0.327100, 0.179474, 0.499002)
Body 4054: orig = (0.420388, 0.541349, -0.241453), p = (0.420388, 0.541349, -0.241453)
Body 4055: orig = (0.707145, 0.915231, 1.517741), p = (0.707145, 0.915231, 1.517741)
Body 4056: orig = (0.667804, 0.981860, 0.730443), p = (0.667804, 0.981860, 0.730443)
Body 4057: orig = (0.659155, 0.601856, 1.165908), p = (0.659155, 0.601856, 1.165908)
Body 4058: orig = (0.736758, 0.602949, 0.241352), p = (0.736758, 0.602949, 0.241352)
Body 4059: orig = (1.062776, 0.711043, 0.580396), p = (1.062776, 0.711043, 0.580396)
Body 4060: orig = (0.080352, 0.502573, 1.215768), p = (0.080352, 0.502573, 1.215768)
Body 4061: orig = (0.513429, 1.067851, 0.071963), p = (0.513429, 1.067851, 0.071963)
Body 4062: orig = (0.358785, 0.050909, 0.169613), p = (0.358785, 0.050909, 0.169613)
Body 4063: orig = (0.582363, -0.017394, 0.503305), p = (0.582363, -0.017394, 0.503305)
Body 4064: orig = (-0.012652, 0.689302, 0.679943), p = (-0.012652, 0.689302, 0.679943)
Body 4065: orig = (1.107263, 0.167420, 0.730711), p = (1.107263, 0.167420, 0.730711)
Body 4066: orig = (-0.490903, 0.561251, 0.827878), p = (-0.490903, 0.561251, 0.827878)
Body 4067: orig = (0.604234, -0.447107, 0.364499), p = (0.604234, -0.447107, 0.364499)
Body 4068: orig = (0.492630, 0.557070, 0.790639), p = (0.492630, 0.557070, 0.790639)
Body 4069: orig = (0.786333, -0.000589, 0.527310), p = (0.786333, -0.000589, 0.527310)
Body 4070: orig = (0.179987, -0.067009, 0.451269), p = (0.179987, -0.067009, 0.451269)
Body 4071: orig = (-0.044442, 0.819857, 0.662248), p = (-0.044442, 0.819857, 0.662248)
Body 4072: orig = (0.473953, 0.423320, 1.432960), p = (0.473953, 0.423320, 1.432960)
Body 4073: orig = (0.379729, 0.773494, 0.532647), p = (0.379729, 0.773494, 0.532647)
Body 4074: orig = (0.456955, 0.102993, 1.160378), p = (0.456955, 0.102993, 1.160378)
Body 4075: orig = (0.419576, 1.475656, 0.373756), p = (0.419576, 1.475656, 0.373756)
Body 4076: orig = (0.236000, 0.299196, 0.685851), p = (0.236000, 0.299196, 0.685851)
Body 4077: orig = (-0.450820, 0.221643, 0.684587), p = (-0.450820, 0.221643, 0.684587)
Body 4078: orig = (0.500758, -0.232714, 0.940583), p = (0.500758, -0.232714, 0.940583)
Body 4079: orig = (0.627090, 0.394608, 0.883522), p = (0.627090, 0.394608, 0.883522)
Body 4080: orig = (0.235440, 0.989168, 0.614472), p = (0.235440, 0.989168, 0.614472)
Body 4081: orig = (0.544976, 0.599995, 1.096467), p = (0.544976, 0.599995, 1.096467)
Body 4082: orig = (0.442911, 0.166641, 0.192037), p = (0.442911, 0.166641, 0.192037)
Body 4083: orig = (0.107109, 0.348328, 0.037886), p = (0.107109, 0.348328, 0.037886)
Body 4084: orig = (0.904953, 0.534188, 0.264948), p = (0.904953, 0.534188, 0.264948)
Body 4085: orig = (0.096276, 0.692422, 0.756489), p = (0.096276, 0.692422, 0.756489)
Body 4086: orig = (0.845773, 0.701652, 0.191283), p = (0.845773, 0.701652, 0.191283)
Body 4087: orig = (-0.574834, 0.680091, 0.671401), p = (-0.574834, 0.680091, 0.671401)
Body 4088: orig = (0.416454, 0.700031, -0.145193), p = (0.416454, 0.700031, -0.145193)
Body 4089: orig = (1.108309, 0.841916, 0.508164), p = (1.108309, 0.841916, 0.508164)
Body 4090: orig = (0.696797, 0.323593, 1.402884), p = (0.696797, 0.323593, 1.402884)
Body 4091: orig = (0.823275, 0.198518, -0.067414), p = (0.823275, 0.198518, -0.067414)
Body 4092: orig = (0.386657, 1.393973, 0.750802), p = (0.386657, 1.393973, 0.750802)
Body 4093: orig = (0.291862, 0.920483, 0.874476), p = (0.291862, 0.920483, 0.874476)
Body 4094: orig = (0.148347, -0.100750, 0.514767), p = (0.148347, -0.100750, 0.514767)
Body 4095: orig = (0.837358, 0.660390, 0.568788), p = (0.837358, 0.660390, 0.568788)
Body 4096: orig = (0.299346, 1.001351, 0.812374), p = (0.299346, 1.001351, 0.812374)
Body 4097: orig = (-0.039939, 0.495794, 0.309087), p = (-0.039939, 0.495794, 0.309087)
Body 4098: orig = (1.075131, 0.590588, 0.758930), p = (1.075131, 0.590588, 0.758930)
Body 4099: orig = (-0.162768, 0.148363, 0.730235), p = (-0.162768, 0.148363, 0.730235)
Body 4100: orig = (0.654556, 0.612836, 1.299366), p = (0.654556, 0.612836, 1.299366)
Body 4101: orig = (0.263210, 0.075616, 0.429014), p = (0.263210, 0.075616, 0.429014)
Body 4102: orig = (0.565270, -0.156376, 0.825805), p = (0.565270, -0.156376, 0.825805)
Body 4103: orig = (0.507429, 0.224767, 0.739137), p = (0.507429, 0.224767, 0.739137)
Body 4104: orig = (0.308991, 0.492355, 0.627821), p = (0.308991, 0.492355, 0.627821)
Body 4105: orig = (-0.404622, 0.474757, 0.424217), p = (-0.404622, 0.474757, 0.424217)
Body 4106: orig = (0.362061, 0.523568, 0.237992), p = (0.362061, 0.523568, 0.237992)
Body 4107: orig = (1.112633, 0.603538, 0.165330), p = (1.112633, 0.603538, 0.165330)
Body 4108: orig = (0.519274, 0.459903, 0.087713), p = (0.519274, 0.459903, 0.087713)
Body 4109: orig = (0.333259, 0.296146, -0.440646), p = (0.333259, 0.296146, -0.440646)
Body 4110: orig = (0.786549, -0.119644, 0.356842), p = (0.786549, -0.119644, 0.356842)
Body 4111: orig = (0.234846, 0.823649, 0.699303), p = (0.234846, 0.823649, 0.699303)
Body 4112: orig = (0.677328, 0.152969, 0.490067), p = (0.677328, 0.152969, 0.490067)
Body 4113: orig = (0.017992, 0.663086, -0.134401), p = (0.017992, 0.663086, -0.134401)
Body 4114: orig = (0.499899, 0.864605, -0.116298), p = (0.499899, 0.864605, -0.116298)
Body 4115: orig = (1.222396, 0.644612, 0.376109), p = (1.222396, 0.644612, 0.376109)
Body 4116: orig = (0.576432, 0.232773, -0.379017), p = (0.576432, 0.232773, -0.379017)
Body 4117: orig = (0.495635, 1.485009, 0.331200), p = (0.495635, 1.485009, 0.331200)
Body 4118: orig = (0.784105, 1.154296, 0.289355), p = (0.784105, 1.154296, 0.289355)
Body 4119: orig = (0.502239, 0.910426, 0.177678), p = (0.502239, 0.910426, 0.177678)
Body 4120: orig = (0.368994, 1.114620, 0.747657), p = (0.368994, 1.114620, 0.747657)
Body 4121: orig = (0.907778, 1.139550, 0.569722), p = (0.907778, 1.139550, 0.569722)
Body 4122: orig = (0.854569, 0.546228, -0.009588), p = (0.854569, 0.546228, -0.009588)
Body 4123: orig = (-0.191403, 0.531812, 0.610974), p = (-0.191403, 0.531812, 0.610974)
Body 4124: orig = (0.417889, 0.097776, 0.617597), p = (0.417889, 0.097776, 0.617597)
Body 4125: orig = (0.922080, 0.089000, 0.259533), p = (0.922080, 0.089000, 0.259533)
Body 4126: orig = (0.733397, 0.721286, 0.898915), p = (0.733397, 0.721286, 0.898915)
Body 4127: orig = (0.386143, 1.394659, 0.530310), p = (0.386143, 1.394659, 0.530310)
Body 4128: orig = (0.358390, -0.184549, 0.597371), p = (0.358390, -0.184549, 0.597371)
Body 4129: orig = (1.478733, 0.489163, -0.088451), p = (1.478733, 0.489163, -0.088451)
Body 4130: orig = (1.031416, -0.070893, 0.565715), p = (1.031416, -0.070893, 0.565715)
Body 4131: orig = (0.386879, -0.329873, 0.227140), p = (0.386879, -0.329873, 0.227140)
Body 4132: orig = (0.170750, 0.552548, 0.746156), p = (0.170750, 0.552548, 0.746156)
Body 4133: orig = (0.441979, 0.071550, 0.201443), p = (0.441979, 0.071550, 0.201443)
Body 4134: orig = (0.714166, 1.066902, 0.542899), p = (0.714166, 1.066902, 0.542899)
Body 4135: orig = (0.218792, 0.728043, -0.067136), p = (0.218792, 0.728043, -0.067136)
Body 4136: orig = (0.474540, -0.160959, 1.279395), p = (0.474540, -0.160959, 1.279395)
Body 4137: orig = (-0.136396, 0.148992, 0.445377), p = (-0.136396, 0.148992, 0.445377)
Body 4138: orig = (1.243542, 0.663535, -0.005669), p = (1.243542, 0.663535, -0.005669)
Body 4139: orig = (0.381750, 1.405201, 0.098099), p = (0.381750, 1.405201, 0.098099)
Body 4140: orig = (2.389769, 0.713852, 3.135016), p = (2.389769, 0.713852, 3.135016)
Body 4141: orig = (0.369794, 1.455707, 0.380842), p = (0.369794, 1.455707, 0.380842)
Body 4142: orig = (0.108309, -0.019479, 0.540374), p = (0.108309, -0.019479, 0.540374)
Body 4143: orig = (1.051180, 0.571894, 0.717691), p = (1.051180, 0.571894, 0.717691)
Body 4144: orig = (0.333427, -0.029070, 0.588773), p = (0.333427, -0.029070, 0.588773)
Body 4145: orig = (0.520930, 0.687402, 0.164487), p = (0.520930, 0.687402, 0.164487)
Body 4146: orig = (0.140106, 0.051073, 0.568721), p = (0.140106, 0.051073, 0.568721)
Body 4147: orig = (0.189280, 0.918701, -0.132434), p = (0.189280, 0.918701, -0.132434)
Body 4148: orig = (-0.144470, 0.351712, 0.293302), p = (-0.144470, 0.351712, 0.293302)
Body 4149: orig = (0.727951, 0.180380, 0.329153), p = (0.727951, 0.180380, 0.329153)
Body 4150: orig = (0.492809, 1.028664, 0.903406), p = (0.492809, 1.028664, 0.903406)
Body 4151: orig = (0.722397, 0.217591, -0.528837), p = (0.722397, 0.217591, -0.528837)
Body 4152: orig = (0.339162, -0.160052, 0.299155), p = (0.339162, -0.160052, 0.299155)
Body 4153: orig = (1.044614, 0.473785, 0.515072), p = (1.044614, 0.473785, 0.515072)
Body 4154: orig = (0.693145, 0.739471, 0.045138), p = (0.693145, 0.739471, 0.045138)
Body 4155: orig = (0.379021, 0.759316, 0.439526), p = (0.379021, 0.759316, 0.439526)
Body 4156: orig = (1.354725, 0.608672, 1.086222), p = (1.354725, 0.608672, 1.086222)
Body 4157: orig = (-0.151907, 0.700367, 0.337287), p = (-0.151907, 0.700367, 0.337287)
Body 4158: orig = (-0.180248, -0.015736, 0.210694), p = (-0.180248, -0.015736, 0.210694)
Body 4159: orig = (0.190946, 0.307805, 0.492083), p = (0.190946, 0.307805, 0.492083)
Body 4160: orig = (0.521141, -0.442292, 0.282527), p = (0.521141, -0.442292, 0.282527)
Body 4161: orig = (0.988536, 0.364615, 0.640296), p = (0.988536, 0.364615, 0.640296)
Body 4162: orig = (0.504828, 0.888707, 0.012056), p = (0.504828, 0.888707, 0.012056)
Body 4163: orig = (0.855528, 0.843730, 2.399179), p = (0.855528, 0.843730, 2.399179)
Body 4164: orig = (1.227325, 0.221458, 0.289747), p = (1.227325, 0.221458, 0.289747)
Body 4165: orig = (1.438709, 0.452326, 0.488720), p = (1.438709, 0.452326, 0.488720)
Body 4166: orig = (0.796978, 0.635192, 1.037611), p = (0.796978, 0.635192, 1.037611)
Body 4167: orig = (0.578442, 0.356088, -0.124268), p = (0.578442, 0.356088, -0.124268)
Body 4168: orig = (-0.167365, 0.446354, 0.759870), p = (-0.167365, 0.446354, 0.759870)
Body 4169: orig = (0.036001, 0.412786, 0.495023), p = (0.036001, 0.412786, 0.495023)
Body 4170: orig = (0.776887, -0.086313, 0.388641), p = (0.776887, -0.086313, 0.388641)
Body 4171: orig = (-0.196851, -0.060116, 1.102342), p = (-0.196851, -0.060116, 1.102342)
Body 4172: orig = (1.052845, 0.649631, 1.907347), p = (1.052845, 0.649631, 1.907347)
Body 4173: orig = (-0.112086, 0.564927, -0.123229), p = (-0.112086, 0.564927, -0.123229)
Body 4174: orig = (0.556010, -0.011757, 0.297190), p = (0.556010, -0.011757, 0.297190)
Body 4175: orig = (0.876602, 0.596394, 0.097350), p = (0.876602, 0.596394, 0.097350)
Body 4176: orig = (-0.130861, -0.599085, 0.263185), p = (-0.130861, -0.599085, 0.263185)
Body 4177: orig = (0.494802, 0.459469, -0.441267), p = (0.494802, 0.459469, -0.441267)
Body 4178: orig = (-0.078951, 1.090298, 0.591532), p = (-0.078951, 1.090298, 0.591532)
Body 4179: orig = (0.004356, 0.238255, 0.472811), p = (0.004356, 0.238255, 0.472811)
Body 4180: orig = (0.441928, 1.111129, 0.691473), p = (0.441928, 1.111129, 0.691473)
Body 4181: orig = (0.742645, 0.896345, 0.101054), p = (0.742645, 0.896345, 0.101054)
Body 4182: orig = (0.780708, 0.555245, -0.266788), p = (0.780708, 0.555245, -0.266788)
Body 4183: orig = (0.642491, 1.067445, 0.884606), p = (0.642491, 1.067445, 0.884606)
Body 4184: orig = (1.093898, 0.852520, 0.968219), p = (1.093898, 0.852520, 0.968219)
Body 4185: orig = (0.119943, 0.128661, 0.656424), p = (0.119943, 0.128661, 0.656424)
Body 4186: orig = (0.774469, 1.077282, 0.917498), p = (0.774469, 1.077282, 0.917498)
Body 4187: orig = (1.128245, 0.325298, 0.435009), p = (1.128245, 0.325298, 0.435009)
Body 4188: orig = (0.480735, -0.138632, 0.117060), p = (0.480735, -0.138632, 0.117060)
Body 4189: orig = (0.393103, 0.424495, 0.222758), p = (0.393103, 0.424495, 0.222758)
Body 4190: orig = (0.462639, 0.496099, -0.178949), p = (0.462639, 0.496099, -0.178949)
Body 4191: orig = (0.697357, 0.113687, 0.226888), p = (0.697357, 0.113687, 0.226888)
Body 4192: orig = (0.294916, 0.894170, 0.876151), p = (0.294916, 0.894170, 0.876151)
Body 4193: orig = (0.669409, -0.030688, 0.672852), p = (0.669409, -0.030688, 0.672852)
Body 4194: orig = (0.700571, 1.360559, 0.530359), p = (0.700571, 1.360559, 0.530359)
Body 4195: orig = (0.472801, 1.023319, -0.166723), p = (0.472801, 1.023319, -0.166723)
Body 4196: orig = (0.131847, 1.158671, -0.004440), p = (0.131847, 1.158671, -0.004440)
Body 4197: orig = (0.883730, 0.154551, 0.427008), p = (0.883730, 0.154551, 0.427008)
Body 4198: orig = (0.758175, -0.042986, 0.283050), p = (0.758175, -0.042986, 0.283050)
Body 4199: orig = (0.412777, 0.618102, 0.571611), p = (0.412777, 0.618102, 0.571611)
Body 4200: orig = (0.540826, 0.506000, 0.558901), p = (0.540826, 0.506000, 0.558901)
Body 4201: orig = (0.563255, 0.326067, 1.026508), p = (0.563255, 0.326067, 1.026508)
Body 4202: orig = (0.586945, 0.131037, 0.464730), p = (0.586945, 0.131037, 0.464730)
Body 4203: orig = (0.330261, 1.188109, -0.032471), p = (0.330261, 1.188109, -0.032471)
Body 4204: orig = (0.263356, 0.223123, 0.779258), p = (0.263356, 0.223123, 0.779258)
Body 4205: orig = (0.264131, 0.400394, 1.312586), p = (0.264131, 0.400394, 1.312586)
Body 4206: orig = (0.876414, 0.068018, 0.503523), p = (0.876414, 0.068018, 0.503523)
Body 4207: orig = (0.736971, 1.247582, 0.854973), p = (0.736971, 1.247582, 0.854973)
Body 4208: orig = (0.664412, 0.130753, 0.923795), p = (0.664412, 0.130753, 0.923795)
Body 4209: orig = (0.200370, 0.235015, -0.052773), p = (0.200370, 0.235015, -0.052773)
Body 4210: orig = (-0.081004, 0.137545, 0.136041), p = (-0.081004, 0.137545, 0.136041)
Body 4211: orig = (0.232586, 0.236086, 1.248333), p = (0.232586, 0.236086, 1.248333)
Body 4212: orig = (0.527636, 1.263934, 0.809489), p = (0.527636, 1.263934, 0.809489)
Body 4213: orig = (0.937064, 0.351022, -0.071936), p = (0.937064, 0.351022, -0.071936)
Body 4214: orig = (0.930717, 0.424133, 0.420462), p = (0.930717, 0.424133, 0.420462)
Body 4215: orig = (1.218178, 0.279815, 0.744179), p = (1.218178, 0.279815, 0.744179)
Body 4216: orig = (0.150900, 0.177629, 0.559249), p = (0.150900, 0.177629, 0.559249)
Body 4217: orig = (0.081326, 0.146596, 0.814573), p = (0.081326, 0.146596, 0.814573)
Body 4218: orig = (-0.084393, 0.352087, 0.236650), p = (-0.084393, 0.352087, 0.236650)
Body 4219: orig = (0.248776, 0.640379, 1.139194), p = (0.248776, 0.640379, 1.139194)
Body 4220: orig = (0.569755, -0.266652, 0.511576), p = (0.569755, -0.266652, 0.511576)
Body 4221: orig = (0.601589, 0.357667, 0.992452), p = (0.601589, 0.357667, 0.992452)
Body 4222: orig = (0.405635, -1.146912, -0.500102), p = (0.405635, -1.146912, -0.500102)
Body 4223: orig = (0.659550, 0.959374, 0.783423), p = (0.659550, 0.959374, 0.783423)
Body 4224: orig = (0.689694, 0.826304, -0.215952), p = (0.689694, 0.826304, -0.215952)
Body 4225: orig = (-0.107658, 0.058659, 0.310260), p = (-0.107658, 0.058659, 0.310260)
Body 4226: orig = (0.468359, 1.037440, 0.237273), p = (0.468359, 1.037440, 0.237273)
Body 4227: orig = (0.568975, 0.878660, 0.967428), p = (0.568975, 0.878660, 0.967428)
Body 4228: orig = (1.382161, -0.137116, -0.013572), p = (1.382161, -0.137116, -0.013572)
Body 4229: orig = (0.533870, 1.284933, 0.341797), p = (0.533870, 1.284933, 0.341797)
Body 4230: orig = (0.630621, 0.434690, 0.132650), p = (0.630621, 0.434690, 0.132650)
Body 4231: orig = (0.779633, 0.511878, 1.024991), p = (0.779633, 0.511878, 1.024991)
Body 4232: orig = (0.365849, 0.701769, -0.315850), p = (0.365849, 0.701769, -0.315850)
Body 4233: orig = (-0.494137, 0.418158, 0.395768), p = (-0.494137, 0.418158, 0.395768)
Body 4234: orig = (0.473054, 0.733399, 0.940705), p = (0.473054, 0.733399, 0.940705)
Body 4235: orig = (0.305935, 0.806692, -0.248140), p = (0.305935, 0.806692, -0.248140)
Body 4236: orig = (0.077307, 0.322442, -0.209547), p = (0.077307, 0.322442, -0.209547)
Body 4237: orig = (0.087685, -0.109185, 0.797936), p = (0.087685, -0.109185, 0.797936)
Body 4238: orig = (0.266647, 0.309787, 1.150975), p = (0.266647, 0.309787, 1.150975)
Body 4239: orig = (0.772336, 0.172815, 0.933134), p = (0.772336, 0.172815, 0.933134)
Body 4240: orig = (0.128417, 0.424856, -0.035769), p = (0.128417, 0.424856, -0.035769)
Body 4241: orig = (0.639026, 1.039710, 0.865565), p = (0.639026, 1.039710, 0.865565)
Body 4242: orig = (0.640558, -0.152766, 0.646296), p = (0.640558, -0.152766, 0.646296)
Body 4243: orig = (0.510952, 1.075127, 0.258846), p = (0.510952, 1.075127, 0.258846)
Body 4244: orig = (0.516663, 0.561298, 1.480149), p = (0.516663, 0.561298, 1.480149)
Body 4245: orig = (0.834569, 0.487550, 0.207223), p = (0.834569, 0.487550, 0.207223)
Body 4246: orig = (0.132824, 0.307877, 1.021362), p = (0.132824, 0.307877, 1.021362)
Body 4247: orig = (0.501506, 0.925028, 0.817839), p = (0.501506, 0.925028, 0.817839)
Body 4248: orig = (0.012845, 0.625734, 0.437743), p = (0.012845, 0.625734, 0.437743)
Body 4249: orig = (0.508742, 0.640693, 0.878864), p = (0.508742, 0.640693, 0.878864)
Body 4250: orig = (0.852394, 0.920049, 0.458367), p = (0.852394, 0.920049, 0.458367)
Body 4251: orig = (0.909456, 0.827828, 0.798301), p = (0.909456, 0.827828, 0.798301)
Body 4252: orig = (0.416078, -0.287777, 0.286482), p = (0.416078, -0.287777, 0.286482)
Body 4253: orig = (0.499676, 0.640561, 0.062056), p = (0.499676, 0.640561, 0.062056)
Body 4254: orig = (0.793587, -0.048179, 0.280266), p = (0.793587, -0.048179, 0.280266)
Body 4255: orig = (-0.002841, 0.446678, 0.895332), p = (-0.002841, 0.446678, 0.895332)
Body 4256: orig = (0.535314, 1.754645, 1.075532), p = (0.535314, 1.754645, 1.075532)
Body 4257: orig = (0.440144, 0.268255, -0.124695), p = (0.440144, 0.268255, -0.124695)
Body 4258: orig = (0.228026, 0.809774, -0.084356), p = (0.228026, 0.809774, -0.084356)
Body 4259: orig = (0.427151, 1.199223, 0.523960), p = (0.427151, 1.199223, 0.523960)
Body 4260: orig = (0.711904, 1.096952, 1.090890), p = (0.711904, 1.096952, 1.090890)
Body 4261: orig = (-0.356257, 0.712018, 0.410852), p = (-0.356257, 0.712018, 0.410852)
Body 4262: orig = (-0.181628, 1.232528, -0.552253), p = (-0.181628, 1.232528, -0.552253)
Body 4263: orig = (0.410338, 0.065016, 0.767779), p = (0.410338, 0.065016, 0.767779)
Body 4264: orig = (0.681202, 0.228675, -0.058795), p = (0.681202, 0.228675, -0.058795)
Body 4265: orig = (0.030904, 0.091962, 0.578003), p = (0.030904, 0.091962, 0.578003)
Body 4266: orig = (0.234646, 0.346965, 0.097161), p = (0.234646, 0.346965, 0.097161)
Body 4267: orig = (0.302647, 1.218675, 0.325469), p = (0.302647, 1.218675, 0.325469)
Body 4268: orig = (0.140274, 0.349290, -0.339112), p = (0.140274, 0.349290, -0.339112)
Body 4269: orig = (1.280907, 0.259069, 0.349079), p = (1.280907, 0.259069, 0.349079)
Body 4270: orig = (0.734462, 0.505534, 0.516973), p = (0.734462, 0.505534, 0.516973)
Body 4271: orig = (0.822146, 0.145826, 0.709680), p = (0.822146, 0.145826, 0.709680)
Body 4272: orig = (0.683392, 0.583432, 1.077388), p = (0.683392, 0.583432, 1.077388)
Body 4273: orig = (0.420399, -0.404835, 0.760471), p = (0.420399, -0.404835, 0.760471)
Body 4274: orig = (0.553309, -0.364006, 0.727953), p = (0.553309, -0.364006, 0.727953)
Body 4275: orig = (0.734750, 0.231233, 0.286693), p = (0.734750, 0.231233, 0.286693)
Body 4276: orig = (0.459562, 0.914517, 0.268493), p = (0.459562, 0.914517, 0.268493)
Body 4277: orig = (0.274899, -0.303847, 0.051011), p = (0.274899, -0.303847, 0.051011)
Body 4278: orig = (0.270837, 1.143031, 0.877382), p = (0.270837, 1.143031, 0.877382)
Body 4279: orig = (-2.326882, -1.648980, -2.671677), p = (-2.326882, -1.648980, -2.671677)
Body 4280: orig = (0.684982, 1.088995, 0.441910), p = (0.684982, 1.088995, 0.441910)
Body 4281: orig = (0.194140, 0.962748, 0.215506), p = (0.194140, 0.962748, 0.215506)
Body 4282: orig = (0.368897, 0.487500, 1.397758), p = (0.368897, 0.487500, 1.397758)
Body 4283: orig = (0.500756, 0.808506, -0.033044), p = (0.500756, 0.808506, -0.033044)
Body 4284: orig = (0.937974, 0.368713, -0.202699), p = (0.937974, 0.368713, -0.202699)
Body 4285: orig = (1.178816, -0.269208, 0.272124), p = (1.178816, -0.269208, 0.272124)
Body 4286: orig = (0.729987, 0.563714, -0.267671), p = (0.729987, 0.563714, -0.267671)
Body 4287: orig = (0.863635, 0.253133, 0.227633), p = (0.863635, 0.253133, 0.227633)
Body 4288: orig = (0.728039, 0.788740, 0.511111), p = (0.728039, 0.788740, 0.511111)
Body 4289: orig = (0.120546, 0.463189, 0.755599), p = (0.120546, 0.463189, 0.755599)
Body 4290: orig = (0.064735, 0.584832, 0.087516), p = (0.064735, 0.584832, 0.087516)
Body 4291: orig = (0.344287, 0.701516, 1.072051), p = (0.344287, 0.701516, 1.072051)
Body 4292: orig = (0.081822, 0.560333, 0.830274), p = (0.081822, 0.560333, 0.830274)
Body 4293: orig = (0.775349, 0.331559, -0.029988), p = (0.775349, 0.331559, -0.029988)
Body 4294: orig = (0.107915, 0.555487, -0.226981), p = (0.107915, 0.555487, -0.226981)
Body 4295: orig = (0.628773, -0.280060, 0.628822), p = (0.628773, -0.280060, 0.628822)
Body 4296: orig = (0.201724, 0.838810, 0.576349), p = (0.201724, 0.838810, 0.576349)
Body 4297: orig = (0.301428, 0.617904, -0.168473), p = (0.301428, 0.617904, -0.168473)
Body 4298: orig = (0.628508, 0.706908, 0.657332), p = (0.628508, 0.706908, 0.657332)
Body 4299: orig = (0.478979, 1.018247, 0.055206), p = (0.478979, 1.018247, 0.055206)
Body 4300: orig = (0.074040, 0.405228, 0.861822), p = (0.074040, 0.405228, 0.861822)
Body 4301: orig = (-0.328431, 0.573833, 0.684369), p = (-0.328431, 0.573833, 0.684369)
Body 4302: orig = (0.462746, 0.607989, 1.240535), p = (0.462746, 0.607989, 1.240535)
Body 4303: orig = (0.454158, 0.572756, 0.873442), p = (0.454158, 0.572756, 0.873442)
Body 4304: orig = (-0.433249, 0.636897, 0.397421), p = (-0.433249, 0.636897, 0.397421)
Body 4305: orig = (0.984636, 1.167489, 0.362789), p = (0.984636, 1.167489, 0.362789)
Body 4306: orig = (0.832136, 1.488391, 0.227120), p = (0.832136, 1.488391, 0.227120)
Body 4307: orig = (0.362299, 0.239533, 1.115013), p = (0.362299, 0.239533, 1.115013)
Body 4308: orig = (0.461210, 0.815964, -0.132803), p = (0.461210, 0.815964, -0.132803)
Body 4309: orig = (0.470630, 0.432268, 1.043675), p = (0.470630, 0.432268, 1.043675)
Body 4310: orig = (0.726780, 0.430542, 0.482649), p = (0.726780, 0.430542, 0.482649)
Body 4311: orig = (0.229683, 0.954762, 0.782415), p = (0.229683, 0.954762, 0.782415)
Body 4312: orig = (0.346380, 1.079634, 0.423233), p = (0.346380, 1.079634, 0.423233)
Body 4313: orig = (0.807206, 0.252902, 0.081719), p = (0.807206, 0.252902, 0.081719)
Body 4314: orig = (0.029040, 1.165766, 0.596418), p = (0.029040, 1.165766, 0.596418)
Body 4315: orig = (0.510008, 1.107147, 0.588248), p = (0.510008, 1.107147, 0.588248)
Body 4316: orig = (0.544691, 0.030583, 0.406020), p = (0.544691, 0.030583, 0.406020)
Body 4317: orig = (0.859742, 0.016865, 0.114177), p = (0.859742, 0.016865, 0.114177)
Body 4318: orig = (0.224908, 1.090181, 0.425438), p = (0.224908, 1.090181, 0.425438)
Body 4319: orig = (0.558322, 0.488710, 0.851239), p = (0.558322, 0.488710, 0.851239)
Body 4320: orig = (0.908568, 0.543494, 0.936562), p = (0.908568, 0.543494, 0.936562)
Body 4321: orig = (0.830087, 0.914203, 0.276896), p = (0.830087, 0.914203, 0.276896)
Body 4322: orig = (0.421487, 0.794411, 0.110260), p = (0.421487, 0.794411, 0.110260)
Body 4323: orig = (0.859993, 0.705486, 0.708513), p = (0.859993, 0.705486, 0.708513)
Body 4324: orig = (0.417948, 1.199031, 0.449350), p = (0.417948, 1.199031, 0.449350)
Body 4325: orig = (0.014620, 1.073130, 0.631068), p = (0.014620, 1.073130, 0.631068)
Body 4326: orig = (0.837159, 0.508058, 0.133664), p = (0.837159, 0.508058, 0.133664)
Body 4327: orig = (0.562489, -0.073359, 0.770482), p = (0.562489, -0.073359, 0.770482)
Body 4328: orig = (0.577202, 0.718458, 0.573471), p = (0.577202, 0.718458, 0.573471)
Body 4329: orig = (1.205192, 0.512029, 0.490793), p = (1.205192, 0.512029, 0.490793)
Body 4330: orig = (0.649552, -0.024547, 0.122351), p = (0.649552, -0.024547, 0.122351)
Body 4331: orig = (0.527306, 1.177235, 0.580246), p = (0.527306, 1.177235, 0.580246)
Body 4332: orig = (0.718356, 0.596865, 0.276336), p = (0.718356, 0.596865, 0.276336)
Body 4333: orig = (0.347186, 1.069024, 0.764428), p = (0.347186, 1.069024, 0.764428)
Body 4334: orig = (0.906733, 0.833236, 0.474745), p = (0.906733, 0.833236, 0.474745)
Body 4335: orig = (0.499348, 0.060196, 0.845136), p = (0.499348, 0.060196, 0.845136)
Body 4336: orig = (-0.270289, 0.568044, 0.674143), p = (-0.270289, 0.568044, 0.674143)
Body 4337: orig = (0.402948, 1.430407, 0.616704), p = (0.402948, 1.430407, 0.616704)
Body 4338: orig = (0.673182, 0.613877, -0.252984), p = (0.673182, 0.613877, -0.252984)
Body 4339: orig = (0.655047, 1.024212, -0.004437), p = (0.655047, 1.024212, -0.004437)
Body 4340: orig = (0.587383, 0.105724, 0.535291), p = (0.587383, 0.105724, 0.535291)
Body 4341: orig = (0.738998, 0.599389, 0.986245), p = (0.738998, 0.599389, 0.986245)
Body 4342: orig = (0.581340, 0.826554, 1.103907), p = (0.581340, 0.826554, 1.103907)
Body 4343: orig = (0.698637, 1.314482, 0.515074), p = (0.698637, 1.314482, 0.515074)
Body 4344: orig = (0.525478, 0.079316, -0.033734), p = (0.525478, 0.079316, -0.033734)
Body 4345: orig = (-0.099844, 0.126471, -0.303309), p = (-0.099844, 0.126471, -0.303309)
Body 4346: orig = (0.469806, 1.473302, 0.511512), p = (0.469806, 1.473302, 0.511512)
Body 4347: orig = (1.175773, 0.187591, 0.453270), p = (1.175773, 0.187591, 0.453270)
Body 4348: orig = (0.107995, 0.304548, 0.111160), p = (0.107995, 0.304548, 0.111160)
Body 4349: orig = (0.322153, 0.888932, 0.339121), p = (0.322153, 0.888932, 0.339121)
Body 4350: orig = (-0.131061, 0.569310, 0.421724), p = (-0.131061, 0.569310, 0.421724)
Body 4351: orig = (-0.244380, 0.468542, 0.253390), p = (-0.244380, 0.468542, 0.253390)
Body 4352: orig = (0.752455, 0.305109, 1.200558), p = (0.752455, 0.305109, 1.200558)
Body 4353: orig = (0.326150, 0.402535, 0.970601), p = (0.326150, 0.402535, 0.970601)
Body 4354: orig = (0.072443, 0.839131, 0.019180), p = (0.072443, 0.839131, 0.019180)
Body 4355: orig = (-0.150924, 0.337040, 0.478431), p = (-0.150924, 0.337040, 0.478431)
Body 4356: orig = (1.195975, 0.279439, 0.541068), p = (1.195975, 0.279439, 0.541068)
Body 4357: orig = (0.214796, 0.008601, 0.634083), p = (0.214796, 0.008601, 0.634083)
Body 4358: orig = (0.202798, 1.208934, 0.948456), p = (0.202798, 1.208934, 0.948456)
Body 4359: orig = (0.805096, 0.101027, 0.241334), p = (0.805096, 0.101027, 0.241334)
Body 4360: orig = (0.845228, 0.631617, 0.877188), p = (0.845228, 0.631617, 0.877188)
Body 4361: orig = (0.264224, 1.047721, 0.673380), p = (0.264224, 1.047721, 0.673380)
Body 4362: orig = (0.415795, 0.016109, 0.478001), p = (0.415795, 0.016109, 0.478001)
Body 4363: orig = (-0.007117, 0.946111, 0.287761), p = (-0.007117, 0.946111, 0.287761)
Body 4364: orig = (0.771220, 1.194033, 0.492433), p = (0.771220, 1.194033, 0.492433)
Body 4365: orig = (0.619334, 1.020825, 0.339601), p = (0.619334, 1.020825, 0.339601)
Body 4366: orig = (0.052953, 0.099807, 0.622141), p = (0.052953, 0.099807, 0.622141)
Body 4367: orig = (0.008604, 0.475515, 0.375807), p = (0.008604, 0.475515, 0.375807)
Body 4368: orig = (0.840361, -0.588431, 0.113959), p = (0.840361, -0.588431, 0.113959)
Body 4369: orig = (0.776088, 0.574211, 1.164373), p = (0.776088, 0.574211, 1.164373)
Body 4370: orig = (0.457458, -0.013596, 0.283549), p = (0.457458, -0.013596, 0.283549)
Body 4371: orig = (0.370334, 0.138322, 0.679636), p = (0.370334, 0.138322, 0.679636)
Body 4372: orig = (0.948870, 0.363597, 0.426154), p = (0.948870, 0.363597, 0.426154)
Body 4373: orig = (1.373813, 0.458558, 0.186389), p = (1.373813, 0.458558, 0.186389)
Body 4374: orig = (0.740552, 0.662305, 1.228512), p = (0.740552, 0.662305, 1.228512)
Body 4375: orig = (0.265119, 0.099493, 0.006024), p = (0.265119, 0.099493, 0.006024)
Body 4376: orig = (0.122889, 0.719181, -0.022421), p = (0.122889, 0.719181, -0.022421)
Body 4377: orig = (0.161388, 1.018814, 0.523432), p = (0.161388, 1.018814, 0.523432)
Body 4378: orig = (1.274136, 0.395457, 0.166188), p = (1.274136, 0.395457, 0.166188)
Body 4379: orig = (1.258403, 0.786051, 0.374618), p = (1.258403, 0.786051, 0.374618)
Body 4380: orig = (0.480878, 0.546650, 0.413396), p = (0.480878, 0.546650, 0.413396)
Body 4381: orig = (0.330290, 0.549373, 1.130427), p = (0.330290, 0.549373, 1.130427)
Body 4382: orig = (0.290261, 0.264301, 0.380683), p = (0.290261, 0.264301, 0.380683)
Body 4383: orig = (-0.125195, 0.714911, 0.329986), p = (-0.125195, 0.714911, 0.329986)
Body 4384: orig = (1.338245, 0.276953, 0.603445), p = (1.338245, 0.276953, 0.603445)
Body 4385: orig = (0.475166, 0.576713, 1.413935), p = (0.475166, 0.576713, 1.413935)
Body 4386: orig = (0.368127, 0.077371, 0.290167), p = (0.368127, 0.077371, 0.290167)
Body 4387: orig = (0.799104, -0.088480, 0.003165), p = (0.799104, -0.088480, 0.003165)
Body 4388: orig = (0.652254, 0.586682, 1.364701), p = (0.652254, 0.586682, 1.364701)
Body 4389: orig = (0.734277, 0.774944, 0.377323), p = (0.734277, 0.774944, 0.377323)
Body 4390: orig = (1.055952, 0.305520, 0.459388), p = (1.055952, 0.305520, 0.459388)
Body 4391: orig = (-0.163230, 0.132489, 0.256941), p = (-0.163230, 0.132489, 0.256941)
Body 4392: orig = (0.508847, 0.822310, 1.030160), p = (0.508847, 0.822310, 1.030160)
Body 4393: orig = (0.506325, 0.276809, -0.244168), p = (0.506325, 0.276809, -0.244168)
Body 4394: orig = (0.908141, 0.681985, 0.627629), p = (0.908141, 0.681985, 0.627629)
Body 4395: orig = (0.518173, 0.845156, 1.116644), p = (0.518173, 0.845156, 1.116644)
Body 4396: orig = (0.473726, 0.208816, 1.274087), p = (0.473726, 0.208816, 1.274087)
Body 4397: orig = (0.777757, 0.758293, 0.208968), p = (0.777757, 0.758293, 0.208968)
Body 4398: orig = (0.540385, 0.309885, 0.878192), p = (0.540385, 0.309885, 0.878192)
Body 4399: orig = (0.083736, 0.172719, 0.085985), p = (0.083736, 0.172719, 0.085985)
Body 4400: orig = (0.570667, 1.023365, 0.886848), p = (0.570667, 1.023365, 0.886848)
Body 4401: orig = (0.533731, 0.733893, -0.254110), p = (0.533731, 0.733893, -0.254110)
Body 4402: orig = (0.339896, 0.567873, 1.139603), p = (0.339896, 0.567873, 1.139603)
Body 4403: orig = (0.717251, 0.040269, 0.849199), p = (0.717251, 0.040269, 0.849199)
Body 4404: orig = (0.599779, 0.074499, 0.931539), p = (0.599779, 0.074499, 0.931539)
Body 4405: orig = (0.774755, 0.368763, 1.032065), p = (0.774755, 0.368763, 1.032065)
Body 4406: orig = (1.130575, 0.635644, -0.249216), p = (1.130575, 0.635644, -0.249216)
Body 4407: orig = (1.430301, 0.588025, 0.720064), p = (1.430301, 0.588025, 0.720064)
Body 4408: orig = (0.289051, 0.245324, 0.832470), p = (0.289051, 0.245324, 0.832470)
Body 4409: orig = (0.344691, 0.534015, 1.236888), p = (0.344691, 0.534015, 1.236888)
Body 4410: orig = (0.888613, 0.165070, 0.299559), p = (0.888613, 0.165070, 0.299559)
Body 4411: orig = (0.467812, 1.153762, 0.055965), p = (0.467812, 1.153762, 0.055965)
Body 4412: orig = (0.443339, 1.343791, 0.351169), p = (0.443339, 1.343791, 0.351169)
Body 4413: orig = (0.640622, -0.005930, 0.354651), p = (0.640622, -0.005930, 0.354651)
Body 4414: orig = (0.038178, 0.849040, 0.470268), p = (0.038178, 0.849040, 0.470268)
Body 4415: orig = (0.306766, 0.045069, 0.689318), p = (0.306766, 0.045069, 0.689318)
Body 4416: orig = (0.215074, 0.849990, 0.317953), p = (0.215074, 0.849990, 0.317953)
Body 4417: orig = (-0.078639, -1.399761, 1.380927), p = (-0.078639, -1.399761, 1.380927)
Body 4418: orig = (0.756801, -0.094978, 0.720453), p = (0.756801, -0.094978, 0.720453)
Body 4419: orig = (0.429764, 0.670047, -0.197189), p = (0.429764, 0.670047, -0.197189)
Body 4420: orig = (0.153339, 0.514874, 1.143852), p = (0.153339, 0.514874, 1.143852)
Body 4421: orig = (0.746434, 0.172498, 0.346602), p = (0.746434, 0.172498, 0.346602)
Body 4422: orig = (0.486174, 0.748389, -0.259996), p = (0.486174, 0.748389, -0.259996)
Body 4423: orig = (0.457886, 0.896267, -0.222714), p = (0.457886, 0.896267, -0.222714)
Body 4424: orig = (0.510026, 1.299498, 0.828122), p = (0.510026, 1.299498, 0.828122)
Body 4425: orig = (0.899472, 0.529357, 1.084027), p = (0.899472, 0.529357, 1.084027)
Body 4426: orig = (0.668336, 0.893754, 0.472419), p = (0.668336, 0.893754, 0.472419)
Body 4427: orig = (0.061496, 0.547310, 0.758824), p = (0.061496, 0.547310, 0.758824)
Body 4428: orig = (0.096914, 0.453028, 0.157608), p = (0.096914, 0.453028, 0.157608)
Body 4429: orig = (0.111647, 0.859121, 0.087811), p = (0.111647, 0.859121, 0.087811)
Body 4430: orig = (0.758309, 1.174554, 0.268893), p = (0.758309, 1.174554, 0.268893)
Body 4431: orig = (1.239859, 0.153969, 0.506273), p = (1.239859, 0.153969, 0.506273)
Body 4432: orig = (0.878254, -0.095727, 0.332929), p = (0.878254, -0.095727, 0.332929)
Body 4433: orig = (0.409071, 1.153658, 0.538463), p = (0.409071, 1.153658, 0.538463)
Body 4434: orig = (-0.151322, 0.798177, 0.468842), p = (-0.151322, 0.798177, 0.468842)
Body 4435: orig = (0.763618, 0.500459, 0.706389), p = (0.763618, 0.500459, 0.706389)
Body 4436: orig = (0.741157, 0.555881, -0.267641), p = (0.741157, 0.555881, -0.267641)
Body 4437: orig = (0.600210, 0.196329, 0.389110), p = (0.600210, 0.196329, 0.389110)
Body 4438: orig = (0.784596, 0.058884, 0.353026), p = (0.784596, 0.058884, 0.353026)
Body 4439: orig = (0.785553, 1.308896, 0.606913), p = (0.785553, 1.308896, 0.606913)
Body 4440: orig = (0.095227, 0.657975, 0.332266), p = (0.095227, 0.657975, 0.332266)
Body 4441: orig = (0.486172, 0.522260, 1.464951), p = (0.486172, 0.522260, 1.464951)
Body 4442: orig = (0.309422, 0.543962, 0.559842), p = (0.309422, 0.543962, 0.559842)
Body 4443: orig = (0.847804, 1.602785, 3.031082), p = (0.847804, 1.602785, 3.031082)
Body 4444: orig = (1.157307, -0.171500, -0.644138), p = (1.157307, -0.171500, -0.644138)
Body 4445: orig = (0.500359, 0.327477, -0.094679), p = (0.500359, 0.327477, -0.094679)
Body 4446: orig = (0.558491, 1.148638, 0.607926), p = (0.558491, 1.148638, 0.607926)
Body 4447: orig = (0.530901, 0.758102, 0.946792), p = (0.530901, 0.758102, 0.946792)
Body 4448: orig = (0.720237, 0.517918, 1.302176), p = (0.720237, 0.517918, 1.302176)
Body 4449: orig = (0.828809, -0.080467, 0.569716), p = (0.828809, -0.080467, 0.569716)
Body 4450: orig = (0.870619, 0.661749, -0.301840), p = (0.870619, 0.661749, -0.301840)
Body 4451: orig = (0.709728, 0.589345, 0.462082), p = (0.709728, 0.589345, 0.462082)
Body 4452: orig = (-0.004598, 0.016967, 0.570605), p = (-0.004598, 0.016967, 0.570605)
Body 4453: orig = (0.196087, 1.248495, 0.570428), p = (0.196087, 1.248495, 0.570428)
Body 4454: orig = (0.195610, 0.322050, 0.024132), p = (0.195610, 0.322050, 0.024132)
Body 4455: orig = (0.391613, 1.264225, 0.574935), p = (0.391613, 1.264225, 0.574935)
Body 4456: orig = (0.420764, 0.388270, 0.154070), p = (0.420764, 0.388270, 0.154070)
Body 4457: orig = (0.489218, 0.682462, 0.514949), p = (0.489218, 0.682462, 0.514949)
Body 4458: orig = (0.364845, 0.252833, 1.334714), p = (0.364845, 0.252833, 1.334714)
Body 4459: orig = (0.382983, -0.357057, 0.770196), p = (0.382983, -0.357057, 0.770196)
Body 4460: orig = (-0.250057, 0.704171, 0.533572), p = (-0.250057, 0.704171, 0.533572)
Body 4461: orig = (0.917067, -0.038249, 0.409942), p = (0.917067, -0.038249, 0.409942)
Body 4462: orig = (1.437719, 1.430770, 0.602956), p = (1.437719, 1.430770, 0.602956)
Body 4463: orig = (0.696705, 1.603309, 0.517157), p = (0.696705, 1.603309, 0.517157)
Body 4464: orig = (1.228481, 0.604205, 0.279075), p = (1.228481, 0.604205, 0.279075)
Body 4465: orig = (-0.342902, 0.653826, 0.594536), p = (-0.342902, 0.653826, 0.594536)
Body 4466: orig = (0.560148, 0.074914, 0.077380), p = (0.560148, 0.074914, 0.077380)
Body 4467: orig = (0.460683, 0.559399, 1.245032), p = (0.460683, 0.559399, 1.245032)
Body 4468: orig = (0.515527, -0.121581, 0.725932), p = (0.515527, -0.121581, 0.725932)
Body 4469: orig = (0.413426, 0.559923, 1.394107), p = (0.413426, 0.559923, 1.394107)
Body 4470: orig = (0.953024, 0.159067, 0.376762), p = (0.953024, 0.159067, 0.376762)
Body 4471: orig = (1.332348, 0.438666, 0.770358), p = (1.332348, 0.438666, 0.770358)
Body 4472: orig = (0.727144, -0.399541, 0.238531), p = (0.727144, -0.399541, 0.238531)
Body 4473: orig = (-0.167850, 0.273549, 0.383194), p = (-0.167850, 0.273549, 0.383194)
Body 4474: orig = (0.763329, 0.453351, 1.045097), p = (0.763329, 0.453351, 1.045097)
Body 4475: orig = (0.712618, 0.211033, -0.147252), p = (0.712618, 0.211033, -0.147252)
Body 4476: orig = (0.173150, 0.326353, 0.989625), p = (0.173150, 0.326353, 0.989625)
Body 4477: orig = (0.511692, -0.103325, 0.356186), p = (0.511692, -0.103325, 0.356186)
Body 4478: orig = (0.215495, 0.491209, 1.383553), p = (0.215495, 0.491209, 1.383553)
Body 4479: orig = (0.150674, 0.154759, 0.779602), p = (0.150674, 0.154759, 0.779602)
Body 4480: orig = (1.374001, 0.355609, 0.443627), p = (1.374001, 0.355609, 0.443627)
Body 4481: orig = (0.614098, 0.857388, -0.041125), p = (0.614098, 0.857388, -0.041125)
Body 4482: orig = (0.309639, 0.236221, 0.932151), p = (0.309639, 0.236221, 0.932151)
Body 4483: orig = (0.635989, 0.472126, 0.019215), p = (0.635989, 0.472126, 0.019215)
Body 4484: orig = (0.690640, 0.993983, 0.602474), p = (0.690640, 0.993983, 0.602474)
Body 4485: orig = (0.365347, 0.533272, -0.373034), p = (0.365347, 0.533272, -0.373034)
Body 4486: orig = (0.408493, 1.469818, 0.499217), p = (0.408493, 1.469818, 0.499217)
Body 4487: orig = (1.211905, 0.362479, 0.321987), p = (1.211905, 0.362479, 0.321987)
Body 4488: orig = (-0.165549, 0.827750, 1.162079), p = (-0.165549, 0.827750, 1.162079)
Body 4489: orig = (0.885978, 1.385075, 0.413064), p = (0.885978, 1.385075, 0.413064)
Body 4490: orig = (0.134874, 0.269130, 0.619107), p = (0.134874, 0.269130, 0.619107)
Body 4491: orig = (0.308698, 1.155040, 0.520671), p = (0.308698, 1.155040, 0.520671)
Body 4492: orig = (0.322903, -0.240239, 0.859191), p = (0.322903, -0.240239, 0.859191)
Body 4493: orig = (1.658844, 1.548704, 1.611093), p = (1.658844, 1.548704, 1.611093)
Body 4494: orig = (0.220382, 1.502451, 0.382197), p = (0.220382, 1.502451, 0.382197)
Body 4495: orig = (1.282467, 0.294149, 0.539230), p = (1.282467, 0.294149, 0.539230)
Body 4496: orig = (0.069662, 0.969242, 0.808196), p = (0.069662, 0.969242, 0.808196)
Body 4497: orig = (0.212778, 0.453882, -0.146897), p = (0.212778, 0.453882, -0.146897)
Body 4498: orig = (0.926476, 0.121510, 0.362640), p = (0.926476, 0.121510, 0.362640)
Body 4499: orig = (-1.169701, 0.505118, 0.496193), p = (-1.169701, 0.505118, 0.496193)
Body 4500: orig = (0.457342, -0.386061, 0.693368), p = (0.457342, -0.386061, 0.693368)
Body 4501: orig = (0.140186, 0.757841, 1.020174), p = (0.140186, 0.757841, 1.020174)
Body 4502: orig = (0.460614, 0.702868, 0.865027), p = (0.460614, 0.702868, 0.865027)
Body 4503: orig = (0.317915, 0.798358, 0.576386), p = (0.317915, 0.798358, 0.576386)
Body 4504: orig = (2.960887, -0.807707, 1.095219), p = (2.960887, -0.807707, 1.095219)
Body 4505: orig = (0.324020, 1.129108, 0.344518), p = (0.324020, 1.129108, 0.344518)
Body 4506: orig = (0.380460, 0.813973, 1.072636), p = (0.380460, 0.813973, 1.072636)
Body 4507: orig = (0.751464, 0.496901, 0.256617), p = (0.751464, 0.496901, 0.256617)
Body 4508: orig = (0.770748, 0.930577, 0.834752), p = (0.770748, 0.930577, 0.834752)
Body 4509: orig = (1.358036, 0.473295, 0.354987), p = (1.358036, 0.473295, 0.354987)
Body 4510: orig = (0.777694, 1.016948, 0.621187), p = (0.777694, 1.016948, 0.621187)
Body 4511: orig = (0.736763, 0.702098, -0.196738), p = (0.736763, 0.702098, -0.196738)
Body 4512: orig = (0.449053, 0.637985, 1.384802), p = (0.449053, 0.637985, 1.384802)
Body 4513: orig = (-0.454880, 0.566631, 0.699804), p = (-0.454880, 0.566631, 0.699804)
Body 4514: orig = (0.166250, 1.297442, 0.233762), p = (0.166250, 1.297442, 0.233762)
Body 4515: orig = (0.066841, 0.158936, 0.716312), p = (0.066841, 0.158936, 0.716312)
Body 4516: orig = (0.493299, 1.119013, 0.430460), p = (0.493299, 1.119013, 0.430460)
Body 4517: orig = (0.658409, 0.537325, 0.399446), p = (0.658409, 0.537325, 0.399446)
Body 4518: orig = (0.664207, 0.501988, 1.317478), p = (0.664207, 0.501988, 1.317478)
Body 4519: orig = (0.276520, -0.110390, 0.544163), p = (0.276520, -0.110390, 0.544163)
Body 4520: orig = (0.722294, 0.582637, 1.104411), p = (0.722294, 0.582637, 1.104411)
Body 4521: orig = (0.660500, -0.326065, 0.762803), p = (0.660500, -0.326065, 0.762803)
Body 4522: orig = (0.215379, 0.649890, -0.011888), p = (0.215379, 0.649890, -0.011888)
Body 4523: orig = (0.732372, -0.301728, 0.563655), p = (0.732372, -0.301728, 0.563655)
Body 4524: orig = (0.113527, 0.447534, 0.586256), p = (0.113527, 0.447534, 0.586256)
Body 4525: orig = (1.128000, 0.116310, 0.594766), p = (1.128000, 0.116310, 0.594766)
Body 4526: orig = (0.736392, 0.705179, 0.319999), p = (0.736392, 0.705179, 0.319999)
Body 4527: orig = (0.392192, 0.775244, -0.175445), p = (0.392192, 0.775244, -0.175445)
Body 4528: orig = (1.352733, 0.542847, 0.814514), p = (1.352733, 0.542847, 0.814514)
Body 4529: orig = (0.816396, 0.665467, 0.025430), p = (0.816396, 0.665467, 0.025430)
Body 4530: orig = (0.215341, 0.002254, 0.400169), p = (0.215341, 0.002254, 0.400169)
Body 4531: orig = (-0.134590, 0.908686, 0.563889), p = (-0.134590, 0.908686, 0.563889)
Body 4532: orig = (-0.029170, 1.305950, 1.291938), p = (-0.029170, 1.305950, 1.291938)
Body 4533: orig = (0.027927, 1.354495, 0.865100), p = (0.027927, 1.354495, 0.865100)
Body 4534: orig = (0.525199, 0.493516, 0.853246), p = (0.525199, 0.493516, 0.853246)
Body 4535: orig = (1.075254, 0.439476, 0.508649), p = (1.075254, 0.439476, 0.508649)
Body 4536: orig = (-0.336961, 0.953271, 0.318319), p = (-0.336961, 0.953271, 0.318319)
Body 4537: orig = (0.228352, 0.502759, 0.290133), p = (0.228352, 0.502759, 0.290133)
Body 4538: orig = (0.382980, 0.971186, 0.825888), p = (0.382980, 0.971186, 0.825888)
Body 4539: orig = (1.195117, 0.693359, 0.681422), p = (1.195117, 0.693359, 0.681422)
Body 4540: orig = (0.957303, 0.728123, 0.679114), p = (0.957303, 0.728123, 0.679114)
Body 4541: orig = (-0.131304, 0.423165, 0.108197), p = (-0.131304, 0.423165, 0.108197)
Body 4542: orig = (0.586708, 0.824811, 0.209492), p = (0.586708, 0.824811, 0.209492)
Body 4543: orig = (1.342913, 0.913392, 0.446262), p = (1.342913, 0.913392, 0.446262)
Body 4544: orig = (0.997139, 0.129041, 0.861677), p = (0.997139, 0.129041, 0.861677)
Body 4545: orig = (0.783346, 0.081771, 0.029635), p = (0.783346, 0.081771, 0.029635)
Body 4546: orig = (0.422178, -0.293769, 0.688791), p = (0.422178, -0.293769, 0.688791)
Body 4547: orig = (0.448675, -0.135331, 1.208881), p = (0.448675, -0.135331, 1.208881)
Body 4548: orig = (1.218745, 0.134885, 0.533346), p = (1.218745, 0.134885, 0.533346)
Body 4549: orig = (0.262321, 0.358448, 0.623095), p = (0.262321, 0.358448, 0.623095)
Body 4550: orig = (0.453327, 0.510551, 0.403311), p = (0.453327, 0.510551, 0.403311)
Body 4551: orig = (0.581254, 0.157119, 1.048543), p = (0.581254, 0.157119, 1.048543)
Body 4552: orig = (0.437376, 0.082085, 0.473333), p = (0.437376, 0.082085, 0.473333)
Body 4553: orig = (0.430063, -0.005629, 0.319718), p = (0.430063, -0.005629, 0.319718)
Body 4554: orig = (0.683802, -0.380172, 0.150297), p = (0.683802, -0.380172, 0.150297)
Body 4555: orig = (0.980185, 0.107213, 0.672606), p = (0.980185, 0.107213, 0.672606)
Body 4556: orig = (-0.331308, 0.543802, 0.599355), p = (-0.331308, 0.543802, 0.599355)
Body 4557: orig = (1.332213, 0.574468, 0.421725), p = (1.332213, 0.574468, 0.421725)
Body 4558: orig = (0.749322, 1.429354, 0.562553), p = (0.749322, 1.429354, 0.562553)
Body 4559: orig = (0.650108, 0.079779, 0.514487), p = (0.650108, 0.079779, 0.514487)
Body 4560: orig = (0.231251, 0.240502, 1.090176), p = (0.231251, 0.240502, 1.090176)
Body 4561: orig = (0.490214, 0.541275, 0.786533), p = (0.490214, 0.541275, 0.786533)
Body 4562: orig = (0.219679, 0.242528, 0.330744), p = (0.219679, 0.242528, 0.330744)
Body 4563: orig = (0.734334, 1.605400, 0.661445), p = (0.734334, 1.605400, 0.661445)
Body 4564: orig = (0.698020, 0.614985, 0.425107), p = (0.698020, 0.614985, 0.425107)
Body 4565: orig = (1.019435, 0.235558, 0.451325), p = (1.019435, 0.235558, 0.451325)
Body 4566: orig = (0.934874, 0.558309, 0.619599), p = (0.934874, 0.558309, 0.619599)
Body 4567: orig = (-0.058705, 0.520897, 0.398440), p = (-0.058705, 0.520897, 0.398440)
Body 4568: orig = (1.159571, 0.538059, -0.327339), p = (1.159571, 0.538059, -0.327339)
Body 4569: orig = (0.683554, 0.961581, 0.089436), p = (0.683554, 0.961581, 0.089436)
Body 4570: orig = (0.130480, 0.792510, 0.826707), p = (0.130480, 0.792510, 0.826707)
Body 4571: orig = (0.554504, 1.071529, 0.281413), p = (0.554504, 1.071529, 0.281413)
Body 4572: orig = (0.863068, 0.393356, 1.023619), p = (0.863068, 0.393356, 1.023619)
Body 4573: orig = (0.534225, 0.632915, 0.960729), p = (0.534225, 0.632915, 0.960729)
Body 4574: orig = (0.478609, 0.092888, 0.410054), p = (0.478609, 0.092888, 0.410054)
Body 4575: orig = (-0.091194, 0.907851, 0.626905), p = (-0.091194, 0.907851, 0.626905)
Body 4576: orig = (0.434120, 0.657985, 1.217949), p = (0.434120, 0.657985, 1.217949)
Body 4577: orig = (0.535480, -0.086488, 0.876662), p = (0.535480, -0.086488, 0.876662)
Body 4578: orig = (0.784457, -0.121288, 0.441477), p = (0.784457, -0.121288, 0.441477)
Body 4579: orig = (0.688348, 0.650580, -0.332386), p = (0.688348, 0.650580, -0.332386)
Body 4580: orig = (0.654184, 0.876911, 1.014380), p = (0.654184, 0.876911, 1.014380)
Body 4581: orig = (0.128870, 0.462441, 0.013630), p = (0.128870, 0.462441, 0.013630)
Body 4582: orig = (0.307498, -0.115678, 0.691707), p = (0.307498, -0.115678, 0.691707)
Body 4583: orig = (0.628503, 0.188414, -0.030406), p = (0.628503, 0.188414, -0.030406)
Body 4584: orig = (0.812330, 1.068656, 0.412578), p = (0.812330, 1.068656, 0.412578)
Body 4585: orig = (0.358934, 0.390176, 0.167893), p = (0.358934, 0.390176, 0.167893)
Body 4586: orig = (0.560898, 0.705883, 0.803424), p = (0.560898, 0.705883, 0.803424)
Body 4587: orig = (1.392045, 0.694812, 0.706742), p = (1.392045, 0.694812, 0.706742)
Body 4588: orig = (0.821314, 0.916327, 0.386722), p = (0.821314, 0.916327, 0.386722)
Body 4589: orig = (0.529279, 0.007932, 0.302739), p = (0.529279, 0.007932, 0.302739)
Body 4590: orig = (0.551131, 1.062647, 1.004008), p = (0.551131, 1.062647, 1.004008)
Body 4591: orig = (0.430313, 0.996702, -0.011121), p = (0.430313, 0.996702, -0.011121)
Body 4592: orig = (-0.099800, 0.250140, 0.530142), p = (-0.099800, 0.250140, 0.530142)
Body 4593: orig = (1.094222, 0.010580, 0.855909), p = (1.094222, 0.010580, 0.855909)
Body 4594: orig = (0.169940, 0.521643, 0.889887), p = (0.169940, 0.521643, 0.889887)
Body 4595: orig = (0.274455, 0.798808, 0.683597), p = (0.274455, 0.798808, 0.683597)
Body 4596: orig = (0.569382, 0.050203, 0.141395), p = (0.569382, 0.050203, 0.141395)
Body 4597: orig = (0.262989, 0.961045, 0.530732), p = (0.262989, 0.961045, 0.530732)
Body 4598: orig = (0.001042, 1.046735, 0.395771), p = (0.001042, 1.046735, 0.395771)
Body 4599: orig = (0.673622, 0.567612, 1.153067), p = (0.673622, 0.567612, 1.153067)
Body 4600: orig = (-0.230991, 0.370327, 0.348770), p = (-0.230991, 0.370327, 0.348770)
Body 4601: orig = (0.564116, 0.558786, 0.362094), p = (0.564116, 0.558786, 0.362094)
Body 4602: orig = (0.916759, 0.517307, -0.107626), p = (0.916759, 0.517307, -0.107626)
Body 4603: orig = (0.618045, -0.303789, 0.651509), p = (0.618045, -0.303789, 0.651509)
Body 4604: orig = (0.475072, 0.600398, -0.508175), p = (0.475072, 0.600398, -0.508175)
Body 4605: orig = (-0.181027, 0.334438, 0.374390), p = (-0.181027, 0.334438, 0.374390)
Body 4606: orig = (1.185724, 0.237782, 0.694083), p = (1.185724, 0.237782, 0.694083)
Body 4607: orig = (0.361763, 0.389354, 1.243850), p = (0.361763, 0.389354, 1.243850)
Body 4608: orig = (0.572708, 0.691506, 0.787172), p = (0.572708, 0.691506, 0.787172)
Body 4609: orig = (0.469609, 0.143700, -0.096071), p = (0.469609, 0.143700, -0.096071)
Body 4610: orig = (0.496606, 0.325475, 1.025117), p = (0.496606, 0.325475, 1.025117)
Body 4611: orig = (0.010317, 0.778724, 0.754796), p = (0.010317, 0.778724, 0.754796)
Body 4612: orig = (0.455906, -0.001667, 0.798864), p = (0.455906, -0.001667, 0.798864)
Body 4613: orig = (0.353569, -0.310360, 0.817308), p = (0.353569, -0.310360, 0.817308)
Body 4614: orig = (-0.047045, 0.310221, 0.710778), p = (-0.047045, 0.310221, 0.710778)
Body 4615: orig = (-0.103880, 0.651341, 0.969711), p = (-0.103880, 0.651341, 0.969711)
Body 4616: orig = (0.069823, 0.492149, -0.022253), p = (0.069823, 0.492149, -0.022253)
Body 4617: orig = (0.607498, 0.211109, 0.997034), p = (0.607498, 0.211109, 0.997034)
Body 4618: orig = (1.240399, 0.238888, 0.534936), p = (1.240399, 0.238888, 0.534936)
Body 4619: orig = (0.751313, 0.514890, 0.384585), p = (0.751313, 0.514890, 0.384585)
Body 4620: orig = (0.132920, 0.002904, 0.324033), p = (0.132920, 0.002904, 0.324033)
Body 4621: orig = (0.978712, 0.251484, 0.362098), p = (0.978712, 0.251484, 0.362098)
Body 4622: orig = (1.190274, 0.162451, 0.350914), p = (1.190274, 0.162451, 0.350914)
Body 4623: orig = (0.851332, 0.742792, -0.328745), p = (0.851332, 0.742792, -0.328745)
Body 4624: orig = (0.112299, 0.495628, 0.771776), p = (0.112299, 0.495628, 0.771776)
Body 4625: orig = (0.521632, 0.352254, 0.944229), p = (0.521632, 0.352254, 0.944229)
Body 4626: orig = (0.187778, 0.182775, 0.672046), p = (0.187778, 0.182775, 0.672046)
Body 4627: orig = (0.535356, 0.031706, 0.422762), p = (0.535356, 0.031706, 0.422762)
Body 4628: orig = (0.548984, 0.430959, 0.418930), p = (0.548984, 0.430959, 0.418930)
Body 4629: orig = (0.423259, -0.248753, 0.328928), p = (0.423259, -0.248753, 0.328928)
Body 4630: orig = (0.121613, 0.132512, 0.591397), p = (0.121613, 0.132512, 0.591397)
Body 4631: orig = (0.697924, 0.826151, 0.873288), p = (0.697924, 0.826151, 0.873288)
Body 4632: orig = (0.500751, 0.443060, -0.484720), p = (0.500751, 0.443060, -0.484720)
Body 4633: orig = (0.156580, 0.358881, 0.496970), p = (0.156580, 0.358881, 0.496970)
Body 4634: orig = (0.489887, 0.736257, 0.324439), p = (0.489887, 0.736257, 0.324439)
Body 4635: orig = (0.496968, 0.628278, -0.094889), p = (0.496968, 0.628278, -0.094889)
Body 4636: orig = (0.541331, 0.723963, 0.102459), p = (0.541331, 0.723963, 0.102459)
Body 4637: orig = (0.344557, 0.435833, 0.140376), p = (0.344557, 0.435833, 0.140376)
Body 4638: orig = (-0.163820, 0.287868, 0.597969), p = (-0.163820, 0.287868, 0.597969)
Body 4639: orig = (0.881254, 0.575369, 0.107277), p = (0.881254, 0.575369, 0.107277)
Body 4640: orig = (0.683031, 0.217975, -0.289661), p = (0.683031, 0.217975, -0.289661)
Body 4641: orig = (1.038426, 0.806692, 0.504677), p = (1.038426, 0.806692, 0.504677)
Body 4642: orig = (0.832215, 0.088864, 0.952560), p = (0.832215, 0.088864, 0.952560)
Body 4643: orig = (1.160104, 0.667220, 0.232896), p = (1.160104, 0.667220, 0.232896)
Body 4644: orig = (0.087022, 0.909130, 0.250926), p = (0.087022, 0.909130, 0.250926)
Body 4645: orig = (0.454438, -0.012130, 0.922406), p = (0.454438, -0.012130, 0.922406)
Body 4646: orig = (-1.199420, 1.325061, 0.163852), p = (-1.199420, 1.325061, 0.163852)
Body 4647: orig = (0.003220, 0.467527, -0.023961), p = (0.003220, 0.467527, -0.023961)
Body 4648: orig = (1.218370, 0.269718, 0.738140), p = (1.218370, 0.269718, 0.738140)
Body 4649: orig = (0.317287, -0.148192, -0.038068), p = (0.317287, -0.148192, -0.038068)
Body 4650: orig = (0.196617, 0.568367, 0.040250), p = (0.196617, 0.568367, 0.040250)
Body 4651: orig = (0.662523, -0.393434, 0.518629), p = (0.662523, -0.393434, 0.518629)
Body 4652: orig = (1.334954, 0.371104, 0.450123), p = (1.334954, 0.371104, 0.450123)
Body 4653: orig = (0.461024, 0.490229, 0.271785), p = (0.461024, 0.490229, 0.271785)
Body 4654: orig = (0.427810, 0.979333, 0.369713), p = (0.427810, 0.979333, 0.369713)
Body 4655: orig = (0.508416, 0.573713, 0.470213), p = (0.508416, 0.573713, 0.470213)
Body 4656: orig = (0.476346, -0.089453, 0.135118), p = (0.476346, -0.089453, 0.135118)
Body 4657: orig = (0.772519, -0.125256, 0.708444), p = (0.772519, -0.125256, 0.708444)
Body 4658: orig = (0.535386, 0.288175, 0.887371), p = (0.535386, 0.288175, 0.887371)
Body 4659: orig = (-0.283257, 0.405849, 0.703635), p = (-0.283257, 0.405849, 0.703635)
Body 4660: orig = (0.303574, 0.790678, 1.253569), p = (0.303574, 0.790678, 1.253569)
Body 4661: orig = (0.816388, 0.369263, -0.265949), p = (0.816388, 0.369263, -0.265949)
Body 4662: orig = (0.452835, 0.284039, 0.199259), p = (0.452835, 0.284039, 0.199259)
Body 4663: orig = (0.598300, 0.497689, 0.766610), p = (0.598300, 0.497689, 0.766610)
Body 4664: orig = (0.408374, 0.408697, 1.152448), p = (0.408374, 0.408697, 1.152448)
Body 4665: orig = (1.229012, 0.299504, 0.353198), p = (1.229012, 0.299504, 0.353198)
Body 4666: orig = (0.256997, 0.211290, 0.664644), p = (0.256997, 0.211290, 0.664644)
Body 4667: orig = (-0.196556, 0.362152, 0.366109), p = (-0.196556, 0.362152, 0.366109)
Body 4668: orig = (0.717192, 0.379341, 0.562377), p = (0.717192, 0.379341, 0.562377)
Body 4669: orig = (0.606586, 0.545470, 0.890283), p = (0.606586, 0.545470, 0.890283)
Body 4670: orig = (0.321230, -0.054918, 0.371817), p = (0.321230, -0.054918, 0.371817)
Body 4671: orig = (1.259008, 0.390124, 0.482873), p = (1.259008, 0.390124, 0.482873)
Body 4672: orig = (1.284190, 0.757525, 0.643769), p = (1.284190, 0.757525, 0.643769)
Body 4673: orig = (0.678618, 1.171306, 0.524533), p = (0.678618, 1.171306, 0.524533)
Body 4674: orig = (0.450511, 0.529436, 0.431454), p = (0.450511, 0.529436, 0.431454)
Body 4675: orig = (0.704125, 0.098281, 0.296561), p = (0.704125, 0.098281, 0.296561)
Body 4676: orig = (0.694101, -0.227119, 0.402157), p = (0.694101, -0.227119, 0.402157)
Body 4677: orig = (1.183151, 0.475635, 0.278475), p = (1.183151, 0.475635, 0.278475)
Body 4678: orig = (0.098940, 0.826416, 0.516249), p = (0.098940, 0.826416, 0.516249)
Body 4679: orig = (0.563120, 0.076312, 0.414705), p = (0.563120, 0.076312, 0.414705)
Body 4680: orig = (0.288575, 0.423900, 0.147871), p = (0.288575, 0.423900, 0.147871)
Body 4681: orig = (0.783099, 0.507078, 0.496143), p = (0.783099, 0.507078, 0.496143)
Body 4682: orig = (0.201516, 0.862443, 0.304613), p = (0.201516, 0.862443, 0.304613)
Body 4683: orig = (0.129620, 1.110609, 0.614169), p = (0.129620, 1.110609, 0.614169)
Body 4684: orig = (1.080843, 0.299609, 0.421132), p = (1.080843, 0.299609, 0.421132)
Body 4685: orig = (0.785309, 0.804617, 0.641387), p = (0.785309, 0.804617, 0.641387)
Body 4686: orig = (0.162911, 0.857950, 0.745117), p = (0.162911, 0.857950, 0.745117)
Body 4687: orig = (0.036820, 0.034680, 0.433070), p = (0.036820, 0.034680, 0.433070)
Body 4688: orig = (0.873055, 0.875445, 0.131156), p = (0.873055, 0.875445, 0.131156)
Body 4689: orig = (-0.324228, 0.521138, 0.731676), p = (-0.324228, 0.521138, 0.731676)
Body 4690: orig = (0.092630, 0.701521, 0.505236), p = (0.092630, 0.701521, 0.505236)
Body 4691: orig = (0.772998, 0.113707, 0.418714), p = (0.772998, 0.113707, 0.418714)
Body 4692: orig = (0.149093, 1.011625, 0.872374), p = (0.149093, 1.011625, 0.872374)
Body 4693: orig = (0.664867, 0.505218, 1.452465), p = (0.664867, 0.505218, 1.452465)
Body 4694: orig = (0.114591, 0.797344, 0.211547), p = (0.114591, 0.797344, 0.211547)
Body 4695: orig = (1.021088, 0.196947, 0.736484), p = (1.021088, 0.196947, 0.736484)
Body 4696: orig = (0.531329, 0.559113, 0.673293), p = (0.531329, 0.559113, 0.673293)
Body 4697: orig = (0.615452, 0.745081, -0.426773), p = (0.615452, 0.745081, -0.426773)
Body 4698: orig = (0.307504, 0.498083, 0.955037), p = (0.307504, 0.498083, 0.955037)
Body 4699: orig = (0.375164, 0.771540, -0.119733), p = (0.375164, 0.771540, -0.119733)
Body 4700: orig = (-0.013465, 0.533633, 0.419663), p = (-0.013465, 0.533633, 0.419663)
Body 4701: orig = (0.582715, 0.753513, 1.121175), p = (0.582715, 0.753513, 1.121175)
Body 4702: orig = (0.792094, 0.141458, 0.595629), p = (0.792094, 0.141458, 0.595629)
Body 4703: orig = (-0.079147, 0.729570, 0.507332), p = (-0.079147, 0.729570, 0.507332)
Body 4704: orig = (0.466531, 0.463976, 0.451224), p = (0.466531, 0.463976, 0.451224)
Body 4705: orig = (1.211304, 0.888073, 0.719850), p = (1.211304, 0.888073, 0.719850)
Body 4706: orig = (0.288711, 0.561248, 0.042180), p = (0.288711, 0.561248, 0.042180)
Body 4707: orig = (-0.077946, 0.423997, 0.269782), p = (-0.077946, 0.423997, 0.269782)
Body 4708: orig = (0.763320, 1.083970, 0.490744), p = (0.763320, 1.083970, 0.490744)
Body 4709: orig = (1.176011, 0.296297, 0.392282), p = (1.176011, 0.296297, 0.392282)
Body 4710: orig = (0.430837, 0.252300, 0.926598), p = (0.430837, 0.252300, 0.926598)
Body 4711: orig = (1.523534, 0.573867, 0.624963), p = (1.523534, 0.573867, 0.624963)
Body 4712: orig = (0.532817, 1.088832, 0.914186), p = (0.532817, 1.088832, 0.914186)
Body 4713: orig = (0.373145, 0.925921, 1.121109), p = (0.373145, 0.925921, 1.121109)
Body 4714: orig = (-0.004404, 0.747470, 0.543833), p = (-0.004404, 0.747470, 0.543833)
Body 4715: orig = (0.609179, -0.338030, 0.573757), p = (0.609179, -0.338030, 0.573757)
Body 4716: orig = (0.309980, -0.273310, 0.490299), p = (0.309980, -0.273310, 0.490299)
Body 4717: orig = (0.330048, 0.916017, -0.602168), p = (0.330048, 0.916017, -0.602168)
Body 4718: orig = (-0.204176, 0.763095, 0.508824), p = (-0.204176, 0.763095, 0.508824)
Body 4719: orig = (0.785871, 0.484163, 0.537958), p = (0.785871, 0.484163, 0.537958)
Body 4720: orig = (-0.227020, 0.570897, 0.473505), p = (-0.227020, 0.570897, 0.473505)
Body 4721: orig = (0.287140, 0.322778, 0.679437), p = (0.287140, 0.322778, 0.679437)
Body 4722: orig = (0.796083, 0.525676, 1.162299), p = (0.796083, 0.525676, 1.162299)
Body 4723: orig = (0.877316, -0.149361, 0.285693), p = (0.877316, -0.149361, 0.285693)
Body 4724: orig = (-0.009749, -0.055760, 0.431526), p = (-0.009749, -0.055760, 0.431526)
Body 4725: orig = (0.571197, -0.088348, 0.488429), p = (0.571197, -0.088348, 0.488429)
Body 4726: orig = (1.284957, 0.345156, 0.416239), p = (1.284957, 0.345156, 0.416239)
Body 4727: orig = (0.141425, 0.252591, 0.336593), p = (0.141425, 0.252591, 0.336593)
Body 4728: orig = (0.787570, 0.235907, 0.942618), p = (0.787570, 0.235907, 0.942618)
Body 4729: orig = (0.618413, 1.040787, 0.437963), p = (0.618413, 1.040787, 0.437963)
Body 4730: orig = (0.287182, 0.273597, 0.829930), p = (0.287182, 0.273597, 0.829930)
Body 4731: orig = (0.897691, 0.401000, 0.871854), p = (0.897691, 0.401000, 0.871854)
Body 4732: orig = (0.766183, 0.492841, 1.255704), p = (0.766183, 0.492841, 1.255704)
Body 4733: orig = (0.450823, 0.903677, 0.450591), p = (0.450823, 0.903677, 0.450591)
Body 4734: orig = (-0.094478, 0.802057, 0.497113), p = (-0.094478, 0.802057, 0.497113)
Body 4735: orig = (-0.363079, 0.498456, 0.453708), p = (-0.363079, 0.498456, 0.453708)
Body 4736: orig = (0.519032, 0.038492, 0.738785), p = (0.519032, 0.038492, 0.738785)
Body 4737: orig = (0.790076, 0.002866, 0.329205), p = (0.790076, 0.002866, 0.329205)
Body 4738: orig = (0.384296, 0.670147, 1.285106), p = (0.384296, 0.670147, 1.285106)
Body 4739: orig = (0.226517, 0.822107, 0.384019), p = (0.226517, 0.822107, 0.384019)
Body 4740: orig = (0.761811, 1.191320, 0.456400), p = (0.761811, 1.191320, 0.456400)
Body 4741: orig = (0.034748, 0.847645, 0.400199), p = (0.034748, 0.847645, 0.400199)
Body 4742: orig = (0.093004, 1.394695, 1.175434), p = (0.093004, 1.394695, 1.175434)
Body 4743: orig = (0.524960, 0.634615, 0.027838), p = (0.524960, 0.634615, 0.027838)
Body 4744: orig = (0.771190, 0.285091, 0.476794), p = (0.771190, 0.285091, 0.476794)
Body 4745: orig = (1.284153, 0.659431, 0.737384), p = (1.284153, 0.659431, 0.737384)
Body 4746: orig = (0.327241, 1.016805, 0.727335), p = (0.327241, 1.016805, 0.727335)
Body 4747: orig = (0.759997, 0.417168, 0.726924), p = (0.759997, 0.417168, 0.726924)
Body 4748: orig = (0.699853, -0.230392, 0.436877), p = (0.699853, -0.230392, 0.436877)
Body 4749: orig = (0.535540, 0.572984, 0.504626), p = (0.535540, 0.572984, 0.504626)
Body 4750: orig = (0.365031, 0.842144, 1.360699), p = (0.365031, 0.842144, 1.360699)
Body 4751: orig = (0.093466, 0.845165, 0.626203), p = (0.093466, 0.845165, 0.626203)
Body 4752: orig = (1.129472, 0.848905, 0.268378), p = (1.129472, 0.848905, 0.268378)
Body 4753: orig = (0.376568, 0.959692, 0.065870), p = (0.376568, 0.959692, 0.065870)
Body 4754: orig = (0.131537, 0.037694, 0.571952), p = (0.131537, 0.037694, 0.571952)
Body 4755: orig = (0.550420, 0.572530, 1.282947), p = (0.550420, 0.572530, 1.282947)
Body 4756: orig = (-0.229796, 0.199020, 0.550467), p = (-0.229796, 0.199020, 0.550467)
Body 4757: orig = (0.095069, 0.439652, 0.868828), p = (0.095069, 0.439652, 0.868828)
Body 4758: orig = (0.782186, 0.220379, -0.144914), p = (0.782186, 0.220379, -0.144914)
Body 4759: orig = (0.453167, 0.559977, 0.479905), p = (0.453167, 0.559977, 0.479905)
Body 4760: orig = (0.617717, 0.453817, -0.285407), p = (0.617717, 0.453817, -0.285407)
Body 4761: orig = (0.358084, 0.660957, 0.287310), p = (0.358084, 0.660957, 0.287310)
Body 4762: orig = (-0.077918, 0.863114, 0.443780), p = (-0.077918, 0.863114, 0.443780)
Body 4763: orig = (0.442936, 1.065035, 0.521887), p = (0.442936, 1.065035, 0.521887)
Body 4764: orig = (1.374240, 0.369258, 0.479777), p = (1.374240, 0.369258, 0.479777)
Body 4765: orig = (0.055094, 0.704669, 0.322065), p = (0.055094, 0.704669, 0.322065)
Body 4766: orig = (0.338750, 1.121987, 0.823685), p = (0.338750, 1.121987, 0.823685)
Body 4767: orig = (0.869704, 0.057799, 0.621786), p = (0.869704, 0.057799, 0.621786)
Body 4768: orig = (0.237816, 0.558231, 0.222467), p = (0.237816, 0.558231, 0.222467)
Body 4769: orig = (0.325752, 0.631925, 0.842675), p = (0.325752, 0.631925, 0.842675)
Body 4770: orig = (0.715992, 0.892895, 1.027219), p = (0.715992, 0.892895, 1.027219)
Body 4771: orig = (0.299279, 0.322918, 0.954346), p = (0.299279, 0.322918, 0.954346)
Body 4772: orig = (0.855670, 0.247045, 0.730097), p = (0.855670, 0.247045, 0.730097)
Body 4773: orig = (0.697083, 0.314197, 0.483234), p = (0.697083, 0.314197, 0.483234)
Body 4774: orig = (0.407095, 0.577904, 1.337304), p = (0.407095, 0.577904, 1.337304)
Body 4775: orig = (-0.286934, 0.394206, 1.443279), p = (-0.286934, 0.394206, 1.443279)
Body 4776: orig = (0.481878, 0.072708, 0.507598), p = (0.481878, 0.072708, 0.507598)
Body 4777: orig = (0.081317, 0.700172, 0.427927), p = (0.081317, 0.700172, 0.427927)
Body 4778: orig = (0.334581, 0.752834, 0.157924), p = (0.334581, 0.752834, 0.157924)
Body 4779: orig = (1.090060, 0.169947, -0.186997), p = (1.090060, 0.169947, -0.186997)
Body 4780: orig = (0.387839, 0.598309, 1.740128), p = (0.387839, 0.598309, 1.740128)
Body 4781: orig = (0.342201, 0.504257, 0.639555), p = (0.342201, 0.504257, 0.639555)
Body 4782: orig = (0.649055, 0.045744, 0.808093), p = (0.649055, 0.045744, 0.808093)
Body 4783: orig = (0.330404, 1.301720, 0.462245), p = (0.330404, 1.301720, 0.462245)
Body 4784: orig = (-0.280740, 0.326100, 0.742315), p = (-0.280740, 0.326100, 0.742315)
Body 4785: orig = (-0.403324, 0.520079, 0.585550), p = (-0.403324, 0.520079, 0.585550)
Body 4786: orig = (0.604248, 0.715551, 0.476158), p = (0.604248, 0.715551, 0.476158)
Body 4787: orig = (-1.442760, 0.887241, -0.362102), p = (-1.442760, 0.887241, -0.362102)
Body 4788: orig = (0.239108, 0.467955, 0.672722), p = (0.239108, 0.467955, 0.672722)
Body 4789: orig = (-0.348768, 0.656734, 0.722847), p = (-0.348768, 0.656734, 0.722847)
Body 4790: orig = (0.559273, 0.747445, 0.072469), p = (0.559273, 0.747445, 0.072469)
Body 4791: orig = (0.753826, 1.001387, 1.705927), p = (0.753826, 1.001387, 1.705927)
Body 4792: orig = (0.686827, 0.726942, 0.698495), p = (0.686827, 0.726942, 0.698495)
Body 4793: orig = (0.515004, 1.029667, -0.083142), p = (0.515004, 1.029667, -0.083142)
Body 4794: orig = (0.540108, 1.023770, 0.557989), p = (0.540108, 1.023770, 0.557989)
Body 4795: orig = (0.228815, 0.309960, 0.781267), p = (0.228815, 0.309960, 0.781267)
Body 4796: orig = (0.494806, 0.835829, 0.674575), p = (0.494806, 0.835829, 0.674575)
Body 4797: orig = (0.383030, 0.558022, 1.099369), p = (0.383030, 0.558022, 1.099369)
Body 4798: orig = (0.552340, 0.440109, 0.804211), p = (0.552340, 0.440109, 0.804211)
Body 4799: orig = (0.534720, 1.016386, 0.842437), p = (0.534720, 1.016386, 0.842437)
Body 4800: orig = (0.475567, 0.534304, 0.051533), p = (0.475567, 0.534304, 0.051533)
Body 4801: orig = (0.221600, 0.854819, 1.002318), p = (0.221600, 0.854819, 1.002318)
Body 4802: orig = (1.086430, 0.515997, 0.909487), p = (1.086430, 0.515997, 0.909487)
Body 4803: orig = (0.797775, 0.909619, 0.817907), p = (0.797775, 0.909619, 0.817907)
Body 4804: orig = (1.087209, 0.314658, 0.808375), p = (1.087209, 0.314658, 0.808375)
Body 4805: orig = (1.392346, 0.294992, 0.439688), p = (1.392346, 0.294992, 0.439688)
Body 4806: orig = (-0.041812, 0.910826, -0.135824), p = (-0.041812, 0.910826, -0.135824)
Body 4807: orig = (0.934666, 0.211208, 0.043273), p = (0.934666, 0.211208, 0.043273)
Body 4808: orig = (0.854760, 0.036578, 0.267676), p = (0.854760, 0.036578, 0.267676)
Body 4809: orig = (0.181690, 0.515448, 0.417566), p = (0.181690, 0.515448, 0.417566)
Body 4810: orig = (0.783114, 1.193186, 0.523857), p = (0.783114, 1.193186, 0.523857)
Body 4811: orig = (2.897570, 0.926590, -1.437167), p = (2.897570, 0.926590, -1.437167)
Body 4812: orig = (0.532094, 0.756678, 0.130841), p = (0.532094, 0.756678, 0.130841)
Body 4813: orig = (0.084668, 0.467270, -0.128821), p = (0.084668, 0.467270, -0.128821)
Body 4814: orig = (1.002039, 0.447349, 0.108100), p = (1.002039, 0.447349, 0.108100)
Body 4815: orig = (0.282835, 0.543966, 1.005203), p = (0.282835, 0.543966, 1.005203)
Body 4816: orig = (0.457381, 0.798717, 0.257746), p = (0.457381, 0.798717, 0.257746)
Body 4817: orig = (0.208578, 0.307661, -0.120909), p = (0.208578, 0.307661, -0.120909)
Body 4818: orig = (-14.344854, -23.214644, 12.140294), p = (-14.344854, -23.214644, 12.140294)
Body 4819: orig = (0.303863, -0.115075, 0.267871), p = (0.303863, -0.115075, 0.267871)
Body 4820: orig = (0.325206, 0.458548, -0.234082), p = (0.325206, 0.458548, -0.234082)
Body 4821: orig = (0.131386, 0.578305, 0.895685), p = (0.131386, 0.578305, 0.895685)
Body 4822: orig = (0.663358, 0.312080, 0.514177), p = (0.663358, 0.312080, 0.514177)
Body 4823: orig = (0.056605, 0.417344, 0.297603), p = (0.056605, 0.417344, 0.297603)
Body 4824: orig = (0.963415, 0.688910, 0.691835), p = (0.963415, 0.688910, 0.691835)
Body 4825: orig = (1.047066, 0.443439, 0.938496), p = (1.047066, 0.443439, 0.938496)
Body 4826: orig = (0.341815, 0.967792, 0.872203), p = (0.341815, 0.967792, 0.872203)
Body 4827: orig = (0.033742, 0.540814, 0.717128), p = (0.033742, 0.540814, 0.717128)
Body 4828: orig = (0.232796, 0.389625, -0.059362), p = (0.232796, 0.389625, -0.059362)
Body 4829: orig = (0.361514, 1.105344, 0.828315), p = (0.361514, 1.105344, 0.828315)
Body 4830: orig = (0.994256, 1.459962, 0.064418), p = (0.994256, 1.459962, 0.064418)
Body 4831: orig = (0.506180, 0.578723, 0.903935), p = (0.506180, 0.578723, 0.903935)
Body 4832: orig = (0.286170, 0.232597, 0.600060), p = (0.286170, 0.232597, 0.600060)
Body 4833: orig = (0.141265, 0.497834, 1.027908), p = (0.141265, 0.497834, 1.027908)
Body 4834: orig = (1.166182, 0.817963, 0.339237), p = (1.166182, 0.817963, 0.339237)
Body 4835: orig = (0.184183, -0.496824, 0.392340), p = (0.184183, -0.496824, 0.392340)
Body 4836: orig = (0.441597, 0.952945, -0.039692), p = (0.441597, 0.952945, -0.039692)
Body 4837: orig = (0.324826, 0.991116, 0.875125), p = (0.324826, 0.991116, 0.875125)
Body 4838: orig = (1.044299, 1.034381, 0.446781), p = (1.044299, 1.034381, 0.446781)
Body 4839: orig = (-0.013540, 1.193444, -0.195558), p = (-0.013540, 1.193444, -0.195558)
Body 4840: orig = (0.428534, 1.147950, 0.855833), p = (0.428534, 1.147950, 0.855833)
Body 4841: orig = (0.869197, 0.799140, 0.112331), p = (0.869197, 0.799140, 0.112331)
Body 4842: orig = (-0.426121, 0.971234, 0.817243), p = (-0.426121, 0.971234, 0.817243)
Body 4843: orig = (1.323338, 0.334770, 0.170025), p = (1.323338, 0.334770, 0.170025)
Body 4844: orig = (0.498588, -0.138743, 0.154448), p = (0.498588, -0.138743, 0.154448)
Body 4845: orig = (0.469174, 1.075081, 0.247146), p = (0.469174, 1.075081, 0.247146)
Body 4846: orig = (0.815804, 1.342706, 0.205455), p = (0.815804, 1.342706, 0.205455)
Body 4847: orig = (0.837775, 0.483695, 0.554100), p = (0.837775, 0.483695, 0.554100)
Body 4848: orig = (0.883990, 0.810710, 0.696374), p = (0.883990, 0.810710, 0.696374)
Body 4849: orig = (0.465219, 0.488448, 0.922770), p = (0.465219, 0.488448, 0.922770)
Body 4850: orig = (-0.069434, 0.533174, 0.503834), p = (-0.069434, 0.533174, 0.503834)
Body 4851: orig = (0.580634, 0.606826, 1.338016), p = (0.580634, 0.606826, 1.338016)
Body 4852: orig = (-0.233563, 0.188277, 0.250946), p = (-0.233563, 0.188277, 0.250946)
Body 4853: orig = (0.484654, 1.035743, 0.449370), p = (0.484654, 1.035743, 0.449370)
Body 4854: orig = (0.233743, 0.527010, 1.048232), p = (0.233743, 0.527010, 1.048232)
Body 4855: orig = (0.739750, 0.422740, 0.500830), p = (0.739750, 0.422740, 0.500830)
Body 4856: orig = (0.730919, -0.042562, 0.387151), p = (0.730919, -0.042562, 0.387151)
Body 4857: orig = (0.312844, 0.897245, 0.277493), p = (0.312844, 0.897245, 0.277493)
Body 4858: orig = (1.261003, 0.668842, 0.507061), p = (1.261003, 0.668842, 0.507061)
Body 4859: orig = (0.524508, -0.138332, 0.751012), p = (0.524508, -0.138332, 0.751012)
Body 4860: orig = (0.107650, -0.234545, 0.613432), p = (0.107650, -0.234545, 0.613432)
Body 4861: orig = (0.908308, 0.344851, 0.709812), p = (0.908308, 0.344851, 0.709812)
Body 4862: orig = (0.256886, 1.225318, 0.765524), p = (0.256886, 1.225318, 0.765524)
Body 4863: orig = (0.444267, 0.572207, 0.400119), p = (0.444267, 0.572207, 0.400119)
Body 4864: orig = (0.145107, 0.343884, -0.252503), p = (0.145107, 0.343884, -0.252503)
Body 4865: orig = (-0.317199, 0.744424, 0.304690), p = (-0.317199, 0.744424, 0.304690)
Body 4866: orig = (0.164357, 0.441260, 0.734062), p = (0.164357, 0.441260, 0.734062)
Body 4867: orig = (0.582549, 0.335391, -0.638865), p = (0.582549, 0.335391, -0.638865)
Body 4868: orig = (0.569429, 0.537061, 0.381734), p = (0.569429, 0.537061, 0.381734)
Body 4869: orig = (0.150209, 0.354184, 0.929722), p = (0.150209, 0.354184, 0.929722)
Body 4870: orig = (-0.016372, 0.920409, 0.451274), p = (-0.016372, 0.920409, 0.451274)
Body 4871: orig = (0.653983, 0.188938, 0.655874), p = (0.653983, 0.188938, 0.655874)
Body 4872: orig = (0.430744, 0.436469, -0.170340), p = (0.430744, 0.436469, -0.170340)
Body 4873: orig = (0.059931, -0.007059, 0.593791), p = (0.059931, -0.007059, 0.593791)
Body 4874: orig = (0.703176, 0.623234, 0.848738), p = (0.703176, 0.623234, 0.848738)
Body 4875: orig = (0.305039, 0.378086, 1.165588), p = (0.305039, 0.378086, 1.165588)
Body 4876: orig = (0.473842, -0.014491, 1.013605), p = (0.473842, -0.014491, 1.013605)
Body 4877: orig = (0.635068, 0.143228, 0.781084), p = (0.635068, 0.143228, 0.781084)
Body 4878: orig = (0.383501, 0.572251, 1.092632), p = (0.383501, 0.572251, 1.092632)
Body 4879: orig = (0.599776, 1.036537, 0.937759), p = (0.599776, 1.036537, 0.937759)
Body 4880: orig = (1.128647, 0.279690, 0.519376), p = (1.128647, 0.279690, 0.519376)
Body 4881: orig = (0.803226, 0.853326, 0.051875), p = (0.803226, 0.853326, 0.051875)
Body 4882: orig = (0.929151, 0.601036, -0.064444), p = (0.929151, 0.601036, -0.064444)
Body 4883: orig = (0.414814, 0.436620, -0.519476), p = (0.414814, 0.436620, -0.519476)
Body 4884: orig = (0.587366, 0.874670, 0.476896), p = (0.587366, 0.874670, 0.476896)
Body 4885: orig = (0.566103, -0.082572, 0.836900), p = (0.566103, -0.082572, 0.836900)
Body 4886: orig = (0.143285, 0.826685, -0.135212), p = (0.143285, 0.826685, -0.135212)
Body 4887: orig = (0.799561, 0.386738, 0.110301), p = (0.799561, 0.386738, 0.110301)
Body 4888: orig = (0.557438, 0.753580, -0.365766), p = (0.557438, 0.753580, -0.365766)
Body 4889: orig = (0.769947, 0.306988, 0.345860), p = (0.769947, 0.306988, 0.345860)
Body 4890: orig = (0.009458, 0.520953, 1.146037), p = (0.009458, 0.520953, 1.146037)
Body 4891: orig = (0.774013, 1.077876, 0.502190), p = (0.774013, 1.077876, 0.502190)
Body 4892: orig = (0.394731, 0.707546, 0.998445), p = (0.394731, 0.707546, 0.998445)
Body 4893: orig = (0.070350, 0.582571, 0.619819), p = (0.070350, 0.582571, 0.619819)
Body 4894: orig = (0.202990, 0.180692, 0.416964), p = (0.202990, 0.180692, 0.416964)
Body 4895: orig = (0.876433, -0.308923, 0.416235), p = (0.876433, -0.308923, 0.416235)
Body 4896: orig = (1.012283, 0.076987, 0.653145), p = (1.012283, 0.076987, 0.653145)
Body 4897: orig = (1.131397, 0.133931, 0.512549), p = (1.131397, 0.133931, 0.512549)
Body 4898: orig = (0.423388, -0.524584, 0.139530), p = (0.423388, -0.524584, 0.139530)
Body 4899: orig = (0.292446, 0.500086, -0.024825), p = (0.292446, 0.500086, -0.024825)
Body 4900: orig = (1.125872, 0.188157, 0.190102), p = (1.125872, 0.188157, 0.190102)
Body 4901: orig = (0.367167, 0.850995, 0.600680), p = (0.367167, 0.850995, 0.600680)
Body 4902: orig = (0.426673, 1.445809, 0.929225), p = (0.426673, 1.445809, 0.929225)
Body 4903: orig = (0.305701, 0.696040, 0.237935), p = (0.305701, 0.696040, 0.237935)
Body 4904: orig = (0.519888, 0.581326, 1.046193), p = (0.519888, 0.581326, 1.046193)
Body 4905: orig = (10.300320, -10.032337, 33.723985), p = (10.300320, -10.032337, 33.723985)
Body 4906: orig = (1.178767, 0.504337, 0.306037), p = (1.178767, 0.504337, 0.306037)
Body 4907: orig = (-0.130098, 0.962694, 0.470618), p = (-0.130098, 0.962694, 0.470618)
Body 4908: orig = (1.017891, 0.574250, 1.027663), p = (1.017891, 0.574250, 1.027663)
Body 4909: orig = (1.015822, 0.775964, 0.011448), p = (1.015822, 0.775964, 0.011448)
Body 4910: orig = (1.009629, 0.187925, 0.285229), p = (1.009629, 0.187925, 0.285229)
Body 4911: orig = (0.422112, 0.633070, 0.938693), p = (0.422112, 0.633070, 0.938693)
Body 4912: orig = (-0.149190, 0.563879, 0.751222), p = (-0.149190, 0.563879, 0.751222)
Body 4913: orig = (1.332683, 0.744457, 0.556110), p = (1.332683, 0.744457, 0.556110)
Body 4914: orig = (0.119792, 0.385932, 0.296041), p = (0.119792, 0.385932, 0.296041)
Body 4915: orig = (0.373581, 0.605394, 0.950148), p = (0.373581, 0.605394, 0.950148)
Body 4916: orig = (3.132265, -0.650520, -0.697084), p = (3.132265, -0.650520, -0.697084)
Body 4917: orig = (0.749496, 0.163132, -0.044419), p = (0.749496, 0.163132, -0.044419)
Body 4918: orig = (0.352309, -0.112771, 0.699034), p = (0.352309, -0.112771, 0.699034)
Body 4919: orig = (-0.347092, -0.431929, -0.237619), p = (-0.347092, -0.431929, -0.237619)
Body 4920: orig = (-2.490206, 0.801556, 2.859618), p = (-2.490206, 0.801556, 2.859618)
Body 4921: orig = (0.894151, 0.715411, 0.368504), p = (0.894151, 0.715411, 0.368504)
Body 4922: orig = (0.345012, 0.856423, 0.242120), p = (0.345012, 0.856423, 0.242120)
Body 4923: orig = (0.565275, 1.083410, 0.549902), p = (0.565275, 1.083410, 0.549902)
Body 4924: orig = (0.003004, 0.146076, 0.413019), p = (0.003004, 0.146076, 0.413019)
Body 4925: orig = (0.625663, -0.275503, 0.592702), p = (0.625663, -0.275503, 0.592702)
Body 4926: orig = (0.623554, 0.804921, 0.537233), p = (0.623554, 0.804921, 0.537233)
Body 4927: orig = (0.442413, -0.280488, 0.455433), p = (0.442413, -0.280488, 0.455433)
Body 4928: orig = (0.426537, 0.335947, 1.229399), p = (0.426537, 0.335947, 1.229399)
Body 4929: orig = (0.794604, 0.573121, 0.663817), p = (0.794604, 0.573121, 0.663817)
Body 4930: orig = (0.203422, 0.086996, 0.588357), p = (0.203422, 0.086996, 0.588357)
Body 4931: orig = (-0.008081, 0.672916, 0.431165), p = (-0.008081, 0.672916, 0.431165)
Body 4932: orig = (-0.354333, 0.256938, 0.592417), p = (-0.354333, 0.256938, 0.592417)
Body 4933: orig = (0.615451, 0.630328, 0.764749), p = (0.615451, 0.630328, 0.764749)
Body 4934: orig = (-0.167927, 0.438729, 0.494922), p = (-0.167927, 0.438729, 0.494922)
Body 4935: orig = (1.281804, 0.370566, 0.021807), p = (1.281804, 0.370566, 0.021807)
Body 4936: orig = (0.761945, 0.487015, -0.156209), p = (0.761945, 0.487015, -0.156209)
Body 4937: orig = (0.398423, 0.701436, -0.011366), p = (0.398423, 0.701436, -0.011366)
Body 4938: orig = (-0.193658, 0.571965, 0.585194), p = (-0.193658, 0.571965, 0.585194)
Body 4939: orig = (0.347017, 0.292395, 1.231445), p = (0.347017, 0.292395, 1.231445)
Body 4940: orig = (-0.151842, -0.601072, 0.925964), p = (-0.151842, -0.601072, 0.925964)
Body 4941: orig = (0.413811, 1.064348, 0.635515), p = (0.413811, 1.064348, 0.635515)
Body 4942: orig = (1.170742, 0.423429, 0.335664), p = (1.170742, 0.423429, 0.335664)
Body 4943: orig = (0.010806, 0.699206, 0.114815), p = (0.010806, 0.699206, 0.114815)
Body 4944: orig = (1.444067, 0.418830, 0.169498), p = (1.444067, 0.418830, 0.169498)
Body 4945: orig = (1.221764, 0.989586, 0.911312), p = (1.221764, 0.989586, 0.911312)
Body 4946: orig = (0.798689, 0.846624, 0.804351), p = (0.798689, 0.846624, 0.804351)
Body 4947: orig = (0.565945, 0.526875, 0.377882), p = (0.565945, 0.526875, 0.377882)
Body 4948: orig = (0.043368, 0.904126, 0.458891), p = (0.043368, 0.904126, 0.458891)
Body 4949: orig = (-0.008120, 0.101099, 0.454461), p = (-0.008120, 0.101099, 0.454461)
Body 4950: orig = (0.536999, 0.625461, 0.427806), p = (0.536999, 0.625461, 0.427806)
Body 4951: orig = (0.473561, 0.692867, 1.168147), p = (0.473561, 0.692867, 1.168147)
Body 4952: orig = (0.483622, 1.470087, 0.503345), p = (0.483622, 1.470087, 0.503345)
Body 4953: orig = (0.403028, 0.361820, 0.440660), p = (0.403028, 0.361820, 0.440660)
Body 4954: orig = (0.311583, 0.317383, 0.310960), p = (0.311583, 0.317383, 0.310960)
Body 4955: orig = (0.573464, 0.166772, -0.055743), p = (0.573464, 0.166772, -0.055743)
Body 4956: orig = (0.776578, 0.654170, 0.321495), p = (0.776578, 0.654170, 0.321495)
Body 4957: orig = (0.789946, 0.429623, 0.741407), p = (0.789946, 0.429623, 0.741407)
Body 4958: orig = (0.246870, 0.689334, 0.339467), p = (0.246870, 0.689334, 0.339467)
Body 4959: orig = (0.080140, 1.206347, 0.253454), p = (0.080140, 1.206347, 0.253454)
Body 4960: orig = (0.161369, 0.002485, 0.395923), p = (0.161369, 0.002485, 0.395923)
Body 4961: orig = (0.072965, 0.858918, 0.271642), p = (0.072965, 0.858918, 0.271642)
Body 4962: orig = (0.703607, 1.286307, 0.490147), p = (0.703607, 1.286307, 0.490147)
Body 4963: orig = (0.531086, 0.541221, 0.814734), p = (0.531086, 0.541221, 0.814734)
Body 4964: orig = (0.469563, 0.538677, 0.394901), p = (0.469563, 0.538677, 0.394901)
Body 4965: orig = (0.388386, -0.182843, 0.460588), p = (0.388386, -0.182843, 0.460588)
Body 4966: orig = (0.192668, 0.000179, 0.783271), p = (0.192668, 0.000179, 0.783271)
Body 4967: orig = (1.036394, 0.952789, 0.461471), p = (1.036394, 0.952789, 0.461471)
Body 4968: orig = (0.662469, 0.248720, 0.667346), p = (0.662469, 0.248720, 0.667346)
Body 4969: orig = (1.395200, 0.528497, 0.548564), p = (1.395200, 0.528497, 0.548564)
Body 4970: orig = (0.589197, 0.793178, 0.449926), p = (0.589197, 0.793178, 0.449926)
Body 4971: orig = (0.701445, 0.146841, 0.670155), p = (0.701445, 0.146841, 0.670155)
Body 4972: orig = (0.361863, 0.225436, 0.701929), p = (0.361863, 0.225436, 0.701929)
Body 4973: orig = (1.265258, 0.489623, 1.353772), p = (1.265258, 0.489623, 1.353772)
Body 4974: orig = (-0.290133, 0.218159, 0.580113), p = (-0.290133, 0.218159, 0.580113)
Body 4975: orig = (1.029315, 0.445600, 0.736614), p = (1.029315, 0.445600, 0.736614)
Body 4976: orig = (0.820746, 0.893288, 0.041705), p = (0.820746, 0.893288, 0.041705)
Body 4977: orig = (0.578999, 0.436570, -0.236625), p = (0.578999, 0.436570, -0.236625)
Body 4978: orig = (0.305369, 0.831079, 0.398313), p = (0.305369, 0.831079, 0.398313)
Body 4979: orig = (0.460550, 1.341320, 0.593573), p = (0.460550, 1.341320, 0.593573)
Body 4980: orig = (-0.138938, 0.797571, 0.605699), p = (-0.138938, 0.797571, 0.605699)
Body 4981: orig = (0.626689, 1.254109, 0.472626), p = (0.626689, 1.254109, 0.472626)
Body 4982: orig = (0.477724, -0.097497, -0.046643), p = (0.477724, -0.097497, -0.046643)
Body 4983: orig = (-0.260873, 0.299369, 0.473414), p = (-0.260873, 0.299369, 0.473414)
Body 4984: orig = (0.679519, 1.160852, 0.540211), p = (0.679519, 1.160852, 0.540211)
Body 4985: orig = (-0.061177, 0.707591, 0.555952), p = (-0.061177, 0.707591, 0.555952)
Body 4986: orig = (1.316997, 0.868863, 0.379577), p = (1.316997, 0.868863, 0.379577)
Body 4987: orig = (0.418734, 0.909188, 0.816783), p = (0.418734, 0.909188, 0.816783)
Body 4988: orig = (0.808904, 0.879172, 0.635954), p = (0.808904, 0.879172, 0.635954)
Body 4989: orig = (0.903966, 0.585543, 1.110946), p = (0.903966, 0.585543, 1.110946)
Body 4990: orig = (0.199463, 1.355096, -0.774188), p = (0.199463, 1.355096, -0.774188)
Body 4991: orig = (0.348577, 0.622255, 1.085232), p = (0.348577, 0.622255, 1.085232)
Body 4992: orig = (0.500235, 0.179432, 0.250371), p = (0.500235, 0.179432, 0.250371)
Body 4993: orig = (0.103174, 0.166459, 1.027470), p = (0.103174, 0.166459, 1.027470)
Body 4994: orig = (-0.121688, 0.927465, 0.494973), p = (-0.121688, 0.927465, 0.494973)
Body 4995: orig = (0.467710, 0.607092, 0.953240), p = (0.467710, 0.607092, 0.953240)
Body 4996: orig = (-0.180893, 0.335669, 0.694313), p = (-0.180893, 0.335669, 0.694313)
Body 4997: orig = (0.532733, 0.681530, -0.408241), p = (0.532733, 0.681530, -0.408241)
Body 4998: orig = (-0.006949, 0.428306, 0.634867), p = (-0.006949, 0.428306, 0.634867)
Body 4999: orig = (-0.112769, 0.232652, 0.358321), p = (-0.112769, 0.232652, 0.358321)
Body 5000: orig = (0.003961, 0.313466, 0.423957), p = (0.003961, 0.313466, 0.423957)
Body 5001: orig = (-0.000980, 0.640089, 0.452415), p = (-0.000980, 0.640089, 0.452415)
Body 5002: orig = (0.528898, 0.519572, 1.253739), p = (0.528898, 0.519572, 1.253739)
Body 5003: orig = (16.397857, 27.171909, -12.023776), p = (16.397857, 27.171909, -12.023776)
Body 5004: orig = (0.703519, 0.255310, 0.508656), p = (0.703519, 0.255310, 0.508656)
Body 5005: orig = (0.264722, 0.678092, 0.456022), p = (0.264722, 0.678092, 0.456022)
Body 5006: orig = (1.564681, 0.437762, 0.583587), p = (1.564681, 0.437762, 0.583587)
Body 5007: orig = (0.446399, 0.453258, 1.482260), p = (0.446399, 0.453258, 1.482260)
Body 5008: orig = (0.627276, 0.691220, -0.366453), p = (0.627276, 0.691220, -0.366453)
Body 5009: orig = (-0.101714, 0.617517, 0.530717), p = (-0.101714, 0.617517, 0.530717)
Body 5010: orig = (0.713085, 0.933596, 0.046781), p = (0.713085, 0.933596, 0.046781)
Body 5011: orig = (0.580490, 0.145220, 0.898211), p = (0.580490, 0.145220, 0.898211)
Body 5012: orig = (0.717865, 0.018131, 0.835013), p = (0.717865, 0.018131, 0.835013)
Body 5013: orig = (0.336732, 0.432170, 0.802712), p = (0.336732, 0.432170, 0.802712)
Body 5014: orig = (0.729823, 0.830561, 0.366730), p = (0.729823, 0.830561, 0.366730)
Body 5015: orig = (0.521207, 0.771258, 0.182706), p = (0.521207, 0.771258, 0.182706)
Body 5016: orig = (0.412366, 0.628273, 0.628943), p = (0.412366, 0.628273, 0.628943)
Body 5017: orig = (0.606407, 1.040651, 0.727859), p = (0.606407, 1.040651, 0.727859)
Body 5018: orig = (0.807654, 0.099281, 1.111592), p = (0.807654, 0.099281, 1.111592)
Body 5019: orig = (-0.164054, 0.705190, 0.667871), p = (-0.164054, 0.705190, 0.667871)
Body 5020: orig = (-0.013555, 0.206883, 0.196497), p = (-0.013555, 0.206883, 0.196497)
Body 5021: orig = (0.369676, 0.526075, 0.726364), p = (0.369676, 0.526075, 0.726364)
Body 5022: orig = (0.393015, 1.028595, 0.510392), p = (0.393015, 1.028595, 0.510392)
Body 5023: orig = (1.256678, 0.246621, 0.605726), p = (1.256678, 0.246621, 0.605726)
Body 5024: orig = (0.448024, 0.297767, 0.405830), p = (0.448024, 0.297767, 0.405830)
Body 5025: orig = (1.120228, 0.468831, 1.183928), p = (1.120228, 0.468831, 1.183928)
Body 5026: orig = (0.064589, 0.404545, 0.539176), p = (0.064589, 0.404545, 0.539176)
Body 5027: orig = (0.224399, 0.176404, -0.092258), p = (0.224399, 0.176404, -0.092258)
Body 5028: orig = (0.493126, -0.536969, 0.416044), p = (0.493126, -0.536969, 0.416044)
Body 5029: orig = (0.770594, 0.510405, 1.016990), p = (0.770594, 0.510405, 1.016990)
Body 5030: orig = (-0.119954, 0.445886, 0.808553), p = (-0.119954, 0.445886, 0.808553)
Body 5031: orig = (-0.008354, 0.158777, 0.640335), p = (-0.008354, 0.158777, 0.640335)
Body 5032: orig = (0.780133, 1.211593, 0.322941), p = (0.780133, 1.211593, 0.322941)
Body 5033: orig = (0.488370, 0.661633, 0.582757), p = (0.488370, 0.661633, 0.582757)
Body 5034: orig = (0.559667, -0.433532, 0.479533), p = (0.559667, -0.433532, 0.479533)
Body 5035: orig = (-0.000030, 0.283925, -0.031306), p = (-0.000030, 0.283925, -0.031306)
Body 5036: orig = (0.466069, 1.401847, 0.430225), p = (0.466069, 1.401847, 0.430225)
Body 5037: orig = (0.371716, 0.461673, -0.393158), p = (0.371716, 0.461673, -0.393158)
Body 5038: orig = (0.531921, 0.575086, 0.239216), p = (0.531921, 0.575086, 0.239216)
Body 5039: orig = (-0.174268, 0.212302, 0.604478), p = (-0.174268, 0.212302, 0.604478)
Body 5040: orig = (0.722588, 1.005852, 0.284465), p = (0.722588, 1.005852, 0.284465)
Body 5041: orig = (1.179202, 0.460873, 0.211616), p = (1.179202, 0.460873, 0.211616)
Body 5042: orig = (0.607705, 1.057156, 0.492339), p = (0.607705, 1.057156, 0.492339)
Body 5043: orig = (0.636147, 1.024653, 0.018027), p = (0.636147, 1.024653, 0.018027)
Body 5044: orig = (1.315958, 0.386374, 0.580349), p = (1.315958, 0.386374, 0.580349)
Body 5045: orig = (0.396299, 0.134125, 0.175096), p = (0.396299, 0.134125, 0.175096)
Body 5046: orig = (0.837744, 0.069860, 0.058537), p = (0.837744, 0.069860, 0.058537)
Body 5047: orig = (0.271829, 0.703077, 0.065158), p = (0.271829, 0.703077, 0.065158)
Body 5048: orig = (0.089111, 0.160744, 0.315845), p = (0.089111, 0.160744, 0.315845)
Body 5049: orig = (0.734234, 1.010739, 0.671068), p = (0.734234, 1.010739, 0.671068)
Body 5050: orig = (0.255587, 0.521424, 2.776996), p = (0.255587, 0.521424, 2.776996)
Body 5051: orig = (0.576470, 0.053886, 0.639473), p = (0.576470, 0.053886, 0.639473)
Body 5052: orig = (0.142257, 0.183233, 0.856733), p = (0.142257, 0.183233, 0.856733)
Body 5053: orig = (0.914495, 0.306147, 0.388251), p = (0.914495, 0.306147, 0.388251)
Body 5054: orig = (0.439278, 0.348009, 1.202471), p = (0.439278, 0.348009, 1.202471)
Body 5055: orig = (0.495137, 0.460958, 0.359154), p = (0.495137, 0.460958, 0.359154)
Body 5056: orig = (0.609018, -0.264415, -0.304837), p = (0.609018, -0.264415, -0.304837)
Body 5057: orig = (0.470580, 0.877610, 0.342424), p = (0.470580, 0.877610, 0.342424)
Body 5058: orig = (-0.235187, 0.113189, 0.614771), p = (-0.235187, 0.113189, 0.614771)
Body 5059: orig = (0.802056, 0.935908, 0.569776), p = (0.802056, 0.935908, 0.569776)
Body 5060: orig = (-0.056178, 0.354369, 0.745546), p = (-0.056178, 0.354369, 0.745546)
Body 5061: orig = (1.140060, 0.606760, 0.339539), p = (1.140060, 0.606760, 0.339539)
Body 5062: orig = (0.846246, 1.002839, 0.503149), p = (0.846246, 1.002839, 0.503149)
Body 5063: orig = (0.696165, 1.330651, 0.645253), p = (0.696165, 1.330651, 0.645253)
Body 5064: orig = (0.898768, 0.371046, 0.637462), p = (0.898768, 0.371046, 0.637462)
Body 5065: orig = (0.796962, 0.315351, -0.807363), p = (0.796962, 0.315351, -0.807363)
Body 5066: orig = (0.532391, -0.117305, 0.725405), p = (0.532391, -0.117305, 0.725405)
Body 5067: orig = (0.085877, 0.206150, -0.064096), p = (0.085877, 0.206150, -0.064096)
Body 5068: orig = (0.771922, 1.113990, 0.486673), p = (0.771922, 1.113990, 0.486673)
Body 5069: orig = (0.216501, 0.825228, 0.843462), p = (0.216501, 0.825228, 0.843462)
Body 5070: orig = (0.635695, 0.572917, 0.735848), p = (0.635695, 0.572917, 0.735848)
Body 5071: orig = (0.228650, 0.501093, 0.788480), p = (0.228650, 0.501093, 0.788480)
Body 5072: orig = (0.434595, 1.722325, 0.555323), p = (0.434595, 1.722325, 0.555323)
Body 5073: orig = (0.260891, 0.382995, -0.467899), p = (0.260891, 0.382995, -0.467899)
Body 5074: orig = (0.365608, -0.301087, 0.426180), p = (0.365608, -0.301087, 0.426180)
Body 5075: orig = (1.140558, 0.930826, 0.448732), p = (1.140558, 0.930826, 0.448732)
Body 5076: orig = (0.506470, 0.144282, 0.065351), p = (0.506470, 0.144282, 0.065351)
Body 5077: orig = (0.087872, 0.052125, -0.153258), p = (0.087872, 0.052125, -0.153258)
Body 5078: orig = (0.419676, 0.364622, 0.621915), p = (0.419676, 0.364622, 0.621915)
Body 5079: orig = (0.066530, 0.003478, 0.403965), p = (0.066530, 0.003478, 0.403965)
Body 5080: orig = (0.536153, -0.009052, 0.455532), p = (0.536153, -0.009052, 0.455532)
Body 5081: orig = (0.828849, 0.331294, 1.113745), p = (0.828849, 0.331294, 1.113745)
Body 5082: orig = (0.564915, 0.116659, 0.262636), p = (0.564915, 0.116659, 0.262636)
Body 5083: orig = (1.433675, 0.471431, 0.446211), p = (1.433675, 0.471431, 0.446211)
Body 5084: orig = (1.090309, 0.313249, 0.632210), p = (1.090309, 0.313249, 0.632210)
Body 5085: orig = (-0.475746, 0.594145, 0.428077), p = (-0.475746, 0.594145, 0.428077)
Body 5086: orig = (-0.069294, 0.067670, 0.521776), p = (-0.069294, 0.067670, 0.521776)
Body 5087: orig = (1.093290, 0.402702, 0.996133), p = (1.093290, 0.402702, 0.996133)
Body 5088: orig = (-0.190013, 0.375901, 0.284195), p = (-0.190013, 0.375901, 0.284195)
Body 5089: orig = (0.730507, 0.038381, 0.165257), p = (0.730507, 0.038381, 0.165257)
Body 5090: orig = (0.483840, 1.184513, 0.344495), p = (0.483840, 1.184513, 0.344495)
Body 5091: orig = (0.266058, 0.573268, 1.286598), p = (0.266058, 0.573268, 1.286598)
Body 5092: orig = (0.415899, 0.455934, 1.419493), p = (0.415899, 0.455934, 1.419493)
Body 5093: orig = (0.973620, 0.612788, 0.337775), p = (0.973620, 0.612788, 0.337775)
Body 5094: orig = (0.850093, 0.229398, 1.286190), p = (0.850093, 0.229398, 1.286190)
Body 5095: orig = (0.428107, 0.592630, 0.394271), p = (0.428107, 0.592630, 0.394271)
Body 5096: orig = (-0.053482, 0.442695, 0.408686), p = (-0.053482, 0.442695, 0.408686)
Body 5097: orig = (-0.075404, -0.091821, 0.449004), p = (-0.075404, -0.091821, 0.449004)
Body 5098: orig = (0.786218, -0.035594, 0.356690), p = (0.786218, -0.035594, 0.356690)
Body 5099: orig = (0.493016, 1.373709, 0.499050), p = (0.493016, 1.373709, 0.499050)
Body 5100: orig = (0.331885, 0.828402, 0.696514), p = (0.331885, 0.828402, 0.696514)
Body 5101: orig = (0.405732, 0.646297, -0.453752), p = (0.405732, 0.646297, -0.453752)
Body 5102: orig = (0.171891, 0.689292, -0.267634), p = (0.171891, 0.689292, -0.267634)
Body 5103: orig = (0.608529, 0.881270, 0.226053), p = (0.608529, 0.881270, 0.226053)
Body 5104: orig = (-0.198150, 0.571684, 0.821388), p = (-0.198150, 0.571684, 0.821388)
Body 5105: orig = (0.965709, 0.622924, 0.666846), p = (0.965709, 0.622924, 0.666846)
Body 5106: orig = (0.264804, 0.307234, 0.864976), p = (0.264804, 0.307234, 0.864976)
Body 5107: orig = (0.411079, 0.590370, -0.005065), p = (0.411079, 0.590370, -0.005065)
Body 5108: orig = (1.255180, 0.346264, 0.294290), p = (1.255180, 0.346264, 0.294290)
Body 5109: orig = (-0.374367, 0.132655, 0.629458), p = (-0.374367, 0.132655, 0.629458)
Body 5110: orig = (0.623582, -0.003605, 0.893063), p = (0.623582, -0.003605, 0.893063)
Body 5111: orig = (0.023381, 0.439960, 0.075770), p = (0.023381, 0.439960, 0.075770)
Body 5112: orig = (0.815486, -0.096778, 0.364402), p = (0.815486, -0.096778, 0.364402)
Body 5113: orig = (-0.111511, 0.514699, 0.391200), p = (-0.111511, 0.514699, 0.391200)
Body 5114: orig = (1.371495, 0.487761, -0.675375), p = (1.371495, 0.487761, -0.675375)
Body 5115: orig = (0.365000, 0.154201, 0.658265), p = (0.365000, 0.154201, 0.658265)
Body 5116: orig = (0.841428, 0.820942, -0.342543), p = (0.841428, 0.820942, -0.342543)
Body 5117: orig = (0.555687, 0.591117, 1.430419), p = (0.555687, 0.591117, 1.430419)
Body 5118: orig = (0.070696, 0.084951, 0.170631), p = (0.070696, 0.084951, 0.170631)
Body 5119: orig = (0.323815, 0.538042, -0.214610), p = (0.323815, 0.538042, -0.214610)
Body 5120: orig = (0.338626, 1.280145, 0.590693), p = (0.338626, 1.280145, 0.590693)
Body 5121: orig = (0.771364, 0.293624, 0.648433), p = (0.771364, 0.293624, 0.648433)
Body 5122: orig = (0.926896, 1.018351, 0.520734), p = (0.926896, 1.018351, 0.520734)
Body 5123: orig = (0.524943, -0.015115, 0.270498), p = (0.524943, -0.015115, 0.270498)
Body 5124: orig = (0.165366, 0.440425, -0.032029), p = (0.165366, 0.440425, -0.032029)
Body 5125: orig = (0.223912, 1.327138, 0.404999), p = (0.223912, 1.327138, 0.404999)
Body 5126: orig = (0.790076, 0.779996, 0.697863), p = (0.790076, 0.779996, 0.697863)
Body 5127: orig = (0.528143, 0.480180, 1.052689), p = (0.528143, 0.480180, 1.052689)
Body 5128: orig = (0.348487, 1.130095, -0.054815), p = (0.348487, 1.130095, -0.054815)
Body 5129: orig = (0.449872, 0.330530, -0.139985), p = (0.449872, 0.330530, -0.139985)
Body 5130: orig = (1.072719, 0.506102, 1.005136), p = (1.072719, 0.506102, 1.005136)
Body 5131: orig = (0.343752, 0.990399, 0.463324), p = (0.343752, 0.990399, 0.463324)
Body 5132: orig = (0.486998, 0.714389, 0.568525), p = (0.486998, 0.714389, 0.568525)
Body 5133: orig = (0.718920, 1.046626, -0.052796), p = (0.718920, 1.046626, -0.052796)
Body 5134: orig = (0.577951, 0.997369, 1.045166), p = (0.577951, 0.997369, 1.045166)
Body 5135: orig = (0.087081, 0.887739, 0.974600), p = (0.087081, 0.887739, 0.974600)
Body 5136: orig = (0.259451, 1.689094, 0.863344), p = (0.259451, 1.689094, 0.863344)
Body 5137: orig = (0.474458, 0.635261, 1.320344), p = (0.474458, 0.635261, 1.320344)
Body 5138: orig = (0.857098, 1.215057, 0.222148), p = (0.857098, 1.215057, 0.222148)
Body 5139: orig = (0.520984, 0.074731, 0.951325), p = (0.520984, 0.074731, 0.951325)
Body 5140: orig = (0.586465, -0.496245, 0.390513), p = (0.586465, -0.496245, 0.390513)
Body 5141: orig = (1.122455, 0.206053, 0.338685), p = (1.122455, 0.206053, 0.338685)
Body 5142: orig = (0.485045, -0.084591, 0.332742), p = (0.485045, -0.084591, 0.332742)
Body 5143: orig = (0.181435, 0.359885, 0.729429), p = (0.181435, 0.359885, 0.729429)
Body 5144: orig = (0.817440, 0.333604, 0.241371), p = (0.817440, 0.333604, 0.241371)
Body 5145: orig = (0.414122, 0.184793, 0.328528), p = (0.414122, 0.184793, 0.328528)
Body 5146: orig = (0.908441, 0.592172, 0.187924), p = (0.908441, 0.592172, 0.187924)
Body 5147: orig = (0.516957, 0.269314, 0.806197), p = (0.516957, 0.269314, 0.806197)
Body 5148: orig = (0.249896, 0.475498, 0.250685), p = (0.249896, 0.475498, 0.250685)
Body 5149: orig = (0.364834, 0.152840, 1.271657), p = (0.364834, 0.152840, 1.271657)
Body 5150: orig = (0.131458, 0.678463, 0.459179), p = (0.131458, 0.678463, 0.459179)
Body 5151: orig = (0.965198, 0.536589, 0.834082), p = (0.965198, 0.536589, 0.834082)
Body 5152: orig = (0.883353, 0.247451, 1.055044), p = (0.883353, 0.247451, 1.055044)
Body 5153: orig = (0.808417, -0.072434, 0.155185), p = (0.808417, -0.072434, 0.155185)
Body 5154: orig = (0.361104, 0.491324, -0.351018), p = (0.361104, 0.491324, -0.351018)
Body 5155: orig = (0.162465, 0.787037, 0.219255), p = (0.162465, 0.787037, 0.219255)
Body 5156: orig = (0.706265, 0.093000, 0.659159), p = (0.706265, 0.093000, 0.659159)
Body 5157: orig = (-0.015726, -0.096882, 0.603527), p = (-0.015726, -0.096882, 0.603527)
Body 5158: orig = (0.720548, 1.108917, 0.687949), p = (0.720548, 1.108917, 0.687949)
Body 5159: orig = (0.721549, 0.013584, 1.333908), p = (0.721549, 0.013584, 1.333908)
Body 5160: orig = (-5.748117, -2.701196, -5.066235), p = (-5.748117, -2.701196, -5.066235)
Body 5161: orig = (0.283301, 0.448429, 1.020576), p = (0.283301, 0.448429, 1.020576)
Body 5162: orig = (0.880622, 0.961340, 0.465768), p = (0.880622, 0.961340, 0.465768)
Body 5163: orig = (0.492751, -0.154888, 0.770983), p = (0.492751, -0.154888, 0.770983)
Body 5164: orig = (0.426576, 0.746754, -0.254237), p = (0.426576, 0.746754, -0.254237)
Body 5165: orig = (0.343950, 1.243547, 0.498531), p = (0.343950, 1.243547, 0.498531)
Body 5166: orig = (0.498058, 0.113450, 1.265248), p = (0.498058, 0.113450, 1.265248)
Body 5167: orig = (-0.124692, 0.563615, -0.131498), p = (-0.124692, 0.563615, -0.131498)
Body 5168: orig = (0.371138, -0.049116, 0.585555), p = (0.371138, -0.049116, 0.585555)
Body 5169: orig = (0.668234, 0.433938, 0.847550), p = (0.668234, 0.433938, 0.847550)
Body 5170: orig = (0.202243, 0.263708, -0.271195), p = (0.202243, 0.263708, -0.271195)
Body 5171: orig = (1.081289, 0.965663, 0.195930), p = (1.081289, 0.965663, 0.195930)
Body 5172: orig = (0.013817, 0.743120, 0.441369), p = (0.013817, 0.743120, 0.441369)
Body 5173: orig = (0.621847, 1.212448, 0.591402), p = (0.621847, 1.212448, 0.591402)
Body 5174: orig = (0.788614, 0.184602, 0.305414), p = (0.788614, 0.184602, 0.305414)
Body 5175: orig = (0.111853, 0.737566, 0.089470), p = (0.111853, 0.737566, 0.089470)
Body 5176: orig = (0.616189, 0.983669, 0.556078), p = (0.616189, 0.983669, 0.556078)
Body 5177: orig = (0.341516, 1.420178, 0.665801), p = (0.341516, 1.420178, 0.665801)
Body 5178: orig = (0.803112, 0.151481, 0.854317), p = (0.803112, 0.151481, 0.854317)
Body 5179: orig = (0.491117, -0.000130, 0.349426), p = (0.491117, -0.000130, 0.349426)
Body 5180: orig = (0.531337, 1.232433, 0.906769), p = (0.531337, 1.232433, 0.906769)
Body 5181: orig = (0.537749, 0.820982, 1.045069), p = (0.537749, 0.820982, 1.045069)
Body 5182: orig = (0.598680, 0.611482, 0.643274), p = (0.598680, 0.611482, 0.643274)
Body 5183: orig = (-0.045998, 1.072817, 1.124560), p = (-0.045998, 1.072817, 1.124560)
Body 5184: orig = (0.711468, 1.040593, 0.667471), p = (0.711468, 1.040593, 0.667471)
Body 5185: orig = (0.259383, 0.357106, 0.491195), p = (0.259383, 0.357106, 0.491195)
Body 5186: orig = (0.953027, 1.074702, 0.572636), p = (0.953027, 1.074702, 0.572636)
Body 5187: orig = (1.064482, 0.339374, 0.169433), p = (1.064482, 0.339374, 0.169433)
Body 5188: orig = (0.470907, 0.851254, -0.164027), p = (0.470907, 0.851254, -0.164027)
Body 5189: orig = (0.212049, 0.894361, 0.576365), p = (0.212049, 0.894361, 0.576365)
Body 5190: orig = (0.658017, 0.299959, 1.041331), p = (0.658017, 0.299959, 1.041331)
Body 5191: orig = (1.105261, 0.524751, 0.198961), p = (1.105261, 0.524751, 0.198961)
Body 5192: orig = (0.242025, 0.393170, -0.258795), p = (0.242025, 0.393170, -0.258795)
Body 5193: orig = (0.058570, 0.419733, 0.558728), p = (0.058570, 0.419733, 0.558728)
Body 5194: orig = (0.471999, -0.052106, 0.615442), p = (0.471999, -0.052106, 0.615442)
Body 5195: orig = (-0.331742, 0.685287, 0.518852), p = (-0.331742, 0.685287, 0.518852)
Body 5196: orig = (0.405963, -0.297281, 0.323801), p = (0.405963, -0.297281, 0.323801)
Body 5197: orig = (0.434111, 1.221779, 0.233805), p = (0.434111, 1.221779, 0.233805)
Body 5198: orig = (-0.250643, 0.583678, 0.428974), p = (-0.250643, 0.583678, 0.428974)
Body 5199: orig = (0.028405, 0.278516, 0.468193), p = (0.028405, 0.278516, 0.468193)
Body 5200: orig = (0.131017, 0.566812, 0.925176), p = (0.131017, 0.566812, 0.925176)
Body 5201: orig = (0.268101, 0.642984, -0.241626), p = (0.268101, 0.642984, -0.241626)
Body 5202: orig = (1.375229, 0.386421, 0.541856), p = (1.375229, 0.386421, 0.541856)
Body 5203: orig = (0.707387, 0.308214, 0.661236), p = (0.707387, 0.308214, 0.661236)
Body 5204: orig = (0.831273, 0.122643, 0.100574), p = (0.831273, 0.122643, 0.100574)
Body 5205: orig = (0.428599, 0.566743, 0.614645), p = (0.428599, 0.566743, 0.614645)
Body 5206: orig = (0.603944, 1.229225, 0.834215), p = (0.603944, 1.229225, 0.834215)
Body 5207: orig = (0.121397, 0.349365, 0.781861), p = (0.121397, 0.349365, 0.781861)
Body 5208: orig = (1.161624, 0.601956, 0.594450), p = (1.161624, 0.601956, 0.594450)
Body 5209: orig = (0.476838, 0.330507, 1.075010), p = (0.476838, 0.330507, 1.075010)
Body 5210: orig = (0.642697, 0.669512, 0.134396), p = (0.642697, 0.669512, 0.134396)
Body 5211: orig = (0.193515, 0.881751, 0.417457), p = (0.193515, 0.881751, 0.417457)
Body 5212: orig = (0.702522, 0.183061, 0.250620), p = (0.702522, 0.183061, 0.250620)
Body 5213: orig = (0.952755, 0.566754, 0.237930), p = (0.952755, 0.566754, 0.237930)
Body 5214: orig = (0.952395, 0.585772, -0.203106), p = (0.952395, 0.585772, -0.203106)
Body 5215: orig = (0.822946, -0.008588, 0.221344), p = (0.822946, -0.008588, 0.221344)
Body 5216: orig = (1.087267, 0.714559, 1.055181), p = (1.087267, 0.714559, 1.055181)
Body 5217: orig = (0.747247, 0.773275, 0.477691), p = (0.747247, 0.773275, 0.477691)
Body 5218: orig = (1.057181, 0.528456, 0.372212), p = (1.057181, 0.528456, 0.372212)
Body 5219: orig = (1.164878, 0.628144, 0.662875), p = (1.164878, 0.628144, 0.662875)
Body 5220: orig = (0.457776, 0.530209, -0.296185), p = (0.457776, 0.530209, -0.296185)
Body 5221: orig = (0.549643, 1.036287, 0.259332), p = (0.549643, 1.036287, 0.259332)
Body 5222: orig = (0.767045, 0.659909, -0.124328), p = (0.767045, 0.659909, -0.124328)
Body 5223: orig = (0.527067, 0.857703, 0.367578), p = (0.527067, 0.857703, 0.367578)
Body 5224: orig = (0.596477, 1.142296, 0.432362), p = (0.596477, 1.142296, 0.432362)
Body 5225: orig = (1.498546, 0.591818, 0.128031), p = (1.498546, 0.591818, 0.128031)
Body 5226: orig = (0.505238, 0.763837, 0.986919), p = (0.505238, 0.763837, 0.986919)
Body 5227: orig = (0.435976, 0.013659, 0.118239), p = (0.435976, 0.013659, 0.118239)
Body 5228: orig = (0.308094, 0.306409, 0.752473), p = (0.308094, 0.306409, 0.752473)
Body 5229: orig = (0.893062, 0.045283, -0.210721), p = (0.893062, 0.045283, -0.210721)
Body 5230: orig = (0.393124, 1.343844, 0.675399), p = (0.393124, 1.343844, 0.675399)
Body 5231: orig = (0.347105, 0.294629, 0.725785), p = (0.347105, 0.294629, 0.725785)
Body 5232: orig = (0.215369, 0.604553, -0.213918), p = (0.215369, 0.604553, -0.213918)
Body 5233: orig = (0.919726, 0.129446, 0.520194), p = (0.919726, 0.129446, 0.520194)
Body 5234: orig = (0.905653, 0.145986, 0.237704), p = (0.905653, 0.145986, 0.237704)
Body 5235: orig = (0.526627, 0.640760, 1.367812), p = (0.526627, 0.640760, 1.367812)
Body 5236: orig = (0.452053, 0.375327, 0.937937), p = (0.452053, 0.375327, 0.937937)
Body 5237: orig = (0.308152, -0.149461, 0.632949), p = (0.308152, -0.149461, 0.632949)
Body 5238: orig = (0.955594, 0.097663, 0.309482), p = (0.955594, 0.097663, 0.309482)
Body 5239: orig = (0.284766, 0.156148, 0.973372), p = (0.284766, 0.156148, 0.973372)
Body 5240: orig = (0.470974, 0.739751, 1.209356), p = (0.470974, 0.739751, 1.209356)
Body 5241: orig = (0.403695, 0.692866, 1.117274), p = (0.403695, 0.692866, 1.117274)
Body 5242: orig = (0.561800, 0.736872, 1.131154), p = (0.561800, 0.736872, 1.131154)
Body 5243: orig = (0.434998, 0.361744, -0.250271), p = (0.434998, 0.361744, -0.250271)
Body 5244: orig = (0.125205, 0.277126, 0.062019), p = (0.125205, 0.277126, 0.062019)
Body 5245: orig = (0.970605, 0.211330, -0.248425), p = (0.970605, 0.211330, -0.248425)
Body 5246: orig = (1.105498, 1.007864, 0.739321), p = (1.105498, 1.007864, 0.739321)
Body 5247: orig = (0.049097, 0.023963, 0.478002), p = (0.049097, 0.023963, 0.478002)
Body 5248: orig = (0.433422, 0.372056, 0.441892), p = (0.433422, 0.372056, 0.441892)
Body 5249: orig = (0.410947, 0.834184, 0.464476), p = (0.410947, 0.834184, 0.464476)
Body 5250: orig = (0.122006, 0.675535, 0.596302), p = (0.122006, 0.675535, 0.596302)
Body 5251: orig = (0.605399, 0.695505, -0.281608), p = (0.605399, 0.695505, -0.281608)
Body 5252: orig = (0.994730, 0.309583, 0.715220), p = (0.994730, 0.309583, 0.715220)
Body 5253: orig = (0.425613, -0.484275, 0.557032), p = (0.425613, -0.484275, 0.557032)
Body 5254: orig = (-0.471305, 0.701089, 0.477062), p = (-0.471305, 0.701089, 0.477062)
Body 5255: orig = (0.649140, 0.161793, 0.787832), p = (0.649140, 0.161793, 0.787832)
Body 5256: orig = (0.706615, 1.040863, 0.422129), p = (0.706615, 1.040863, 0.422129)
Body 5257: orig = (0.121542, 0.520692, -0.058396), p = (0.121542, 0.520692, -0.058396)
Body 5258: orig = (0.490779, 1.222107, 0.036667), p = (0.490779, 1.222107, 0.036667)
Body 5259: orig = (0.709374, 0.483088, -0.222707), p = (0.709374, 0.483088, -0.222707)
Body 5260: orig = (0.479681, -0.082388, 0.787556), p = (0.479681, -0.082388, 0.787556)
Body 5261: orig = (0.970040, 0.191664, 1.104039), p = (0.970040, 0.191664, 1.104039)
Body 5262: orig = (0.311948, 0.373463, -0.002405), p = (0.311948, 0.373463, -0.002405)
Body 5263: orig = (0.035264, 0.678533, 0.502050), p = (0.035264, 0.678533, 0.502050)
Body 5264: orig = (-0.350885, 0.491815, 0.699038), p = (-0.350885, 0.491815, 0.699038)
Body 5265: orig = (1.168992, -0.014481, -0.081972), p = (1.168992, -0.014481, -0.081972)
Body 5266: orig = (0.725076, 0.494995, 0.856001), p = (0.725076, 0.494995, 0.856001)
Body 5267: orig = (0.427959, 0.115977, -0.247149), p = (0.427959, 0.115977, -0.247149)
Body 5268: orig = (0.320568, 1.425998, 0.500052), p = (0.320568, 1.425998, 0.500052)
Body 5269: orig = (-0.050826, 0.416540, 0.520837), p = (-0.050826, 0.416540, 0.520837)
Body 5270: orig = (0.463496, 0.867956, 0.790592), p = (0.463496, 0.867956, 0.790592)
Body 5271: orig = (0.659408, 0.161796, 1.005005), p = (0.659408, 0.161796, 1.005005)
Body 5272: orig = (-0.342107, 0.554577, 0.596045), p = (-0.342107, 0.554577, 0.596045)
Body 5273: orig = (0.910900, 1.015222, 0.509034), p = (0.910900, 1.015222, 0.509034)
Body 5274: orig = (0.376873, 0.083256, 0.650671), p = (0.376873, 0.083256, 0.650671)
Body 5275: orig = (0.466946, -0.401182, 0.297642), p = (0.466946, -0.401182, 0.297642)
Body 5276: orig = (0.581900, 0.006711, 0.343546), p = (0.581900, 0.006711, 0.343546)
Body 5277: orig = (1.208944, 0.484698, 0.787811), p = (1.208944, 0.484698, 0.787811)
Body 5278: orig = (-0.210873, 0.401528, 0.440150), p = (-0.210873, 0.401528, 0.440150)
Body 5279: orig = (0.585130, 0.664992, 1.395810), p = (0.585130, 0.664992, 1.395810)
Body 5280: orig = (-0.071473, 0.648041, 0.269851), p = (-0.071473, 0.648041, 0.269851)
Body 5281: orig = (0.889147, 0.436745, 1.230504), p = (0.889147, 0.436745, 1.230504)
Body 5282: orig = (1.442556, 0.375766, 0.441223), p = (1.442556, 0.375766, 0.441223)
Body 5283: orig = (0.427663, 0.309739, 1.205679), p = (0.427663, 0.309739, 1.205679)
Body 5284: orig = (0.525296, 1.146827, -0.058232), p = (0.525296, 1.146827, -0.058232)
Body 5285: orig = (0.549995, 0.155817, 0.579406), p = (0.549995, 0.155817, 0.579406)
Body 5286: orig = (0.621233, 0.910752, 0.369170), p = (0.621233, 0.910752, 0.369170)
Body 5287: orig = (0.375336, 0.969121, 0.180771), p = (0.375336, 0.969121, 0.180771)
Body 5288: orig = (1.246059, 0.365226, 0.756227), p = (1.246059, 0.365226, 0.756227)
Body 5289: orig = (0.805835, 0.642576, 0.438199), p = (0.805835, 0.642576, 0.438199)
Body 5290: orig = (1.545219, 0.787098, 0.480812), p = (1.545219, 0.787098, 0.480812)
Body 5291: orig = (1.028590, 0.595289, 0.083930), p = (1.028590, 0.595289, 0.083930)
Body 5292: orig = (0.212464, 0.642655, 1.121259), p = (0.212464, 0.642655, 1.121259)
Body 5293: orig = (-0.146354, 0.439134, 0.887406), p = (-0.146354, 0.439134, 0.887406)
Body 5294: orig = (0.623155, 0.349283, -0.299204), p = (0.623155, 0.349283, -0.299204)
Body 5295: orig = (0.680787, -0.192509, 0.452361), p = (0.680787, -0.192509, 0.452361)
Body 5296: orig = (0.246268, 0.029537, 0.462497), p = (0.246268, 0.029537, 0.462497)
Body 5297: orig = (0.672603, 0.681735, 0.023648), p = (0.672603, 0.681735, 0.023648)
Body 5298: orig = (0.717863, 0.869372, 0.160613), p = (0.717863, 0.869372, 0.160613)
Body 5299: orig = (-0.225473, 0.393867, 0.716155), p = (-0.225473, 0.393867, 0.716155)
Body 5300: orig = (0.607409, 0.714939, -0.072291), p = (0.607409, 0.714939, -0.072291)
Body 5301: orig = (0.051916, 0.866729, 0.281173), p = (0.051916, 0.866729, 0.281173)
Body 5302: orig = (0.494547, -0.135331, 0.402798), p = (0.494547, -0.135331, 0.402798)
Body 5303: orig = (-0.232026, 0.406654, 0.681201), p = (-0.232026, 0.406654, 0.681201)
Body 5304: orig = (0.546060, 0.646453, -0.250816), p = (0.546060, 0.646453, -0.250816)
Body 5305: orig = (0.846568, 0.331899, 0.301756), p = (0.846568, 0.331899, 0.301756)
Body 5306: orig = (0.435485, 0.233704, 0.884235), p = (0.435485, 0.233704, 0.884235)
Body 5307: orig = (1.156752, 0.384796, 0.321025), p = (1.156752, 0.384796, 0.321025)
Body 5308: orig = (0.455615, -0.044771, 0.261814), p = (0.455615, -0.044771, 0.261814)
Body 5309: orig = (-0.104915, 0.471121, 0.346665), p = (-0.104915, 0.471121, 0.346665)
Body 5310: orig = (-0.131217, 0.859591, 0.577307), p = (-0.131217, 0.859591, 0.577307)
Body 5311: orig = (0.282509, 0.498471, 1.222050), p = (0.282509, 0.498471, 1.222050)
Body 5312: orig = (0.909490, 1.254697, 0.607023), p = (0.909490, 1.254697, 0.607023)
Body 5313: orig = (0.934348, 1.907159, 1.618783), p = (0.934348, 1.907159, 1.618783)
Body 5314: orig = (0.081735, 0.913204, 0.408056), p = (0.081735, 0.913204, 0.408056)
Body 5315: orig = (1.383077, 0.746296, 0.352628), p = (1.383077, 0.746296, 0.352628)
Body 5316: orig = (0.667897, -0.301681, 0.538135), p = (0.667897, -0.301681, 0.538135)
Body 5317: orig = (0.864763, 0.707778, 0.999934), p = (0.864763, 0.707778, 0.999934)
Body 5318: orig = (0.921363, 0.725120, 1.098790), p = (0.921363, 0.725120, 1.098790)
Body 5319: orig = (0.773710, 0.547906, 0.920442), p = (0.773710, 0.547906, 0.920442)
Body 5320: orig = (0.369139, 0.073842, 0.666929), p = (0.369139, 0.073842, 0.666929)
Body 5321: orig = (0.480143, 0.419917, 0.350021), p = (0.480143, 0.419917, 0.350021)
Body 5322: orig = (1.430829, 0.444085, 0.108726), p = (1.430829, 0.444085, 0.108726)
Body 5323: orig = (0.257311, 0.439136, -0.291579), p = (0.257311, 0.439136, -0.291579)
Body 5324: orig = (0.590183, 0.428814, -0.458716), p = (0.590183, 0.428814, -0.458716)
Body 5325: orig = (0.871716, -0.155851, -0.015615), p = (0.871716, -0.155851, -0.015615)
Body 5326: orig = (0.528037, 0.244520, 0.809107), p = (0.528037, 0.244520, 0.809107)
Body 5327: orig = (0.352068, 0.862833, 0.679222), p = (0.352068, 0.862833, 0.679222)
Body 5328: orig = (-0.189274, 0.531922, -0.243791), p = (-0.189274, 0.531922, -0.243791)
Body 5329: orig = (0.433500, 0.611475, 1.097776), p = (0.433500, 0.611475, 1.097776)
Body 5330: orig = (0.829075, 1.566552, 0.663857), p = (0.829075, 1.566552, 0.663857)
Body 5331: orig = (0.606986, 0.708039, 1.413610), p = (0.606986, 0.708039, 1.413610)
Body 5332: orig = (0.486465, 0.489795, 1.036277), p = (0.486465, 0.489795, 1.036277)
Body 5333: orig = (0.634925, 1.123434, 0.492779), p = (0.634925, 1.123434, 0.492779)
Body 5334: orig = (1.083293, 0.562542, 0.368124), p = (1.083293, 0.562542, 0.368124)
Body 5335: orig = (0.432573, 0.549262, 0.887552), p = (0.432573, 0.549262, 0.887552)
Body 5336: orig = (0.138869, 0.331679, 0.298304), p = (0.138869, 0.331679, 0.298304)
Body 5337: orig = (0.229976, 0.509615, 1.059979), p = (0.229976, 0.509615, 1.059979)
Body 5338: orig = (0.261336, 1.146205, 0.566026), p = (0.261336, 1.146205, 0.566026)
Body 5339: orig = (0.417628, 1.050585, 0.443701), p = (0.417628, 1.050585, 0.443701)
Body 5340: orig = (0.527151, 1.181266, 0.401573), p = (0.527151, 1.181266, 0.401573)
Body 5341: orig = (1.342790, 0.116619, 0.562412), p = (1.342790, 0.116619, 0.562412)
Body 5342: orig = (0.712299, 0.563879, 0.763447), p = (0.712299, 0.563879, 0.763447)
Body 5343: orig = (0.816801, 0.474333, 0.035763), p = (0.816801, 0.474333, 0.035763)
Body 5344: orig = (0.567059, 1.296795, 0.415392), p = (0.567059, 1.296795, 0.415392)
Body 5345: orig = (0.577603, -0.315878, 0.635775), p = (0.577603, -0.315878, 0.635775)
Body 5346: orig = (-0.198140, -0.094336, -0.071464), p = (-0.198140, -0.094336, -0.071464)
Body 5347: orig = (0.171238, 1.152059, 0.438286), p = (0.171238, 1.152059, 0.438286)
Body 5348: orig = (0.922147, 0.246760, 0.344164), p = (0.922147, 0.246760, 0.344164)
Body 5349: orig = (0.817849, 0.702979, 0.760884), p = (0.817849, 0.702979, 0.760884)
Body 5350: orig = (0.010409, 0.552243, 1.002486), p = (0.010409, 0.552243, 1.002486)
Body 5351: orig = (1.214233, 0.463329, 0.219092), p = (1.214233, 0.463329, 0.219092)
Body 5352: orig = (0.799794, -0.106258, 0.321138), p = (0.799794, -0.106258, 0.321138)
Body 5353: orig = (0.580176, 0.714272, 0.716127), p = (0.580176, 0.714272, 0.716127)
Body 5354: orig = (1.021355, 0.659062, 0.289486), p = (1.021355, 0.659062, 0.289486)
Body 5355: orig = (0.185878, -0.329778, 0.643445), p = (0.185878, -0.329778, 0.643445)
Body 5356: orig = (0.513686, 0.746143, 0.971250), p = (0.513686, 0.746143, 0.971250)
Body 5357: orig = (0.785636, 0.871989, 0.855774), p = (0.785636, 0.871989, 0.855774)
Body 5358: orig = (-0.391853, 0.505461, 0.518676), p = (-0.391853, 0.505461, 0.518676)
Body 5359: orig = (0.227967, 0.794556, 1.083937), p = (0.227967, 0.794556, 1.083937)
Body 5360: orig = (1.054970, 0.487952, 0.936034), p = (1.054970, 0.487952, 0.936034)
Body 5361: orig = (0.539324, 0.799561, 0.324801), p = (0.539324, 0.799561, 0.324801)
Body 5362: orig = (0.806308, 0.689818, -0.069668), p = (0.806308, 0.689818, -0.069668)
Body 5363: orig = (0.465686, -0.066935, 0.016181), p = (0.465686, -0.066935, 0.016181)
Body 5364: orig = (0.684091, 0.616159, -0.208371), p = (0.684091, 0.616159, -0.208371)
Body 5365: orig = (0.378291, 1.323259, 0.287495), p = (0.378291, 1.323259, 0.287495)
Body 5366: orig = (0.595865, 0.639336, 0.787027), p = (0.595865, 0.639336, 0.787027)
Body 5367: orig = (-0.203953, 0.504723, 0.143354), p = (-0.203953, 0.504723, 0.143354)
Body 5368: orig = (0.730168, 0.457492, -0.159841), p = (0.730168, 0.457492, -0.159841)
Body 5369: orig = (0.380282, -0.064662, 0.332660), p = (0.380282, -0.064662, 0.332660)
Body 5370: orig = (0.363877, 1.067106, 0.248744), p = (0.363877, 1.067106, 0.248744)
Body 5371: orig = (0.923780, 0.557889, -0.023881), p = (0.923780, 0.557889, -0.023881)
Body 5372: orig = (0.235610, 0.666884, 0.996666), p = (0.235610, 0.666884, 0.996666)
Body 5373: orig = (1.278004, 0.700876, 0.482370), p = (1.278004, 0.700876, 0.482370)
Body 5374: orig = (0.367900, 0.196768, 1.170198), p = (0.367900, 0.196768, 1.170198)
Body 5375: orig = (0.487067, -0.098510, 0.424020), p = (0.487067, -0.098510, 0.424020)
Body 5376: orig = (0.892635, 0.806184, 0.267800), p = (0.892635, 0.806184, 0.267800)
Body 5377: orig = (0.661055, 0.689226, 0.858923), p = (0.661055, 0.689226, 0.858923)
Body 5378: orig = (0.642789, -0.188831, 0.545151), p = (0.642789, -0.188831, 0.545151)
Body 5379: orig = (0.428346, 1.093387, 0.160934), p = (0.428346, 1.093387, 0.160934)
Body 5380: orig = (0.084733, 0.394397, 0.301832), p = (0.084733, 0.394397, 0.301832)
Body 5381: orig = (0.145406, 0.548749, 0.435666), p = (0.145406, 0.548749, 0.435666)
Body 5382: orig = (0.728800, -0.195634, 0.683684), p = (0.728800, -0.195634, 0.683684)
Body 5383: orig = (0.179381, 0.413367, 0.116990), p = (0.179381, 0.413367, 0.116990)
Body 5384: orig = (0.177587, 0.628549, 0.606555), p = (0.177587, 0.628549, 0.606555)
Body 5385: orig = (0.932153, 0.294441, 0.213214), p = (0.932153, 0.294441, 0.213214)
Body 5386: orig = (0.521691, 0.856589, 1.007507), p = (0.521691, 0.856589, 1.007507)
Body 5387: orig = (0.164183, 0.622416, 0.855905), p = (0.164183, 0.622416, 0.855905)
Body 5388: orig = (0.522340, 0.259627, -0.296394), p = (0.522340, 0.259627, -0.296394)
Body 5389: orig = (-0.720922, 0.728528, 0.218880), p = (-0.720922, 0.728528, 0.218880)
Body 5390: orig = (1.048873, 0.580659, 0.840165), p = (1.048873, 0.580659, 0.840165)
Body 5391: orig = (0.319114, 0.375906, 0.973175), p = (0.319114, 0.375906, 0.973175)
Body 5392: orig = (0.835348, 0.491989, 1.020850), p = (0.835348, 0.491989, 1.020850)
Body 5393: orig = (0.572947, 0.182380, 1.123584), p = (0.572947, 0.182380, 1.123584)
Body 5394: orig = (0.505033, -0.273432, 0.369099), p = (0.505033, -0.273432, 0.369099)
Body 5395: orig = (0.615948, 0.579136, 1.225926), p = (0.615948, 0.579136, 1.225926)
Body 5396: orig = (0.618714, 0.600613, 0.384354), p = (0.618714, 0.600613, 0.384354)
Body 5397: orig = (0.335465, 0.310793, 1.290965), p = (0.335465, 0.310793, 1.290965)
Body 5398: orig = (0.976822, 0.691756, 0.622531), p = (0.976822, 0.691756, 0.622531)
Body 5399: orig = (1.079881, 0.680549, 0.290763), p = (1.079881, 0.680549, 0.290763)
Body 5400: orig = (0.436411, 0.483223, 0.936978), p = (0.436411, 0.483223, 0.936978)
Body 5401: orig = (0.429791, 0.130726, 0.568824), p = (0.429791, 0.130726, 0.568824)
Body 5402: orig = (0.645327, 0.315854, -0.083529), p = (0.645327, 0.315854, -0.083529)
Body 5403: orig = (0.626205, -0.111488, 0.369272), p = (0.626205, -0.111488, 0.369272)
Body 5404: orig = (-0.138177, 0.522832, 0.705605), p = (-0.138177, 0.522832, 0.705605)
Body 5405: orig = (0.425671, 0.105448, 0.326407), p = (0.425671, 0.105448, 0.326407)
Body 5406: orig = (1.280155, 0.630823, 0.598788), p = (1.280155, 0.630823, 0.598788)
Body 5407: orig = (0.893999, 0.431267, -0.091176), p = (0.893999, 0.431267, -0.091176)
Body 5408: orig = (0.346512, 1.067975, 0.623377), p = (0.346512, 1.067975, 0.623377)
Body 5409: orig = (-0.329906, 0.454150, 0.487392), p = (-0.329906, 0.454150, 0.487392)
Body 5410: orig = (1.544774, -0.017510, -0.224509), p = (1.544774, -0.017510, -0.224509)
Body 5411: orig = (1.367278, 0.780572, 0.620529), p = (1.367278, 0.780572, 0.620529)
Body 5412: orig = (0.095840, -0.080500, 0.466030), p = (0.095840, -0.080500, 0.466030)
Body 5413: orig = (0.644182, 0.968658, 0.805758), p = (0.644182, 0.968658, 0.805758)
Body 5414: orig = (0.081065, 0.877512, 0.558268), p = (0.081065, 0.877512, 0.558268)
Body 5415: orig = (1.009158, 0.514275, 0.602967), p = (1.009158, 0.514275, 0.602967)
Body 5416: orig = (0.591382, 0.766755, 0.374512), p = (0.591382, 0.766755, 0.374512)
Body 5417: orig = (0.422147, 1.168172, 0.552664), p = (0.422147, 1.168172, 0.552664)
Body 5418: orig = (0.589363, 0.566594, 1.003673), p = (0.589363, 0.566594, 1.003673)
Body 5419: orig = (0.662931, 0.246175, 0.940858), p = (0.662931, 0.246175, 0.940858)
Body 5420: orig = (0.410134, 0.921538, 0.129693), p = (0.410134, 0.921538, 0.129693)
Body 5421: orig = (0.411395, -0.042008, 0.425038), p = (0.411395, -0.042008, 0.425038)
Body 5422: orig = (0.709570, 1.108141, 0.497846), p = (0.709570, 1.108141, 0.497846)
Body 5423: orig = (-0.118209, 0.795435, 0.312961), p = (-0.118209, 0.795435, 0.312961)
Body 5424: orig = (1.211576, 0.245127, 0.611772), p = (1.211576, 0.245127, 0.611772)
Body 5425: orig = (0.134738, 0.487560, 0.516318), p = (0.134738, 0.487560, 0.516318)
Body 5426: orig = (0.731449, -0.001045, 0.982146), p = (0.731449, -0.001045, 0.982146)
Body 5427: orig = (0.756615, 0.579478, 0.154129), p = (0.756615, 0.579478, 0.154129)
Body 5428: orig = (0.367936, 0.525132, 1.124714), p = (0.367936, 0.525132, 1.124714)
Body 5429: orig = (1.267217, 0.605972, 0.295336), p = (1.267217, 0.605972, 0.295336)
Body 5430: orig = (0.950404, 0.926315, 0.789576), p = (0.950404, 0.926315, 0.789576)
Body 5431: orig = (0.517635, 0.568234, -0.454187), p = (0.517635, 0.568234, -0.454187)
Body 5432: orig = (0.613124, 0.541778, 1.017931), p = (0.613124, 0.541778, 1.017931)
Body 5433: orig = (0.820493, 0.256109, 0.711263), p = (0.820493, 0.256109, 0.711263)
Body 5434: orig = (0.713890, 0.247258, 1.016763), p = (0.713890, 0.247258, 1.016763)
Body 5435: orig = (-0.058295, 0.515661, 0.962901), p = (-0.058295, 0.515661, 0.962901)
Body 5436: orig = (-0.399457, 0.046022, 0.888906), p = (-0.399457, 0.046022, 0.888906)
Body 5437: orig = (0.059332, 0.648966, 0.959487), p = (0.059332, 0.648966, 0.959487)
Body 5438: orig = (0.741600, 0.340367, 0.817937), p = (0.741600, 0.340367, 0.817937)
Body 5439: orig = (1.158218, 0.722386, 0.997254), p = (1.158218, 0.722386, 0.997254)
Body 5440: orig = (0.345107, -0.365493, 0.537503), p = (0.345107, -0.365493, 0.537503)
Body 5441: orig = (0.047107, 0.544150, 0.393395), p = (0.047107, 0.544150, 0.393395)
Body 5442: orig = (0.066471, 0.517336, 0.564539), p = (0.066471, 0.517336, 0.564539)
Body 5443: orig = (0.026930, 0.341788, 0.309541), p = (0.026930, 0.341788, 0.309541)
Body 5444: orig = (0.255903, -0.241175, 0.327650), p = (0.255903, -0.241175, 0.327650)
Body 5445: orig = (0.279486, 0.621702, 0.146851), p = (0.279486, 0.621702, 0.146851)
Body 5446: orig = (1.171862, 0.845073, 0.360277), p = (1.171862, 0.845073, 0.360277)
Body 5447: orig = (0.199087, 0.556396, 1.058020), p = (0.199087, 0.556396, 1.058020)
Body 5448: orig = (0.614180, -0.443200, 0.334328), p = (0.614180, -0.443200, 0.334328)
Body 5449: orig = (0.735625, 0.562410, 0.917739), p = (0.735625, 0.562410, 0.917739)
Body 5450: orig = (0.855818, -0.102728, 0.336218), p = (0.855818, -0.102728, 0.336218)
Body 5451: orig = (-0.385795, 0.639217, 0.513745), p = (-0.385795, 0.639217, 0.513745)
Body 5452: orig = (-0.238033, 0.449916, 0.799330), p = (-0.238033, 0.449916, 0.799330)
Body 5453: orig = (0.685836, 0.796364, 0.095110), p = (0.685836, 0.796364, 0.095110)
Body 5454: orig = (1.132713, 0.138159, 0.648086), p = (1.132713, 0.138159, 0.648086)
Body 5455: orig = (0.153730, 0.369987, 0.379945), p = (0.153730, 0.369987, 0.379945)
Body 5456: orig = (0.487370, 0.633567, -0.276084), p = (0.487370, 0.633567, -0.276084)
Body 5457: orig = (-0.273072, 0.678847, 0.969773), p = (-0.273072, 0.678847, 0.969773)
Body 5458: orig = (0.282086, 1.017841, 0.237109), p = (0.282086, 1.017841, 0.237109)
Body 5459: orig = (-0.166122, 0.470432, 0.487294), p = (-0.166122, 0.470432, 0.487294)
Body 5460: orig = (0.227531, 0.748129, 0.460322), p = (0.227531, 0.748129, 0.460322)
Body 5461: orig = (0.188129, 0.728555, 1.095835), p = (0.188129, 0.728555, 1.095835)
Body 5462: orig = (1.270377, 0.458879, 0.622259), p = (1.270377, 0.458879, 0.622259)
Body 5463: orig = (0.060011, 0.426082, 0.348331), p = (0.060011, 0.426082, 0.348331)
Body 5464: orig = (0.807609, 0.807831, 0.122984), p = (0.807609, 0.807831, 0.122984)
Body 5465: orig = (0.790105, 0.448001, 0.151523), p = (0.790105, 0.448001, 0.151523)
Body 5466: orig = (0.241964, 1.209813, 0.285929), p = (0.241964, 1.209813, 0.285929)
Body 5467: orig = (0.957819, -0.114508, 0.599489), p = (0.957819, -0.114508, 0.599489)
Body 5468: orig = (0.680084, -0.369705, 0.442082), p = (0.680084, -0.369705, 0.442082)
Body 5469: orig = (1.202923, 0.205168, 0.224724), p = (1.202923, 0.205168, 0.224724)
Body 5470: orig = (0.613113, 0.078205, 0.735275), p = (0.613113, 0.078205, 0.735275)
Body 5471: orig = (0.166753, 0.490006, 0.838477), p = (0.166753, 0.490006, 0.838477)
Body 5472: orig = (0.600538, 1.506287, 0.501491), p = (0.600538, 1.506287, 0.501491)
Body 5473: orig = (0.313214, 0.283632, 0.074397), p = (0.313214, 0.283632, 0.074397)
Body 5474: orig = (0.734722, -0.145362, 0.419931), p = (0.734722, -0.145362, 0.419931)
Body 5475: orig = (0.683342, 0.037645, 1.160292), p = (0.683342, 0.037645, 1.160292)
Body 5476: orig = (0.752089, 0.053942, 0.556913), p = (0.752089, 0.053942, 0.556913)
Body 5477: orig = (0.480540, 0.256247, 0.783754), p = (0.480540, 0.256247, 0.783754)
Body 5478: orig = (0.563533, -0.308361, 0.650473), p = (0.563533, -0.308361, 0.650473)
Body 5479: orig = (0.918301, 0.734047, 0.123919), p = (0.918301, 0.734047, 0.123919)
Body 5480: orig = (0.594700, 0.942219, 0.183650), p = (0.594700, 0.942219, 0.183650)
Body 5481: orig = (1.108796, 0.720465, 0.207194), p = (1.108796, 0.720465, 0.207194)
Body 5482: orig = (0.445895, 0.012640, 0.585050), p = (0.445895, 0.012640, 0.585050)
Body 5483: orig = (0.704904, 0.347093, -0.279170), p = (0.704904, 0.347093, -0.279170)
Body 5484: orig = (0.369388, 0.534070, -0.110783), p = (0.369388, 0.534070, -0.110783)
Body 5485: orig = (0.955987, 0.893534, 0.444087), p = (0.955987, 0.893534, 0.444087)
Body 5486: orig = (1.266045, 0.660107, 0.430758), p = (1.266045, 0.660107, 0.430758)
Body 5487: orig = (0.782489, 0.552804, -0.146430), p = (0.782489, 0.552804, -0.146430)
Body 5488: orig = (0.974941, 0.440612, 1.089021), p = (0.974941, 0.440612, 1.089021)
Body 5489: orig = (-0.068938, 0.358868, 0.627169), p = (-0.068938, 0.358868, 0.627169)
Body 5490: orig = (0.774857, 0.272682, 0.436374), p = (0.774857, 0.272682, 0.436374)
Body 5491: orig = (0.322124, 0.305896, 1.064448), p = (0.322124, 0.305896, 1.064448)
Body 5492: orig = (0.626072, 0.572738, 1.031941), p = (0.626072, 0.572738, 1.031941)
Body 5493: orig = (0.069497, 0.303205, 0.685862), p = (0.069497, 0.303205, 0.685862)
Body 5494: orig = (0.757296, 0.064296, 0.374352), p = (0.757296, 0.064296, 0.374352)
Body 5495: orig = (-0.096767, 0.820287, 0.364662), p = (-0.096767, 0.820287, 0.364662)
Body 5496: orig = (0.773413, 0.218960, 0.407344), p = (0.773413, 0.218960, 0.407344)
Body 5497: orig = (0.365020, 0.306807, 0.823110), p = (0.365020, 0.306807, 0.823110)
Body 5498: orig = (0.789480, -0.164943, 0.417279), p = (0.789480, -0.164943, 0.417279)
Body 5499: orig = (0.027542, 0.782948, 0.229873), p = (0.027542, 0.782948, 0.229873)
Body 5500: orig = (0.596563, 0.666219, 0.495781), p = (0.596563, 0.666219, 0.495781)
Body 5501: orig = (1.065899, 0.573996, 0.202120), p = (1.065899, 0.573996, 0.202120)
Body 5502: orig = (0.050017, 0.976607, 0.700449), p = (0.050017, 0.976607, 0.700449)
Body 5503: orig = (0.204429, 1.082383, 0.331696), p = (0.204429, 1.082383, 0.331696)
Body 5504: orig = (-0.315054, 0.443724, 0.488957), p = (-0.315054, 0.443724, 0.488957)
Body 5505: orig = (0.289857, 0.546845, 0.842797), p = (0.289857, 0.546845, 0.842797)
Body 5506: orig = (0.693612, 0.426168, 1.141206), p = (0.693612, 0.426168, 1.141206)
Body 5507: orig = (0.606117, 0.056989, 0.868026), p = (0.606117, 0.056989, 0.868026)
Body 5508: orig = (0.847912, 0.612362, 0.068210), p = (0.847912, 0.612362, 0.068210)
Body 5509: orig = (0.211596, -0.024298, 0.941479), p = (0.211596, -0.024298, 0.941479)
Body 5510: orig = (0.940798, 0.980167, 0.465884), p = (0.940798, 0.980167, 0.465884)
Body 5511: orig = (0.964066, 0.583910, 0.612511), p = (0.964066, 0.583910, 0.612511)
Body 5512: orig = (0.255286, 0.432657, -0.494829), p = (0.255286, 0.432657, -0.494829)
Body 5513: orig = (0.512590, 0.712726, 0.082773), p = (0.512590, 0.712726, 0.082773)
Body 5514: orig = (0.269129, 0.673506, 0.390225), p = (0.269129, 0.673506, 0.390225)
Body 5515: orig = (0.295599, 0.283007, 0.027423), p = (0.295599, 0.283007, 0.027423)
Body 5516: orig = (0.061584, 0.520344, 0.899432), p = (0.061584, 0.520344, 0.899432)
Body 5517: orig = (0.322832, 0.716138, 1.003853), p = (0.322832, 0.716138, 1.003853)
Body 5518: orig = (0.179920, 0.491931, 0.133827), p = (0.179920, 0.491931, 0.133827)
Body 5519: orig = (0.694444, 0.746400, 1.119306), p = (0.694444, 0.746400, 1.119306)
Body 5520: orig = (0.683619, 0.569575, -0.305654), p = (0.683619, 0.569575, -0.305654)
Body 5521: orig = (-0.320757, 0.768780, 0.492440), p = (-0.320757, 0.768780, 0.492440)
Body 5522: orig = (0.521136, -0.020399, 1.480805), p = (0.521136, -0.020399, 1.480805)
Body 5523: orig = (0.398836, 0.316672, 0.342777), p = (0.398836, 0.316672, 0.342777)
Body 5524: orig = (1.026749, -0.096674, 0.379006), p = (1.026749, -0.096674, 0.379006)
Body 5525: orig = (0.344728, 0.073401, 0.616099), p = (0.344728, 0.073401, 0.616099)
Body 5526: orig = (-0.079907, 0.588116, 0.655993), p = (-0.079907, 0.588116, 0.655993)
Body 5527: orig = (0.629512, 0.265767, -0.134570), p = (0.629512, 0.265767, -0.134570)
Body 5528: orig = (0.331522, 1.274376, 0.586744), p = (0.331522, 1.274376, 0.586744)
Body 5529: orig = (0.802975, -0.239239, 0.499475), p = (0.802975, -0.239239, 0.499475)
Body 5530: orig = (-0.441464, 0.359854, 0.062794), p = (-0.441464, 0.359854, 0.062794)
Body 5531: orig = (0.194494, 0.110156, 0.783536), p = (0.194494, 0.110156, 0.783536)
Body 5532: orig = (0.969962, 0.686109, 0.407853), p = (0.969962, 0.686109, 0.407853)
Body 5533: orig = (0.923956, 0.093668, 0.547062), p = (0.923956, 0.093668, 0.547062)
Body 5534: orig = (0.677996, 0.282830, 0.956964), p = (0.677996, 0.282830, 0.956964)
Body 5535: orig = (-0.401076, 0.494327, 0.676186), p = (-0.401076, 0.494327, 0.676186)
Body 5536: orig = (0.404597, 0.656000, 0.655970), p = (0.404597, 0.656000, 0.655970)
Body 5537: orig = (0.985750, 0.767221, 0.432845), p = (0.985750, 0.767221, 0.432845)
Body 5538: orig = (0.367548, 0.039262, 0.997222), p = (0.367548, 0.039262, 0.997222)
Body 5539: orig = (0.311251, 0.703925, -0.448074), p = (0.311251, 0.703925, -0.448074)
Body 5540: orig = (0.359344, 0.698660, -0.441031), p = (0.359344, 0.698660, -0.441031)
Body 5541: orig = (0.041934, 0.203857, 0.720375), p = (0.041934, 0.203857, 0.720375)
Body 5542: orig = (0.228931, 0.485555, 0.072836), p = (0.228931, 0.485555, 0.072836)
Body 5543: orig = (0.255808, 0.530716, 0.876698), p = (0.255808, 0.530716, 0.876698)
Body 5544: orig = (0.640938, 0.121656, -0.358769), p = (0.640938, 0.121656, -0.358769)
Body 5545: orig = (0.584800, 0.611213, 0.732272), p = (0.584800, 0.611213, 0.732272)
Body 5546: orig = (0.424858, 0.977884, 0.885027), p = (0.424858, 0.977884, 0.885027)
Body 5547: orig = (1.325014, -0.120408, -0.372199), p = (1.325014, -0.120408, -0.372199)
Body 5548: orig = (-0.070183, 0.601273, 0.658687), p = (-0.070183, 0.601273, 0.658687)
Body 5549: orig = (0.592838, 0.722265, 1.014606), p = (0.592838, 0.722265, 1.014606)
Body 5550: orig = (0.425988, 0.692299, 0.784557), p = (0.425988, 0.692299, 0.784557)
Body 5551: orig = (0.679791, 0.914361, 0.748664), p = (0.679791, 0.914361, 0.748664)
Body 5552: orig = (0.306188, 1.439622, 0.528857), p = (0.306188, 1.439622, 0.528857)
Body 5553: orig = (0.635653, 0.831230, 0.853657), p = (0.635653, 0.831230, 0.853657)
Body 5554: orig = (0.332665, 0.262686, 0.895417), p = (0.332665, 0.262686, 0.895417)
Body 5555: orig = (0.433530, 0.334151, -0.372469), p = (0.433530, 0.334151, -0.372469)
Body 5556: orig = (0.715253, 0.443660, 0.920223), p = (0.715253, 0.443660, 0.920223)
Body 5557: orig = (1.133433, 0.570150, 0.046651), p = (1.133433, 0.570150, 0.046651)
Body 5558: orig = (0.587045, 0.718849, -0.061226), p = (0.587045, 0.718849, -0.061226)
Body 5559: orig = (0.534310, 0.833049, 1.128043), p = (0.534310, 0.833049, 1.128043)
Body 5560: orig = (0.701807, 1.010653, 0.520410), p = (0.701807, 1.010653, 0.520410)
Body 5561: orig = (0.077593, 0.415870, 1.384611), p = (0.077593, 0.415870, 1.384611)
Body 5562: orig = (0.705690, 0.057190, -0.243641), p = (0.705690, 0.057190, -0.243641)
Body 5563: orig = (0.844937, 0.594084, -0.351564), p = (0.844937, 0.594084, -0.351564)
Body 5564: orig = (0.257454, 0.529574, -0.222469), p = (0.257454, 0.529574, -0.222469)
Body 5565: orig = (-0.335675, 0.396446, 0.411434), p = (-0.335675, 0.396446, 0.411434)
Body 5566: orig = (1.085348, 0.357386, 0.379000), p = (1.085348, 0.357386, 0.379000)
Body 5567: orig = (0.663976, -0.807387, 1.756713), p = (0.663976, -0.807387, 1.756713)
Body 5568: orig = (0.728689, -0.267045, 0.399295), p = (0.728689, -0.267045, 0.399295)
Body 5569: orig = (0.929055, 0.603417, 0.174844), p = (0.929055, 0.603417, 0.174844)
Body 5570: orig = (0.569359, 0.967126, 1.169762), p = (0.569359, 0.967126, 1.169762)
Body 5571: orig = (0.917752, 0.501088, 0.478194), p = (0.917752, 0.501088, 0.478194)
Body 5572: orig = (0.770901, 0.586228, 1.208307), p = (0.770901, 0.586228, 1.208307)
Body 5573: orig = (0.179417, 0.557163, 1.021303), p = (0.179417, 0.557163, 1.021303)
Body 5574: orig = (0.049066, 0.139457, 0.629817), p = (0.049066, 0.139457, 0.629817)
Body 5575: orig = (0.398493, 0.456547, 1.343972), p = (0.398493, 0.456547, 1.343972)
Body 5576: orig = (0.724691, 0.929564, 0.585994), p = (0.724691, 0.929564, 0.585994)
Body 5577: orig = (0.487309, 0.578858, 1.132247), p = (0.487309, 0.578858, 1.132247)
Body 5578: orig = (1.029499, 0.279512, 0.544039), p = (1.029499, 0.279512, 0.544039)
Body 5579: orig = (0.769282, 0.208632, 0.374623), p = (0.769282, 0.208632, 0.374623)
Body 5580: orig = (0.403951, 0.463283, 0.303066), p = (0.403951, 0.463283, 0.303066)
Body 5581: orig = (0.514330, 0.770638, 1.055084), p = (0.514330, 0.770638, 1.055084)
Body 5582: orig = (1.252634, 0.618538, 0.966515), p = (1.252634, 0.618538, 0.966515)
Body 5583: orig = (0.869120, 2.451866, 2.099096), p = (0.869120, 2.451866, 2.099096)
Body 5584: orig = (0.500308, 0.548365, 1.360548), p = (0.500308, 0.548365, 1.360548)
Body 5585: orig = (0.932694, 0.640316, 1.056068), p = (0.932694, 0.640316, 1.056068)
Body 5586: orig = (1.139997, 0.524699, -0.068338), p = (1.139997, 0.524699, -0.068338)
Body 5587: orig = (1.286891, 0.675867, 0.181686), p = (1.286891, 0.675867, 0.181686)
Body 5588: orig = (0.228622, 0.196341, 0.798288), p = (0.228622, 0.196341, 0.798288)
Body 5589: orig = (0.347345, 1.438661, 0.515139), p = (0.347345, 1.438661, 0.515139)
Body 5590: orig = (0.745832, 0.291430, 0.577890), p = (0.745832, 0.291430, 0.577890)
Body 5591: orig = (0.491194, 1.283306, 0.537916), p = (0.491194, 1.283306, 0.537916)
Body 5592: orig = (0.447314, 0.640792, 1.398581), p = (0.447314, 0.640792, 1.398581)
Body 5593: orig = (0.229000, 0.883219, 0.503857), p = (0.229000, 0.883219, 0.503857)
Body 5594: orig = (0.918648, 0.753613, 0.873409), p = (0.918648, 0.753613, 0.873409)
Body 5595: orig = (0.731695, 0.080132, 0.395956), p = (0.731695, 0.080132, 0.395956)
Body 5596: orig = (0.177141, -0.027291, 0.769175), p = (0.177141, -0.027291, 0.769175)
Body 5597: orig = (1.067642, 0.969306, 0.742200), p = (1.067642, 0.969306, 0.742200)
Body 5598: orig = (0.635460, 0.323235, -0.289803), p = (0.635460, 0.323235, -0.289803)
Body 5599: orig = (0.310824, 0.507211, 1.010116), p = (0.310824, 0.507211, 1.010116)
Body 5600: orig = (0.793125, -0.242375, 0.560269), p = (0.793125, -0.242375, 0.560269)
Body 5601: orig = (1.505842, 0.473467, 0.493868), p = (1.505842, 0.473467, 0.493868)
Body 5602: orig = (0.449751, 0.700607, 1.303153), p = (0.449751, 0.700607, 1.303153)
Body 5603: orig = (-0.059155, 0.396271, 0.493473), p = (-0.059155, 0.396271, 0.493473)
Body 5604: orig = (0.042214, 1.368838, 0.466210), p = (0.042214, 1.368838, 0.466210)
Body 5605: orig = (0.126030, 0.820528, 0.072926), p = (0.126030, 0.820528, 0.072926)
Body 5606: orig = (0.434913, 1.268935, 0.384542), p = (0.434913, 1.268935, 0.384542)
Body 5607: orig = (0.346181, 1.041600, 0.875361), p = (0.346181, 1.041600, 0.875361)
Body 5608: orig = (-0.082507, 0.752187, 0.797989), p = (-0.082507, 0.752187, 0.797989)
Body 5609: orig = (0.442172, 0.461970, 0.531654), p = (0.442172, 0.461970, 0.531654)
Body 5610: orig = (0.799926, 0.207789, 0.560694), p = (0.799926, 0.207789, 0.560694)
Body 5611: orig = (0.779622, 0.736340, -0.083850), p = (0.779622, 0.736340, -0.083850)
Body 5612: orig = (0.765932, 0.537079, -0.264920), p = (0.765932, 0.537079, -0.264920)
Body 5613: orig = (0.883861, 0.704224, -0.282482), p = (0.883861, 0.704224, -0.282482)
Body 5614: orig = (-0.272281, -0.092409, 0.730297), p = (-0.272281, -0.092409, 0.730297)
Body 5615: orig = (0.148320, -0.119366, 0.400983), p = (0.148320, -0.119366, 0.400983)
Body 5616: orig = (0.695810, -0.074381, 0.513239), p = (0.695810, -0.074381, 0.513239)
Body 5617: orig = (1.411138, 0.297265, 0.193322), p = (1.411138, 0.297265, 0.193322)
Body 5618: orig = (-0.130860, 0.802501, 0.083878), p = (-0.130860, 0.802501, 0.083878)
Body 5619: orig = (0.222565, 0.320619, 0.234786), p = (0.222565, 0.320619, 0.234786)
Body 5620: orig = (0.560894, 0.356690, 0.857511), p = (0.560894, 0.356690, 0.857511)
Body 5621: orig = (0.498108, 0.191106, 0.862429), p = (0.498108, 0.191106, 0.862429)
Body 5622: orig = (0.577602, -0.014303, 0.665902), p = (0.577602, -0.014303, 0.665902)
Body 5623: orig = (0.176497, 0.343025, 0.765014), p = (0.176497, 0.343025, 0.765014)
Body 5624: orig = (0.296456, 1.158671, 0.431684), p = (0.296456, 1.158671, 0.431684)
Body 5625: orig = (0.776594, 0.214314, 0.032079), p = (0.776594, 0.214314, 0.032079)
Body 5626: orig = (-0.294502, 0.570478, 0.745534), p = (-0.294502, 0.570478, 0.745534)
Body 5627: orig = (-0.278557, 0.743442, 0.545885), p = (-0.278557, 0.743442, 0.545885)
Body 5628: orig = (-0.368400, 0.421023, 0.516398), p = (-0.368400, 0.421023, 0.516398)
Body 5629: orig = (0.209879, 0.558513, 1.036014), p = (0.209879, 0.558513, 1.036014)
Body 5630: orig = (0.660287, 0.957151, 0.493127), p = (0.660287, 0.957151, 0.493127)
Body 5631: orig = (0.306442, -0.088836, 0.494702), p = (0.306442, -0.088836, 0.494702)
Body 5632: orig = (1.520365, -1.213994, 0.730424), p = (1.520365, -1.213994, 0.730424)
Body 5633: orig = (0.376192, 1.149202, 0.357863), p = (0.376192, 1.149202, 0.357863)
Body 5634: orig = (0.272561, 0.476544, -0.179391), p = (0.272561, 0.476544, -0.179391)
Body 5635: orig = (0.320560, 0.019631, 0.878375), p = (0.320560, 0.019631, 0.878375)
Body 5636: orig = (0.336664, 0.650011, 0.056543), p = (0.336664, 0.650011, 0.056543)
Body 5637: orig = (0.468432, -0.454837, 0.572864), p = (0.468432, -0.454837, 0.572864)
Body 5638: orig = (0.478787, 0.548165, 1.155626), p = (0.478787, 0.548165, 1.155626)
Body 5639: orig = (0.667874, 0.673857, 0.109180), p = (0.667874, 0.673857, 0.109180)
Body 5640: orig = (0.335078, 0.084368, 0.465487), p = (0.335078, 0.084368, 0.465487)
Body 5641: orig = (0.061716, -0.378199, 0.424132), p = (0.061716, -0.378199, 0.424132)
Body 5642: orig = (0.121658, 0.510107, 0.026050), p = (0.121658, 0.510107, 0.026050)
Body 5643: orig = (0.580716, 1.335069, 0.646560), p = (0.580716, 1.335069, 0.646560)
Body 5644: orig = (0.214659, -0.030572, 0.304979), p = (0.214659, -0.030572, 0.304979)
Body 5645: orig = (0.264135, 0.703466, -0.200133), p = (0.264135, 0.703466, -0.200133)
Body 5646: orig = (0.426964, 1.426900, 0.513320), p = (0.426964, 1.426900, 0.513320)
Body 5647: orig = (1.083205, 0.193343, 0.010020), p = (1.083205, 0.193343, 0.010020)
Body 5648: orig = (0.683329, 0.373279, -0.393704), p = (0.683329, 0.373279, -0.393704)
Body 5649: orig = (0.200193, 0.363294, 0.281985), p = (0.200193, 0.363294, 0.281985)
Body 5650: orig = (0.276196, 0.667027, 0.158142), p = (0.276196, 0.667027, 0.158142)
Body 5651: orig = (1.428392, 1.069270, 0.337799), p = (1.428392, 1.069270, 0.337799)
Body 5652: orig = (0.786836, 0.519162, 0.338812), p = (0.786836, 0.519162, 0.338812)
Body 5653: orig = (1.044875, 0.492296, 0.391134), p = (1.044875, 0.492296, 0.391134)
Body 5654: orig = (0.808999, 0.348274, 0.405625), p = (0.808999, 0.348274, 0.405625)
Body 5655: orig = (0.618477, 0.443292, 1.495830), p = (0.618477, 0.443292, 1.495830)
Body 5656: orig = (0.397722, 0.870312, 0.405476), p = (0.397722, 0.870312, 0.405476)
Body 5657: orig = (0.602150, 0.139355, -0.049665), p = (0.602150, 0.139355, -0.049665)
Body 5658: orig = (0.341259, 0.845336, -0.303712), p = (0.341259, 0.845336, -0.303712)
Body 5659: orig = (1.249742, 0.111188, 0.638790), p = (1.249742, 0.111188, 0.638790)
Body 5660: orig = (0.684531, 0.974023, 0.624940), p = (0.684531, 0.974023, 0.624940)
Body 5661: orig = (1.222739, 0.914541, 0.105722), p = (1.222739, 0.914541, 0.105722)
Body 5662: orig = (1.220554, 0.544461, 0.259700), p = (1.220554, 0.544461, 0.259700)
Body 5663: orig = (0.837240, 0.570969, 0.081425), p = (0.837240, 0.570969, 0.081425)
Body 5664: orig = (0.011177, 0.312207, 0.161922), p = (0.011177, 0.312207, 0.161922)
Body 5665: orig = (0.373115, 1.477588, 0.314318), p = (0.373115, 1.477588, 0.314318)
Body 5666: orig = (0.622588, 0.185643, 1.102229), p = (0.622588, 0.185643, 1.102229)
Body 5667: orig = (0.025956, 0.660327, 0.467217), p = (0.025956, 0.660327, 0.467217)
Body 5668: orig = (0.696141, -0.174490, 0.502612), p = (0.696141, -0.174490, 0.502612)
Body 5669: orig = (0.549565, -0.364974, 0.639785), p = (0.549565, -0.364974, 0.639785)
Body 5670: orig = (0.171664, 0.456700, 0.611490), p = (0.171664, 0.456700, 0.611490)
Body 5671: orig = (0.758182, 0.248562, 0.477372), p = (0.758182, 0.248562, 0.477372)
Body 5672: orig = (0.837092, 0.400864, 1.287123), p = (0.837092, 0.400864, 1.287123)
Body 5673: orig = (0.168368, 0.904938, 1.472542), p = (0.168368, 0.904938, 1.472542)
Body 5674: orig = (0.060709, 0.670641, 0.182382), p = (0.060709, 0.670641, 0.182382)
Body 5675: orig = (0.461340, 0.714133, -0.234762), p = (0.461340, 0.714133, -0.234762)
Body 5676: orig = (1.261620, 0.563306, -0.346500), p = (1.261620, 0.563306, -0.346500)
Body 5677: orig = (0.846756, 1.251305, 0.568849), p = (0.846756, 1.251305, 0.568849)
Body 5678: orig = (-0.396453, 0.481033, 0.502758), p = (-0.396453, 0.481033, 0.502758)
Body 5679: orig = (0.305029, 0.989162, 0.183989), p = (0.305029, 0.989162, 0.183989)
Body 5680: orig = (0.552560, 0.149014, 0.906818), p = (0.552560, 0.149014, 0.906818)
Body 5681: orig = (1.361891, 0.671432, 0.106997), p = (1.361891, 0.671432, 0.106997)
Body 5682: orig = (0.361067, 1.051086, 0.450015), p = (0.361067, 1.051086, 0.450015)
Body 5683: orig = (0.613246, 0.277912, -0.309539), p = (0.613246, 0.277912, -0.309539)
Body 5684: orig = (-0.176195, 0.064322, 0.707180), p = (-0.176195, 0.064322, 0.707180)
Body 5685: orig = (0.480752, 0.037226, 0.855709), p = (0.480752, 0.037226, 0.855709)
Body 5686: orig = (0.503382, 1.301373, 0.581050), p = (0.503382, 1.301373, 0.581050)
Body 5687: orig = (0.379700, -0.009719, 0.136124), p = (0.379700, -0.009719, 0.136124)
Body 5688: orig = (0.559652, 1.411837, 0.554564), p = (0.559652, 1.411837, 0.554564)
Body 5689: orig = (0.657979, -0.209010, 0.636140), p = (0.657979, -0.209010, 0.636140)
Body 5690: orig = (0.041044, 0.939639, 0.353005), p = (0.041044, 0.939639, 0.353005)
Body 5691: orig = (0.510616, 1.103800, 1.223218), p = (0.510616, 1.103800, 1.223218)
Body 5692: orig = (0.383648, 0.749714, 0.372333), p = (0.383648, 0.749714, 0.372333)
Body 5693: orig = (0.815443, 0.272577, 0.425827), p = (0.815443, 0.272577, 0.425827)
Body 5694: orig = (1.289593, 0.372219, 0.581930), p = (1.289593, 0.372219, 0.581930)
Body 5695: orig = (0.335357, 1.022569, 0.159323), p = (0.335357, 1.022569, 0.159323)
Body 5696: orig = (0.173276, 0.413640, 1.231313), p = (0.173276, 0.413640, 1.231313)
Body 5697: orig = (0.882986, 0.576278, -0.193437), p = (0.882986, 0.576278, -0.193437)
Body 5698: orig = (0.754812, 0.385744, 0.906594), p = (0.754812, 0.385744, 0.906594)
Body 5699: orig = (1.160092, 0.392871, 0.191173), p = (1.160092, 0.392871, 0.191173)
Body 5700: orig = (0.264671, 0.164031, 0.628349), p = (0.264671, 0.164031, 0.628349)
Body 5701: orig = (0.846689, -0.071951, 0.495431), p = (0.846689, -0.071951, 0.495431)
Body 5702: orig = (0.747414, 0.623184, 0.295100), p = (0.747414, 0.623184, 0.295100)
Body 5703: orig = (0.370885, -0.097879, 0.827689), p = (0.370885, -0.097879, 0.827689)
Body 5704: orig = (-0.054833, 0.975181, 0.526226), p = (-0.054833, 0.975181, 0.526226)
Body 5705: orig = (0.605727, 0.270730, -0.030471), p = (0.605727, 0.270730, -0.030471)
Body 5706: orig = (0.621001, 0.144598, 0.176714), p = (0.621001, 0.144598, 0.176714)
Body 5707: orig = (0.709853, 0.717281, 0.855135), p = (0.709853, 0.717281, 0.855135)
Body 5708: orig = (0.964946, 0.283672, 0.783988), p = (0.964946, 0.283672, 0.783988)
Body 5709: orig = (0.385219, 0.308855, 1.140990), p = (0.385219, 0.308855, 1.140990)
Body 5710: orig = (0.245148, 0.745870, 1.320163), p = (0.245148, 0.745870, 1.320163)
Body 5711: orig = (0.373241, 1.011239, 0.525352), p = (0.373241, 1.011239, 0.525352)
Body 5712: orig = (-0.263580, 0.205255, 0.393439), p = (-0.263580, 0.205255, 0.393439)
Body 5713: orig = (0.217543, 0.858420, 1.025184), p = (0.217543, 0.858420, 1.025184)
Body 5714: orig = (0.301726, 0.035823, 0.413203), p = (0.301726, 0.035823, 0.413203)
Body 5715: orig = (0.223533, 1.125205, 0.609639), p = (0.223533, 1.125205, 0.609639)
Body 5716: orig = (0.097630, 0.425062, 0.579662), p = (0.097630, 0.425062, 0.579662)
Body 5717: orig = (-0.245422, 0.307497, 0.424315), p = (-0.245422, 0.307497, 0.424315)
Body 5718: orig = (0.451984, 0.109080, 0.307725), p = (0.451984, 0.109080, 0.307725)
Body 5719: orig = (0.560360, 0.640142, 0.418330), p = (0.560360, 0.640142, 0.418330)
Body 5720: orig = (0.339961, -0.092428, 0.725614), p = (0.339961, -0.092428, 0.725614)
Body 5721: orig = (0.181493, 0.678792, -0.064439), p = (0.181493, 0.678792, -0.064439)
Body 5722: orig = (0.401557, 1.452299, 0.466951), p = (0.401557, 1.452299, 0.466951)
Body 5723: orig = (0.731032, 0.269093, -0.153119), p = (0.731032, 0.269093, -0.153119)
Body 5724: orig = (0.375201, 0.669113, 0.067122), p = (0.375201, 0.669113, 0.067122)
Body 5725: orig = (0.603579, 0.574970, 0.682526), p = (0.603579, 0.574970, 0.682526)
Body 5726: orig = (0.341738, 0.853818, 0.982064), p = (0.341738, 0.853818, 0.982064)
Body 5727: orig = (0.481103, 0.566064, 0.990011), p = (0.481103, 0.566064, 0.990011)
Body 5728: orig = (0.504317, 0.864362, 0.372259), p = (0.504317, 0.864362, 0.372259)
Body 5729: orig = (-0.042760, 0.610575, 0.875281), p = (-0.042760, 0.610575, 0.875281)
Body 5730: orig = (0.668817, 0.908114, 0.500509), p = (0.668817, 0.908114, 0.500509)
Body 5731: orig = (0.039260, 1.108138, 0.314240), p = (0.039260, 1.108138, 0.314240)
Body 5732: orig = (0.205486, -0.062881, 0.504677), p = (0.205486, -0.062881, 0.504677)
Body 5733: orig = (0.945472, 0.606207, -0.041048), p = (0.945472, 0.606207, -0.041048)
Body 5734: orig = (0.604135, 1.004476, 1.458071), p = (0.604135, 1.004476, 1.458071)
Body 5735: orig = (0.274172, 0.703773, 1.197252), p = (0.274172, 0.703773, 1.197252)
Body 5736: orig = (0.521679, 0.671874, 0.324017), p = (0.521679, 0.671874, 0.324017)
Body 5737: orig = (0.472240, 1.045322, 0.428993), p = (0.472240, 1.045322, 0.428993)
Body 5738: orig = (0.590031, 0.559882, 1.211340), p = (0.590031, 0.559882, 1.211340)
Body 5739: orig = (0.149743, 0.298016, 0.146193), p = (0.149743, 0.298016, 0.146193)
Body 5740: orig = (0.390196, 0.529910, -0.364487), p = (0.390196, 0.529910, -0.364487)
Body 5741: orig = (0.349335, 0.879647, 0.868584), p = (0.349335, 0.879647, 0.868584)
Body 5742: orig = (0.757948, 1.553746, 0.547765), p = (0.757948, 1.553746, 0.547765)
Body 5743: orig = (0.038055, 0.806045, -0.673677), p = (0.038055, 0.806045, -0.673677)
Body 5744: orig = (0.411298, 1.126286, 0.933140), p = (0.411298, 1.126286, 0.933140)
Body 5745: orig = (0.084294, 0.957220, 0.805689), p = (0.084294, 0.957220, 0.805689)
Body 5746: orig = (0.556274, 0.631130, 1.322603), p = (0.556274, 0.631130, 1.322603)
Body 5747: orig = (0.609152, 1.421838, 0.627001), p = (0.609152, 1.421838, 0.627001)
Body 5748: orig = (0.925604, 0.705499, 0.552348), p = (0.925604, 0.705499, 0.552348)
Body 5749: orig = (0.516633, 0.566827, 0.838773), p = (0.516633, 0.566827, 0.838773)
Body 5750: orig = (1.145069, 0.710657, 0.681529), p = (1.145069, 0.710657, 0.681529)
Body 5751: orig = (0.179104, 0.584410, 0.659015), p = (0.179104, 0.584410, 0.659015)
Body 5752: orig = (0.360823, 0.498371, -0.306546), p = (0.360823, 0.498371, -0.306546)
Body 5753: orig = (0.696303, 0.875459, 0.607245), p = (0.696303, 0.875459, 0.607245)
Body 5754: orig = (0.344377, 0.216664, 0.904072), p = (0.344377, 0.216664, 0.904072)
Body 5755: orig = (0.110285, 0.986802, 0.496690), p = (0.110285, 0.986802, 0.496690)
Body 5756: orig = (0.115880, 0.359918, 0.156615), p = (0.115880, 0.359918, 0.156615)
Body 5757: orig = (0.734532, 0.091212, 0.330568), p = (0.734532, 0.091212, 0.330568)
Body 5758: orig = (0.636428, 0.424687, -0.132323), p = (0.636428, 0.424687, -0.132323)
Body 5759: orig = (0.425336, 1.268762, 0.547885), p = (0.425336, 1.268762, 0.547885)
Body 5760: orig = (0.837406, 1.149531, 0.548063), p = (0.837406, 1.149531, 0.548063)
Body 5761: orig = (0.723824, 0.133669, 0.651956), p = (0.723824, 0.133669, 0.651956)
Body 5762: orig = (0.496234, 0.449869, 0.322623), p = (0.496234, 0.449869, 0.322623)
Body 5763: orig = (0.520103, 0.917645, -0.101374), p = (0.520103, 0.917645, -0.101374)
Body 5764: orig = (0.475748, -0.043281, 0.019059), p = (0.475748, -0.043281, 0.019059)
Body 5765: orig = (0.330211, 0.093910, 0.518264), p = (0.330211, 0.093910, 0.518264)
Body 5766: orig = (0.985226, 0.989143, 0.451509), p = (0.985226, 0.989143, 0.451509)
Body 5767: orig = (0.313203, 0.093310, 0.945103), p = (0.313203, 0.093310, 0.945103)
Body 5768: orig = (0.557470, 0.620278, -0.319918), p = (0.557470, 0.620278, -0.319918)
Body 5769: orig = (0.321790, 0.762486, 0.808133), p = (0.321790, 0.762486, 0.808133)
Body 5770: orig = (1.040545, 0.295334, 0.699420), p = (1.040545, 0.295334, 0.699420)
Body 5771: orig = (1.224284, 0.438840, 0.805079), p = (1.224284, 0.438840, 0.805079)
Body 5772: orig = (0.517643, 0.604761, 0.927150), p = (0.517643, 0.604761, 0.927150)
Body 5773: orig = (0.767002, 0.764327, 0.285849), p = (0.767002, 0.764327, 0.285849)
Body 5774: orig = (-0.079914, -0.233815, 0.545628), p = (-0.079914, -0.233815, 0.545628)
Body 5775: orig = (0.394300, 1.256182, 0.340887), p = (0.394300, 1.256182, 0.340887)
Body 5776: orig = (0.532516, -0.180793, 0.446868), p = (0.532516, -0.180793, 0.446868)
Body 5777: orig = (-0.030006, 0.380733, 0.681426), p = (-0.030006, 0.380733, 0.681426)
Body 5778: orig = (0.710086, -0.356790, 0.449803), p = (0.710086, -0.356790, 0.449803)
Body 5779: orig = (0.456116, 0.464115, -0.551806), p = (0.456116, 0.464115, -0.551806)
Body 5780: orig = (0.785766, 0.102262, 0.657144), p = (0.785766, 0.102262, 0.657144)
Body 5781: orig = (0.168873, -0.000111, 0.676642), p = (0.168873, -0.000111, 0.676642)
Body 5782: orig = (0.552976, 0.484459, -0.252834), p = (0.552976, 0.484459, -0.252834)
Body 5783: orig = (0.347125, 0.839932, -0.430294), p = (0.347125, 0.839932, -0.430294)
Body 5784: orig = (0.859175, -0.098143, 1.026214), p = (0.859175, -0.098143, 1.026214)
Body 5785: orig = (0.377794, 0.813608, 1.177043), p = (0.377794, 0.813608, 1.177043)
Body 5786: orig = (1.024690, 0.522012, 0.503593), p = (1.024690, 0.522012, 0.503593)
Body 5787: orig = (0.582731, 0.635989, 0.751790), p = (0.582731, 0.635989, 0.751790)
Body 5788: orig = (0.628153, 0.660294, 0.792183), p = (0.628153, 0.660294, 0.792183)
Body 5789: orig = (0.922652, 0.538271, 1.046462), p = (0.922652, 0.538271, 1.046462)
Body 5790: orig = (0.362054, 0.934296, 0.851456), p = (0.362054, 0.934296, 0.851456)
Body 5791: orig = (0.838027, 1.227838, 0.463487), p = (0.838027, 1.227838, 0.463487)
Body 5792: orig = (1.282447, 0.753961, 0.459816), p = (1.282447, 0.753961, 0.459816)
Body 5793: orig = (0.004045, 0.889890, 0.607991), p = (0.004045, 0.889890, 0.607991)
Body 5794: orig = (0.450849, -0.317467, 0.318407), p = (0.450849, -0.317467, 0.318407)
Body 5795: orig = (0.637541, 0.594967, -0.526180), p = (0.637541, 0.594967, -0.526180)
Body 5796: orig = (0.880689, -0.004357, 0.400415), p = (0.880689, -0.004357, 0.400415)
Body 5797: orig = (1.053350, 0.283825, 0.407290), p = (1.053350, 0.283825, 0.407290)
Body 5798: orig = (0.665294, 0.441051, 1.178160), p = (0.665294, 0.441051, 1.178160)
Body 5799: orig = (1.429389, 0.545244, 0.588177), p = (1.429389, 0.545244, 0.588177)
Body 5800: orig = (0.837785, -0.267218, 0.524662), p = (0.837785, -0.267218, 0.524662)
Body 5801: orig = (0.565672, 0.052390, 0.593972), p = (0.565672, 0.052390, 0.593972)
Body 5802: orig = (0.497081, 0.280229, 0.251512), p = (0.497081, 0.280229, 0.251512)
Body 5803: orig = (-0.258084, 0.521770, 0.768262), p = (-0.258084, 0.521770, 0.768262)
Body 5804: orig = (-0.035112, 0.846722, 0.498961), p = (-0.035112, 0.846722, 0.498961)
Body 5805: orig = (1.318303, 0.322651, 0.581901), p = (1.318303, 0.322651, 0.581901)
Body 5806: orig = (0.240385, 0.156680, 0.594944), p = (0.240385, 0.156680, 0.594944)
Body 5807: orig = (1.368608, 0.761464, 0.511464), p = (1.368608, 0.761464, 0.511464)
Body 5808: orig = (0.333555, 0.001635, 0.339998), p = (0.333555, 0.001635, 0.339998)
Body 5809: orig = (0.753955, 0.433316, 0.838841), p = (0.753955, 0.433316, 0.838841)
Body 5810: orig = (0.694413, 0.846695, 0.043895), p = (0.694413, 0.846695, 0.043895)
Body 5811: orig = (0.004804, 0.463672, 0.589956), p = (0.004804, 0.463672, 0.589956)
Body 5812: orig = (0.387021, 0.488673, -0.446135), p = (0.387021, 0.488673, -0.446135)
Body 5813: orig = (0.338055, 0.562678, -0.295232), p = (0.338055, 0.562678, -0.295232)
Body 5814: orig = (0.869206, 0.835774, 0.050281), p = (0.869206, 0.835774, 0.050281)
Body 5815: orig = (1.476943, 0.622119, 0.378737), p = (1.476943, 0.622119, 0.378737)
Body 5816: orig = (0.272964, 0.611544, 0.765265), p = (0.272964, 0.611544, 0.765265)
Body 5817: orig = (1.136297, 0.214341, 0.340115), p = (1.136297, 0.214341, 0.340115)
Body 5818: orig = (1.067995, 0.569940, 0.546315), p = (1.067995, 0.569940, 0.546315)
Body 5819: orig = (0.729160, 0.336776, 0.635294), p = (0.729160, 0.336776, 0.635294)
Body 5820: orig = (-0.144099, 0.514030, 0.457809), p = (-0.144099, 0.514030, 0.457809)
Body 5821: orig = (-0.300951, 0.512119, 0.520941), p = (-0.300951, 0.512119, 0.520941)
Body 5822: orig = (1.089492, 0.556482, 1.280285), p = (1.089492, 0.556482, 1.280285)
Body 5823: orig = (1.143335, 0.679498, 0.659456), p = (1.143335, 0.679498, 0.659456)
Body 5824: orig = (0.430175, 1.029005, 0.119863), p = (0.430175, 1.029005, 0.119863)
Body 5825: orig = (1.241708, 0.117591, 0.442330), p = (1.241708, 0.117591, 0.442330)
Body 5826: orig = (0.325702, 0.397091, 0.256850), p = (0.325702, 0.397091, 0.256850)
Body 5827: orig = (0.724397, 0.623223, 1.271738), p = (0.724397, 0.623223, 1.271738)
Body 5828: orig = (-0.366881, 0.699204, 0.283997), p = (-0.366881, 0.699204, 0.283997)
Body 5829: orig = (0.684550, 0.747522, 1.098384), p = (0.684550, 0.747522, 1.098384)
Body 5830: orig = (-0.232365, 0.164038, 0.682517), p = (-0.232365, 0.164038, 0.682517)
Body 5831: orig = (1.176839, 0.532604, 0.772589), p = (1.176839, 0.532604, 0.772589)
Body 5832: orig = (1.284621, 0.586103, 0.598903), p = (1.284621, 0.586103, 0.598903)
Body 5833: orig = (0.939813, 0.485576, 1.031400), p = (0.939813, 0.485576, 1.031400)
Body 5834: orig = (0.460940, 0.030959, 0.349276), p = (0.460940, 0.030959, 0.349276)
Body 5835: orig = (0.038599, 0.850707, 0.310840), p = (0.038599, 0.850707, 0.310840)
Body 5836: orig = (1.441014, 0.486853, 0.478056), p = (1.441014, 0.486853, 0.478056)
Body 5837: orig = (0.424852, 0.359463, 0.378237), p = (0.424852, 0.359463, 0.378237)
Body 5838: orig = (0.704725, 0.299511, -0.266302), p = (0.704725, 0.299511, -0.266302)
Body 5839: orig = (0.314189, 1.041668, 0.337299), p = (0.314189, 1.041668, 0.337299)
Body 5840: orig = (0.365655, 0.197432, 0.716366), p = (0.365655, 0.197432, 0.716366)
Body 5841: orig = (0.112191, 1.058656, 0.530676), p = (0.112191, 1.058656, 0.530676)
Body 5842: orig = (0.094689, 0.739915, 0.464203), p = (0.094689, 0.739915, 0.464203)
Body 5843: orig = (0.848387, 0.880853, 0.411906), p = (0.848387, 0.880853, 0.411906)
Body 5844: orig = (-0.421509, 0.563516, 0.500859), p = (-0.421509, 0.563516, 0.500859)
Body 5845: orig = (0.841161, 0.596046, 0.708175), p = (0.841161, 0.596046, 0.708175)
Body 5846: orig = (0.783159, 0.049254, 0.269006), p = (0.783159, 0.049254, 0.269006)
Body 5847: orig = (0.361959, 0.171536, 0.693573), p = (0.361959, 0.171536, 0.693573)
Body 5848: orig = (0.893723, 0.697742, 0.319983), p = (0.893723, 0.697742, 0.319983)
Body 5849: orig = (0.257320, 0.656355, -0.037608), p = (0.257320, 0.656355, -0.037608)
Body 5850: orig = (0.746427, 0.188852, 0.401027), p = (0.746427, 0.188852, 0.401027)
Body 5851: orig = (0.778320, 0.414831, 1.239091), p = (0.778320, 0.414831, 1.239091)
Body 5852: orig = (0.062531, 0.209823, 0.208103), p = (0.062531, 0.209823, 0.208103)
Body 5853: orig = (-0.364655, 0.441447, 0.430819), p = (-0.364655, 0.441447, 0.430819)
Body 5854: orig = (0.274949, 0.926065, 0.925598), p = (0.274949, 0.926065, 0.925598)
Body 5855: orig = (0.184815, 0.599907, 0.399679), p = (0.184815, 0.599907, 0.399679)
Body 5856: orig = (-0.253319, 0.402202, 0.685791), p = (-0.253319, 0.402202, 0.685791)
Body 5857: orig = (0.758506, -0.043403, 1.080274), p = (0.758506, -0.043403, 1.080274)
Body 5858: orig = (1.062264, 0.889080, 0.591772), p = (1.062264, 0.889080, 0.591772)
Body 5859: orig = (0.582945, 1.248507, 0.699331), p = (0.582945, 1.248507, 0.699331)
Body 5860: orig = (0.037849, 0.727747, 0.258817), p = (0.037849, 0.727747, 0.258817)
Body 5861: orig = (0.676280, 0.110017, 0.464293), p = (0.676280, 0.110017, 0.464293)
Body 5862: orig = (1.003481, 0.853707, 0.247082), p = (1.003481, 0.853707, 0.247082)
Body 5863: orig = (0.554344, 0.196154, 0.204646), p = (0.554344, 0.196154, 0.204646)
Body 5864: orig = (0.706056, 1.007394, 0.646540), p = (0.706056, 1.007394, 0.646540)
Body 5865: orig = (0.616920, 0.461368, 0.336676), p = (0.616920, 0.461368, 0.336676)
Body 5866: orig = (0.761111, 1.236583, 0.528562), p = (0.761111, 1.236583, 0.528562)
Body 5867: orig = (0.661386, 0.894464, 0.354774), p = (0.661386, 0.894464, 0.354774)
Body 5868: orig = (0.088358, 0.096954, 1.006279), p = (0.088358, 0.096954, 1.006279)
Body 5869: orig = (0.590758, 1.147753, 0.772801), p = (0.590758, 1.147753, 0.772801)
Body 5870: orig = (0.982738, 0.543635, 0.217208), p = (0.982738, 0.543635, 0.217208)
Body 5871: orig = (0.527632, 0.858388, 0.415169), p = (0.527632, 0.858388, 0.415169)
Body 5872: orig = (0.237705, 0.194109, 0.033711), p = (0.237705, 0.194109, 0.033711)
Body 5873: orig = (0.240436, -0.089536, 0.447887), p = (0.240436, -0.089536, 0.447887)
Body 5874: orig = (0.680688, 0.465258, 0.145793), p = (0.680688, 0.465258, 0.145793)
Body 5875: orig = (1.666101, 0.461700, 0.359659), p = (1.666101, 0.461700, 0.359659)
Body 5876: orig = (0.836223, 0.057279, 0.378828), p = (0.836223, 0.057279, 0.378828)
Body 5877: orig = (0.437655, 0.635830, 0.151812), p = (0.437655, 0.635830, 0.151812)
Body 5878: orig = (0.234354, 0.327010, -0.120536), p = (0.234354, 0.327010, -0.120536)
Body 5879: orig = (0.314095, 0.180031, 0.773569), p = (0.314095, 0.180031, 0.773569)
Body 5880: orig = (0.512310, 0.165986, 0.263106), p = (0.512310, 0.165986, 0.263106)
Body 5881: orig = (0.834887, 0.075848, 0.437982), p = (0.834887, 0.075848, 0.437982)
Body 5882: orig = (0.670317, 0.625378, 0.741978), p = (0.670317, 0.625378, 0.741978)
Body 5883: orig = (1.061574, 0.346786, 0.543061), p = (1.061574, 0.346786, 0.543061)
Body 5884: orig = (0.191801, 0.988240, 0.327324), p = (0.191801, 0.988240, 0.327324)
Body 5885: orig = (0.330496, 0.847686, 0.475437), p = (0.330496, 0.847686, 0.475437)
Body 5886: orig = (0.402762, 0.800046, 0.039550), p = (0.402762, 0.800046, 0.039550)
Body 5887: orig = (0.619096, 1.268363, 0.305049), p = (0.619096, 1.268363, 0.305049)
Body 5888: orig = (1.265343, 0.218529, 0.755907), p = (1.265343, 0.218529, 0.755907)
Body 5889: orig = (0.328283, 1.311283, 0.959300), p = (0.328283, 1.311283, 0.959300)
Body 5890: orig = (0.279879, 0.979803, 0.143762), p = (0.279879, 0.979803, 0.143762)
Body 5891: orig = (0.685801, 0.557465, 0.588413), p = (0.685801, 0.557465, 0.588413)
Body 5892: orig = (0.948720, 0.886538, 0.472789), p = (0.948720, 0.886538, 0.472789)
Body 5893: orig = (0.832764, 0.562316, -0.176298), p = (0.832764, 0.562316, -0.176298)
Body 5894: orig = (1.335313, 0.489185, 0.834033), p = (1.335313, 0.489185, 0.834033)
Body 5895: orig = (0.808332, -0.123219, 0.164792), p = (0.808332, -0.123219, 0.164792)
Body 5896: orig = (0.219871, 0.435783, -0.174779), p = (0.219871, 0.435783, -0.174779)
Body 5897: orig = (0.394228, 0.492748, -0.228121), p = (0.394228, 0.492748, -0.228121)
Body 5898: orig = (0.530179, 0.290804, 0.587501), p = (0.530179, 0.290804, 0.587501)
Body 5899: orig = (-0.137273, 0.774566, 0.597290), p = (-0.137273, 0.774566, 0.597290)
Body 5900: orig = (-0.109224, 0.369063, 0.733406), p = (-0.109224, 0.369063, 0.733406)
Body 5901: orig = (0.646430, 1.021047, 0.240081), p = (0.646430, 1.021047, 0.240081)
Body 5902: orig = (0.309238, 0.013988, 0.149940), p = (0.309238, 0.013988, 0.149940)
Body 5903: orig = (0.049524, 0.415771, 0.764712), p = (0.049524, 0.415771, 0.764712)
Body 5904: orig = (0.611830, 0.969561, -0.078072), p = (0.611830, 0.969561, -0.078072)
Body 5905: orig = (0.567423, 0.452766, 0.123640), p = (0.567423, 0.452766, 0.123640)
Body 5906: orig = (1.168070, 0.304365, 0.312403), p = (1.168070, 0.304365, 0.312403)
Body 5907: orig = (0.547313, 0.161769, 0.240130), p = (0.547313, 0.161769, 0.240130)
Body 5908: orig = (-0.356265, 0.554580, 0.695606), p = (-0.356265, 0.554580, 0.695606)
Body 5909: orig = (1.255956, 1.507412, 0.134026), p = (1.255956, 1.507412, 0.134026)
Body 5910: orig = (0.518682, 0.388505, -0.356289), p = (0.518682, 0.388505, -0.356289)
Body 5911: orig = (1.001172, 0.563832, 0.205413), p = (1.001172, 0.563832, 0.205413)
Body 5912: orig = (-0.196187, 0.356402, 0.776911), p = (-0.196187, 0.356402, 0.776911)
Body 5913: orig = (0.229991, 0.077730, 0.746918), p = (0.229991, 0.077730, 0.746918)
Body 5914: orig = (0.139119, 0.027301, 0.651382), p = (0.139119, 0.027301, 0.651382)
Body 5915: orig = (1.450335, 0.731227, 0.578511), p = (1.450335, 0.731227, 0.578511)
Body 5916: orig = (-0.274210, 0.011738, 0.436559), p = (-0.274210, 0.011738, 0.436559)
Body 5917: orig = (0.747570, -0.024699, 0.376943), p = (0.747570, -0.024699, 0.376943)
Body 5918: orig = (0.288604, 1.081130, 0.333671), p = (0.288604, 1.081130, 0.333671)
Body 5919: orig = (0.453788, 0.747526, 0.455629), p = (0.453788, 0.747526, 0.455629)
Body 5920: orig = (-0.338553, 0.947745, 0.565506), p = (-0.338553, 0.947745, 0.565506)
Body 5921: orig = (0.612904, 0.869043, 0.930182), p = (0.612904, 0.869043, 0.930182)
Body 5922: orig = (0.360144, 0.616648, -0.176275), p = (0.360144, 0.616648, -0.176275)
Body 5923: orig = (1.284343, 0.383980, 0.526505), p = (1.284343, 0.383980, 0.526505)
Body 5924: orig = (1.316761, 0.752771, 0.284308), p = (1.316761, 0.752771, 0.284308)
Body 5925: orig = (0.454340, 0.063741, 0.504314), p = (0.454340, 0.063741, 0.504314)
Body 5926: orig = (-0.093672, 0.672759, 0.411634), p = (-0.093672, 0.672759, 0.411634)
Body 5927: orig = (0.278869, 0.560779, -0.018583), p = (0.278869, 0.560779, -0.018583)
Body 5928: orig = (0.241916, 0.753808, 1.005031), p = (0.241916, 0.753808, 1.005031)
Body 5929: orig = (0.351732, 0.704976, 0.490487), p = (0.351732, 0.704976, 0.490487)
Body 5930: orig = (0.907351, 0.062174, 0.570237), p = (0.907351, 0.062174, 0.570237)
Body 5931: orig = (0.674358, 0.170626, 0.126065), p = (0.674358, 0.170626, 0.126065)
Body 5932: orig = (1.104631, 0.599854, 0.675778), p = (1.104631, 0.599854, 0.675778)
Body 5933: orig = (0.224556, 0.846445, 0.639686), p = (0.224556, 0.846445, 0.639686)
Body 5934: orig = (0.135675, -0.192782, 0.543467), p = (0.135675, -0.192782, 0.543467)
Body 5935: orig = (0.437851, 0.631780, 0.260826), p = (0.437851, 0.631780, 0.260826)
Body 5936: orig = (0.332191, 0.495997, -0.411141), p = (0.332191, 0.495997, -0.411141)
Body 5937: orig = (-0.003489, 0.129233, 0.237560), p = (-0.003489, 0.129233, 0.237560)
Body 5938: orig = (0.707569, 0.703288, 0.302490), p = (0.707569, 0.703288, 0.302490)
Body 5939: orig = (1.113865, 0.559853, 0.967166), p = (1.113865, 0.559853, 0.967166)
Body 5940: orig = (-0.146366, 0.269288, 0.810366), p = (-0.146366, 0.269288, 0.810366)
Body 5941: orig = (0.337820, -0.245487, 0.678963), p = (0.337820, -0.245487, 0.678963)
Body 5942: orig = (0.511576, 0.622445, 0.236289), p = (0.511576, 0.622445, 0.236289)
Body 5943: orig = (0.233348, 0.078988, 0.705655), p = (0.233348, 0.078988, 0.705655)
Body 5944: orig = (1.764095, 0.512153, 0.533317), p = (1.764095, 0.512153, 0.533317)
Body 5945: orig = (-0.165897, 0.104714, 0.244516), p = (-0.165897, 0.104714, 0.244516)
Body 5946: orig = (0.579862, 0.011163, 0.671522), p = (0.579862, 0.011163, 0.671522)
Body 5947: orig = (0.390243, -0.257645, 0.627573), p = (0.390243, -0.257645, 0.627573)
Body 5948: orig = (0.747048, -0.309064, 0.674495), p = (0.747048, -0.309064, 0.674495)
Body 5949: orig = (0.329538, -0.312741, 0.514062), p = (0.329538, -0.312741, 0.514062)
Body 5950: orig = (0.376954, 0.117657, 0.024571), p = (0.376954, 0.117657, 0.024571)
Body 5951: orig = (0.730835, 0.933597, 0.627738), p = (0.730835, 0.933597, 0.627738)
Body 5952: orig = (1.434162, 0.157951, 0.460268), p = (1.434162, 0.157951, 0.460268)
Body 5953: orig = (0.469480, 0.644342, 1.455909), p = (0.469480, 0.644342, 1.455909)
Body 5954: orig = (0.519942, 1.173693, 0.617519), p = (0.519942, 1.173693, 0.617519)
Body 5955: orig = (1.396572, 0.566354, 0.463883), p = (1.396572, 0.566354, 0.463883)
Body 5956: orig = (0.259988, 0.979768, 0.404035), p = (0.259988, 0.979768, 0.404035)
Body 5957: orig = (0.331115, 0.952786, 0.437921), p = (0.331115, 0.952786, 0.437921)
Body 5958: orig = (0.963980, 0.146164, 0.997489), p = (0.963980, 0.146164, 0.997489)
Body 5959: orig = (1.402177, 0.588407, 0.598450), p = (1.402177, 0.588407, 0.598450)
Body 5960: orig = (0.200297, 0.621431, 1.187677), p = (0.200297, 0.621431, 1.187677)
Body 5961: orig = (0.556824, 0.508783, 0.390308), p = (0.556824, 0.508783, 0.390308)
Body 5962: orig = (0.528325, 1.582353, 0.748694), p = (0.528325, 1.582353, 0.748694)
Body 5963: orig = (0.688874, 1.152829, 0.228345), p = (0.688874, 1.152829, 0.228345)
Body 5964: orig = (0.802038, 0.054354, 0.125297), p = (0.802038, 0.054354, 0.125297)
Body 5965: orig = (0.222160, 0.602193, 1.304472), p = (0.222160, 0.602193, 1.304472)
Body 5966: orig = (7.273665, 19.185805, 17.677164), p = (7.273665, 19.185805, 17.677164)
Body 5967: orig = (0.531641, 0.708415, -0.451103), p = (0.531641, 0.708415, -0.451103)
Body 5968: orig = (0.215830, 0.766664, 0.680807), p = (0.215830, 0.766664, 0.680807)
Body 5969: orig = (-0.022493, 0.871095, 1.461179), p = (-0.022493, 0.871095, 1.461179)
Body 5970: orig = (0.420569, 0.426549, 0.936428), p = (0.420569, 0.426549, 0.936428)
Body 5971: orig = (0.568136, 0.422949, 0.870811), p = (0.568136, 0.422949, 0.870811)
Body 5972: orig = (-0.086884, 0.080175, 0.687416), p = (-0.086884, 0.080175, 0.687416)
Body 5973: orig = (0.174288, 0.415364, 0.596887), p = (0.174288, 0.415364, 0.596887)
Body 5974: orig = (-0.131561, 0.032728, 0.509996), p = (-0.131561, 0.032728, 0.509996)
Body 5975: orig = (0.254370, 0.636274, 0.180802), p = (0.254370, 0.636274, 0.180802)
Body 5976: orig = (-0.021895, 0.112481, 0.610282), p = (-0.021895, 0.112481, 0.610282)
Body 5977: orig = (-0.329402, 0.303189, 0.344925), p = (-0.329402, 0.303189, 0.344925)
Body 5978: orig = (0.487377, 0.817440, 0.045823), p = (0.487377, 0.817440, 0.045823)
Body 5979: orig = (1.080631, 0.917204, 0.380295), p = (1.080631, 0.917204, 0.380295)
Body 5980: orig = (0.997285, 0.550305, -0.020761), p = (0.997285, 0.550305, -0.020761)
Body 5981: orig = (0.092916, 0.595985, 1.017073), p = (0.092916, 0.595985, 1.017073)
Body 5982: orig = (0.510505, 0.115543, 0.879654), p = (0.510505, 0.115543, 0.879654)
Body 5983: orig = (0.371194, 1.084333, 0.896266), p = (0.371194, 1.084333, 0.896266)
Body 5984: orig = (0.524166, 1.502268, 0.617524), p = (0.524166, 1.502268, 0.617524)
Body 5985: orig = (-0.282484, 0.546902, 0.631241), p = (-0.282484, 0.546902, 0.631241)
Body 5986: orig = (0.533328, 0.607101, 0.395638), p = (0.533328, 0.607101, 0.395638)
Body 5987: orig = (0.829033, 0.397006, -0.211180), p = (0.829033, 0.397006, -0.211180)
Body 5988: orig = (0.966738, 0.057248, 0.271647), p = (0.966738, 0.057248, 0.271647)
Body 5989: orig = (-0.364972, 0.492560, 0.691614), p = (-0.364972, 0.492560, 0.691614)
Body 5990: orig = (0.495146, 0.906352, 1.012771), p = (0.495146, 0.906352, 1.012771)
Body 5991: orig = (0.277315, 0.529501, 1.127783), p = (0.277315, 0.529501, 1.127783)
Body 5992: orig = (0.303540, 0.793679, 0.125186), p = (0.303540, 0.793679, 0.125186)
Body 5993: orig = (-0.166156, 0.659128, 0.346270), p = (-0.166156, 0.659128, 0.346270)
Body 5994: orig = (0.491079, 0.473899, -0.139557), p = (0.491079, 0.473899, -0.139557)
Body 5995: orig = (0.273678, 1.091911, 0.436036), p = (0.273678, 1.091911, 0.436036)
Body 5996: orig = (0.004301, 0.583495, 0.081255), p = (0.004301, 0.583495, 0.081255)
Body 5997: orig = (0.756450, 1.246114, 0.514722), p = (0.756450, 1.246114, 0.514722)
Body 5998: orig = (1.361851, 0.099877, 0.392724), p = (1.361851, 0.099877, 0.392724)
Body 5999: orig = (0.416225, 0.948729, -0.033086), p = (0.416225, 0.948729, -0.033086)
Body 6000: orig = (0.885454, 0.019465, 0.438567), p = (0.885454, 0.019465, 0.438567)
Body 6001: orig = (0.295192, 0.180149, -0.008146), p = (0.295192, 0.180149, -0.008146)
Body 6002: orig = (0.951790, 0.011895, 0.335613), p = (0.951790, 0.011895, 0.335613)
Body 6003: orig = (0.962819, 0.295697, 0.755621), p = (0.962819, 0.295697, 0.755621)
Body 6004: orig = (0.758659, -0.019136, 0.625565), p = (0.758659, -0.019136, 0.625565)
Body 6005: orig = (0.712076, 0.722483, 0.772581), p = (0.712076, 0.722483, 0.772581)
Body 6006: orig = (0.624972, 0.141797, 0.673712), p = (0.624972, 0.141797, 0.673712)
Body 6007: orig = (1.004148, 0.914595, 0.442257), p = (1.004148, 0.914595, 0.442257)
Body 6008: orig = (0.125340, 1.375666, 0.354696), p = (0.125340, 1.375666, 0.354696)
Body 6009: orig = (0.438211, 1.431749, 0.435923), p = (0.438211, 1.431749, 0.435923)
Body 6010: orig = (0.183940, 0.324398, -0.007868), p = (0.183940, 0.324398, -0.007868)
Body 6011: orig = (0.635810, -0.573933, 0.558932), p = (0.635810, -0.573933, 0.558932)
Body 6012: orig = (-0.047131, -0.027275, -1.537731), p = (-0.047131, -0.027275, -1.537731)
Body 6013: orig = (0.440501, -0.211174, 0.557054), p = (0.440501, -0.211174, 0.557054)
Body 6014: orig = (0.640667, 0.842772, 1.090625), p = (0.640667, 0.842772, 1.090625)
Body 6015: orig = (0.509433, -0.169812, 0.527956), p = (0.509433, -0.169812, 0.527956)
Body 6016: orig = (0.762628, 1.221247, 0.251116), p = (0.762628, 1.221247, 0.251116)
Body 6017: orig = (0.490430, 0.001145, 1.034898), p = (0.490430, 0.001145, 1.034898)
Body 6018: orig = (-0.090488, 0.396796, 0.491697), p = (-0.090488, 0.396796, 0.491697)
Body 6019: orig = (0.550502, 0.597811, 0.642099), p = (0.550502, 0.597811, 0.642099)
Body 6020: orig = (0.158937, 0.325253, 0.442721), p = (0.158937, 0.325253, 0.442721)
Body 6021: orig = (0.150217, 0.119961, 0.745048), p = (0.150217, 0.119961, 0.745048)
Body 6022: orig = (-0.249232, 0.515522, 0.797355), p = (-0.249232, 0.515522, 0.797355)
Body 6023: orig = (0.618263, 0.925162, 0.975384), p = (0.618263, 0.925162, 0.975384)
Body 6024: orig = (0.342409, 0.603791, 0.961272), p = (0.342409, 0.603791, 0.961272)
Body 6025: orig = (0.447473, 1.174359, 0.491186), p = (0.447473, 1.174359, 0.491186)
Body 6026: orig = (0.714100, 1.249280, 0.580298), p = (0.714100, 1.249280, 0.580298)
Body 6027: orig = (0.759057, 0.704051, 0.210589), p = (0.759057, 0.704051, 0.210589)
Body 6028: orig = (0.159147, 0.434157, 0.719975), p = (0.159147, 0.434157, 0.719975)
Body 6029: orig = (0.889299, 0.162480, 0.297521), p = (0.889299, 0.162480, 0.297521)
Body 6030: orig = (0.570493, -0.505728, 0.410448), p = (0.570493, -0.505728, 0.410448)
Body 6031: orig = (0.732281, 0.549324, -0.320998), p = (0.732281, 0.549324, -0.320998)
Body 6032: orig = (0.367208, -0.436360, 0.596240), p = (0.367208, -0.436360, 0.596240)
Body 6033: orig = (1.368933, 0.261396, 0.599329), p = (1.368933, 0.261396, 0.599329)
Body 6034: orig = (0.515884, -0.176189, 0.777819), p = (0.515884, -0.176189, 0.777819)
Body 6035: orig = (0.437803, 0.562149, 0.784765), p = (0.437803, 0.562149, 0.784765)
Body 6036: orig = (0.646864, 1.468255, 0.144721), p = (0.646864, 1.468255, 0.144721)
Body 6037: orig = (0.453549, -0.036719, 0.395739), p = (0.453549, -0.036719, 0.395739)
Body 6038: orig = (0.947648, 0.982446, 0.538070), p = (0.947648, 0.982446, 0.538070)
Body 6039: orig = (0.527570, -0.137296, 0.631424), p = (0.527570, -0.137296, 0.631424)
Body 6040: orig = (0.159824, 0.935515, -0.280784), p = (0.159824, 0.935515, -0.280784)
Body 6041: orig = (0.624661, 0.112610, 0.771808), p = (0.624661, 0.112610, 0.771808)
Body 6042: orig = (-0.012493, 0.914730, 0.582790), p = (-0.012493, 0.914730, 0.582790)
Body 6043: orig = (0.200870, 0.820977, 0.701897), p = (0.200870, 0.820977, 0.701897)
Body 6044: orig = (0.029555, -0.032774, 0.461994), p = (0.029555, -0.032774, 0.461994)
Body 6045: orig = (0.526454, -0.582505, 0.542913), p = (0.526454, -0.582505, 0.542913)
Body 6046: orig = (1.165198, 0.516392, 0.537194), p = (1.165198, 0.516392, 0.537194)
Body 6047: orig = (-0.124062, 1.064254, 0.308566), p = (-0.124062, 1.064254, 0.308566)
Body 6048: orig = (0.400731, 0.574240, -0.238566), p = (0.400731, 0.574240, -0.238566)
Body 6049: orig = (0.504558, 0.943799, 0.060636), p = (0.504558, 0.943799, 0.060636)
Body 6050: orig = (-0.120240, 0.840213, 0.483883), p = (-0.120240, 0.840213, 0.483883)
Body 6051: orig = (-0.045219, 0.795944, 0.460680), p = (-0.045219, 0.795944, 0.460680)
Body 6052: orig = (0.287111, 0.829310, 0.683223), p = (0.287111, 0.829310, 0.683223)
Body 6053: orig = (0.271994, 0.523732, 0.418760), p = (0.271994, 0.523732, 0.418760)
Body 6054: orig = (0.873949, 1.026949, 0.665281), p = (0.873949, 1.026949, 0.665281)
Body 6055: orig = (0.120633, 0.779705, 1.530993), p = (0.120633, 0.779705, 1.530993)
Body 6056: orig = (0.875279, 0.016666, 0.758118), p = (0.875279, 0.016666, 0.758118)
Body 6057: orig = (0.759927, -0.259984, 0.096724), p = (0.759927, -0.259984, 0.096724)
Body 6058: orig = (-0.024872, 0.349486, 0.734096), p = (-0.024872, 0.349486, 0.734096)
Body 6059: orig = (0.791579, 0.204392, 0.268200), p = (0.791579, 0.204392, 0.268200)
Body 6060: orig = (0.428861, 1.104993, 0.790560), p = (0.428861, 1.104993, 0.790560)
Body 6061: orig = (-1.651688, -0.105372, 2.397648), p = (-1.651688, -0.105372, 2.397648)
Body 6062: orig = (-0.256964, 0.438106, 0.741655), p = (-0.256964, 0.438106, 0.741655)
Body 6063: orig = (0.364903, 1.392492, 0.663874), p = (0.364903, 1.392492, 0.663874)
Body 6064: orig = (0.272546, 1.036262, 0.668141), p = (0.272546, 1.036262, 0.668141)
Body 6065: orig = (0.899415, 0.261811, 0.720743), p = (0.899415, 0.261811, 0.720743)
Body 6066: orig = (0.603059, 0.162047, 0.970414), p = (0.603059, 0.162047, 0.970414)
Body 6067: orig = (0.398026, -0.026816, 0.634257), p = (0.398026, -0.026816, 0.634257)
Body 6068: orig = (0.407660, 0.929964, 0.948115), p = (0.407660, 0.929964, 0.948115)
Body 6069: orig = (0.907710, 0.039953, 0.501492), p = (0.907710, 0.039953, 0.501492)
Body 6070: orig = (0.273836, 0.612432, 1.204941), p = (0.273836, 0.612432, 1.204941)
Body 6071: orig = (0.618888, 0.359470, -0.219238), p = (0.618888, 0.359470, -0.219238)
Body 6072: orig = (0.855798, 0.184961, -0.248480), p = (0.855798, 0.184961, -0.248480)
Body 6073: orig = (0.005233, 0.491180, 0.192451), p = (0.005233, 0.491180, 0.192451)
Body 6074: orig = (1.030974, 0.338496, 0.692994), p = (1.030974, 0.338496, 0.692994)
Body 6075: orig = (0.567992, -0.244356, 0.662181), p = (0.567992, -0.244356, 0.662181)
Body 6076: orig = (0.835803, 1.092300, 0.260720), p = (0.835803, 1.092300, 0.260720)
Body 6077: orig = (0.634281, 0.216176, 1.062617), p = (0.634281, 0.216176, 1.062617)
Body 6078: orig = (0.637044, 0.042864, 0.309436), p = (0.637044, 0.042864, 0.309436)
Body 6079: orig = (-0.477028, 0.472398, 0.399974), p = (-0.477028, 0.472398, 0.399974)
Body 6080: orig = (0.536587, 0.142148, 1.067332), p = (0.536587, 0.142148, 1.067332)
Body 6081: orig = (0.339134, -0.226974, 0.412813), p = (0.339134, -0.226974, 0.412813)
Body 6082: orig = (-0.229090, 0.500462, 0.413215), p = (-0.229090, 0.500462, 0.413215)
Body 6083: orig = (0.909607, 0.314520, 0.694362), p = (0.909607, 0.314520, 0.694362)
Body 6084: orig = (0.539924, 0.308367, 1.042648), p = (0.539924, 0.308367, 1.042648)
Body 6085: orig = (0.462414, 0.583394, 1.205004), p = (0.462414, 0.583394, 1.205004)
Body 6086: orig = (0.908083, 0.465919, 0.550180), p = (0.908083, 0.465919, 0.550180)
Body 6087: orig = (0.552973, 0.158967, 0.997509), p = (0.552973, 0.158967, 0.997509)
Body 6088: orig = (1.081071, 0.615434, 0.471018), p = (1.081071, 0.615434, 0.471018)
Body 6089: orig = (-0.007331, 0.367995, 0.080237), p = (-0.007331, 0.367995, 0.080237)
Body 6090: orig = (1.212352, 0.447006, 0.820960), p = (1.212352, 0.447006, 0.820960)
Body 6091: orig = (1.614841, 0.312866, 0.387456), p = (1.614841, 0.312866, 0.387456)
Body 6092: orig = (0.278260, 0.625083, 0.067045), p = (0.278260, 0.625083, 0.067045)
Body 6093: orig = (0.620886, -0.412364, 0.369613), p = (0.620886, -0.412364, 0.369613)
Body 6094: orig = (0.509822, 0.888155, 1.181906), p = (0.509822, 0.888155, 1.181906)
Body 6095: orig = (1.049870, 0.574508, 0.224623), p = (1.049870, 0.574508, 0.224623)
Body 6096: orig = (-0.092265, 0.693169, 0.655961), p = (-0.092265, 0.693169, 0.655961)
Body 6097: orig = (1.013116, 0.165175, 0.213135), p = (1.013116, 0.165175, 0.213135)
Body 6098: orig = (0.400055, 0.426071, 0.126592), p = (0.400055, 0.426071, 0.126592)
Body 6099: orig = (0.361186, 0.539064, 0.959913), p = (0.361186, 0.539064, 0.959913)
Body 6100: orig = (-0.287975, 0.384704, 0.198635), p = (-0.287975, 0.384704, 0.198635)
Body 6101: orig = (0.662669, 0.178676, 0.256381), p = (0.662669, 0.178676, 0.256381)
Body 6102: orig = (0.029846, 0.397586, 0.520433), p = (0.029846, 0.397586, 0.520433)
Body 6103: orig = (0.062319, 0.458575, -0.033108), p = (0.062319, 0.458575, -0.033108)
Body 6104: orig = (0.250464, 0.336605, 0.648199), p = (0.250464, 0.336605, 0.648199)
Body 6105: orig = (0.351642, -0.272573, 0.398086), p = (0.351642, -0.272573, 0.398086)
Body 6106: orig = (0.830973, -0.084456, 0.593144), p = (0.830973, -0.084456, 0.593144)
Body 6107: orig = (0.235569, 0.876877, 0.891738), p = (0.235569, 0.876877, 0.891738)
Body 6108: orig = (0.686147, 0.502377, 1.283054), p = (0.686147, 0.502377, 1.283054)
Body 6109: orig = (1.284865, 0.762117, 0.387304), p = (1.284865, 0.762117, 0.387304)
Body 6110: orig = (0.588434, 0.382663, -0.296737), p = (0.588434, 0.382663, -0.296737)
Body 6111: orig = (1.183549, 0.686372, 0.527838), p = (1.183549, 0.686372, 0.527838)
Body 6112: orig = (0.546877, 0.861810, 0.990658), p = (0.546877, 0.861810, 0.990658)
Body 6113: orig = (0.633173, -0.610220, 0.232223), p = (0.633173, -0.610220, 0.232223)
Body 6114: orig = (0.794729, 1.199730, 0.549776), p = (0.794729, 1.199730, 0.549776)
Body 6115: orig = (0.758513, -0.153456, 0.320514), p = (0.758513, -0.153456, 0.320514)
Body 6116: orig = (0.793095, 0.278991, -0.021050), p = (0.793095, 0.278991, -0.021050)
Body 6117: orig = (1.061084, 0.836128, 0.667443), p = (1.061084, 0.836128, 0.667443)
Body 6118: orig = (1.090557, 0.281008, 0.712504), p = (1.090557, 0.281008, 0.712504)
Body 6119: orig = (0.224795, 0.262640, 0.705456), p = (0.224795, 0.262640, 0.705456)
Body 6120: orig = (0.919018, -0.077048, 0.448734), p = (0.919018, -0.077048, 0.448734)
Body 6121: orig = (0.392293, 0.635134, 1.240550), p = (0.392293, 0.635134, 1.240550)
Body 6122: orig = (0.851866, 0.672980, 1.110563), p = (0.851866, 0.672980, 1.110563)
Body 6123: orig = (0.102560, 0.001547, 0.424689), p = (0.102560, 0.001547, 0.424689)
Body 6124: orig = (0.507455, 0.752453, 1.340232), p = (0.507455, 0.752453, 1.340232)
Body 6125: orig = (0.188283, -0.236596, 0.766865), p = (0.188283, -0.236596, 0.766865)
Body 6126: orig = (0.480581, 1.118876, 0.705933), p = (0.480581, 1.118876, 0.705933)
Body 6127: orig = (0.472086, 0.324114, 0.837506), p = (0.472086, 0.324114, 0.837506)
Body 6128: orig = (0.591816, 0.400786, 1.632670), p = (0.591816, 0.400786, 1.632670)
Body 6129: orig = (0.671484, 0.380585, 0.153681), p = (0.671484, 0.380585, 0.153681)
Body 6130: orig = (0.578434, 0.709240, 1.222330), p = (0.578434, 0.709240, 1.222330)
Body 6131: orig = (0.555495, 1.195160, 0.434196), p = (0.555495, 1.195160, 0.434196)
Body 6132: orig = (0.792546, 0.530066, 1.221225), p = (0.792546, 0.530066, 1.221225)
Body 6133: orig = (0.462996, 0.950663, 0.477373), p = (0.462996, 0.950663, 0.477373)
Body 6134: orig = (-0.096663, 0.508438, 0.697413), p = (-0.096663, 0.508438, 0.697413)
Body 6135: orig = (0.354105, 0.707910, 0.000308), p = (0.354105, 0.707910, 0.000308)
Body 6136: orig = (0.294818, 0.784389, 0.511281), p = (0.294818, 0.784389, 0.511281)
Body 6137: orig = (-0.162242, 0.712276, 0.459107), p = (-0.162242, 0.712276, 0.459107)
Body 6138: orig = (0.091721, 0.148996, 0.466471), p = (0.091721, 0.148996, 0.466471)
Body 6139: orig = (0.810873, 0.268877, 0.723520), p = (0.810873, 0.268877, 0.723520)
Body 6140: orig = (0.166248, 0.255873, 0.742227), p = (0.166248, 0.255873, 0.742227)
Body 6141: orig = (0.249406, 0.805264, 0.921948), p = (0.249406, 0.805264, 0.921948)
Body 6142: orig = (1.074656, 0.413797, 0.491626), p = (1.074656, 0.413797, 0.491626)
Body 6143: orig = (0.014550, 0.138138, 0.403022), p = (0.014550, 0.138138, 0.403022)
Body 6144: orig = (0.093393, 0.429253, 0.584822), p = (0.093393, 0.429253, 0.584822)
Body 6145: orig = (-0.166878, 0.723391, 0.631979), p = (-0.166878, 0.723391, 0.631979)
Body 6146: orig = (0.090033, 0.523626, 0.683388), p = (0.090033, 0.523626, 0.683388)
Body 6147: orig = (-0.231263, 0.552540, 0.413855), p = (-0.231263, 0.552540, 0.413855)
Body 6148: orig = (0.844418, 0.995175, 0.377581), p = (0.844418, 0.995175, 0.377581)
Body 6149: orig = (0.591893, 0.574002, 1.194602), p = (0.591893, 0.574002, 1.194602)
Body 6150: orig = (0.236549, 0.030645, 0.629662), p = (0.236549, 0.030645, 0.629662)
Body 6151: orig = (0.621874, 0.159291, -0.228363), p = (0.621874, 0.159291, -0.228363)
Body 6152: orig = (0.237936, -0.455309, 0.329190), p = (0.237936, -0.455309, 0.329190)
Body 6153: orig = (0.548294, 0.682181, 0.178488), p = (0.548294, 0.682181, 0.178488)
Body 6154: orig = (0.527905, 0.341572, -1.018524), p = (0.527905, 0.341572, -1.018524)
Body 6155: orig = (0.378663, 0.473318, 0.381146), p = (0.378663, 0.473318, 0.381146)
Body 6156: orig = (0.541163, 0.896075, -0.040790), p = (0.541163, 0.896075, -0.040790)
Body 6157: orig = (0.904174, 0.122504, 0.255217), p = (0.904174, 0.122504, 0.255217)
Body 6158: orig = (0.521814, 0.691378, 1.161209), p = (0.521814, 0.691378, 1.161209)
Body 6159: orig = (0.690609, 0.338033, -0.079427), p = (0.690609, 0.338033, -0.079427)
Body 6160: orig = (0.243615, 0.495483, 0.362047), p = (0.243615, 0.495483, 0.362047)
Body 6161: orig = (0.212607, 0.686904, 0.289444), p = (0.212607, 0.686904, 0.289444)
Body 6162: orig = (0.446245, 0.318053, 1.173487), p = (0.446245, 0.318053, 1.173487)
Body 6163: orig = (1.201767, 0.816946, 0.693433), p = (1.201767, 0.816946, 0.693433)
Body 6164: orig = (0.295576, 0.436648, -0.540833), p = (0.295576, 0.436648, -0.540833)
Body 6165: orig = (0.582142, -0.399062, 0.580674), p = (0.582142, -0.399062, 0.580674)
Body 6166: orig = (0.362444, 1.082733, 0.967034), p = (0.362444, 1.082733, 0.967034)
Body 6167: orig = (0.509233, 1.203168, 0.851181), p = (0.509233, 1.203168, 0.851181)
Body 6168: orig = (0.663728, 0.925882, 0.544401), p = (0.663728, 0.925882, 0.544401)
Body 6169: orig = (0.378285, 0.659145, 0.428272), p = (0.378285, 0.659145, 0.428272)
Body 6170: orig = (0.273552, -0.285830, 0.499723), p = (0.273552, -0.285830, 0.499723)
Body 6171: orig = (1.285233, 0.302872, 0.610676), p = (1.285233, 0.302872, 0.610676)
Body 6172: orig = (0.292855, 0.916255, 0.279448), p = (0.292855, 0.916255, 0.279448)
Body 6173: orig = (0.713985, 0.920781, -0.194187), p = (0.713985, 0.920781, -0.194187)
Body 6174: orig = (0.579991, 0.525894, 0.241848), p = (0.579991, 0.525894, 0.241848)
Body 6175: orig = (0.288698, 0.807473, -0.089349), p = (0.288698, 0.807473, -0.089349)
Body 6176: orig = (0.561353, 0.710310, -0.183569), p = (0.561353, 0.710310, -0.183569)
Body 6177: orig = (-0.094376, 0.922423, 0.468618), p = (-0.094376, 0.922423, 0.468618)
Body 6178: orig = (0.802449, 0.739559, 0.757091), p = (0.802449, 0.739559, 0.757091)
Body 6179: orig = (0.173829, 0.386871, 0.178709), p = (0.173829, 0.386871, 0.178709)
Body 6180: orig = (0.534712, 0.596027, 0.250246), p = (0.534712, 0.596027, 0.250246)
Body 6181: orig = (0.481736, 0.061209, 0.727808), p = (0.481736, 0.061209, 0.727808)
Body 6182: orig = (0.147936, 0.415602, 0.666413), p = (0.147936, 0.415602, 0.666413)
Body 6183: orig = (0.486061, 0.939593, 0.604092), p = (0.486061, 0.939593, 0.604092)
Body 6184: orig = (0.665789, 0.902312, 0.515918), p = (0.665789, 0.902312, 0.515918)
Body 6185: orig = (0.623905, 1.244713, 0.337535), p = (0.623905, 1.244713, 0.337535)
Body 6186: orig = (0.176469, 1.306120, 0.200612), p = (0.176469, 1.306120, 0.200612)
Body 6187: orig = (0.168302, 0.815532, 1.000551), p = (0.168302, 0.815532, 1.000551)
Body 6188: orig = (0.760817, -0.008676, 0.064610), p = (0.760817, -0.008676, 0.064610)
Body 6189: orig = (0.137504, 0.623301, 0.218857), p = (0.137504, 0.623301, 0.218857)
Body 6190: orig = (0.195396, 0.192384, 0.396856), p = (0.195396, 0.192384, 0.396856)
Body 6191: orig = (0.847236, 0.522392, 0.478132), p = (0.847236, 0.522392, 0.478132)
Body 6192: orig = (0.473988, 0.841501, 0.101594), p = (0.473988, 0.841501, 0.101594)
Body 6193: orig = (0.733237, 0.641692, -0.009721), p = (0.733237, 0.641692, -0.009721)
Body 6194: orig = (0.528144, 0.209959, 0.935114), p = (0.528144, 0.209959, 0.935114)
Body 6195: orig = (0.515391, 0.479998, 1.047641), p = (0.515391, 0.479998, 1.047641)
Body 6196: orig = (0.316748, 0.579924, -0.078332), p = (0.316748, 0.579924, -0.078332)
Body 6197: orig = (-0.174209, 0.658580, 0.501036), p = (-0.174209, 0.658580, 0.501036)
Body 6198: orig = (0.474017, 0.652354, 1.129002), p = (0.474017, 0.652354, 1.129002)
Body 6199: orig = (-0.160438, 0.248653, 0.767767), p = (-0.160438, 0.248653, 0.767767)
Body 6200: orig = (0.996121, 0.549541, 0.542965), p = (0.996121, 0.549541, 0.542965)
Body 6201: orig = (0.856913, 0.090147, 0.699159), p = (0.856913, 0.090147, 0.699159)
Body 6202: orig = (0.745745, 0.877048, 0.177119), p = (0.745745, 0.877048, 0.177119)
Body 6203: orig = (0.954171, 0.934159, 0.327912), p = (0.954171, 0.934159, 0.327912)
Body 6204: orig = (0.531792, 0.262592, 0.370488), p = (0.531792, 0.262592, 0.370488)
Body 6205: orig = (0.359559, 0.571721, -0.012540), p = (0.359559, 0.571721, -0.012540)
Body 6206: orig = (0.965775, 0.768105, 0.722191), p = (0.965775, 0.768105, 0.722191)
Body 6207: orig = (-0.014889, 0.520511, 0.947615), p = (-0.014889, 0.520511, 0.947615)
Body 6208: orig = (0.540113, 1.045747, 1.026191), p = (0.540113, 1.045747, 1.026191)
Body 6209: orig = (1.116642, 0.969650, 0.384906), p = (1.116642, 0.969650, 0.384906)
Body 6210: orig = (0.644302, 0.666481, 0.543318), p = (0.644302, 0.666481, 0.543318)
Body 6211: orig = (0.737099, 1.026605, 1.148000), p = (0.737099, 1.026605, 1.148000)
Body 6212: orig = (0.413131, 0.321291, 0.165358), p = (0.413131, 0.321291, 0.165358)
Body 6213: orig = (0.593877, 0.021305, 0.787557), p = (0.593877, 0.021305, 0.787557)
Body 6214: orig = (0.173454, 0.854369, 0.331489), p = (0.173454, 0.854369, 0.331489)
Body 6215: orig = (1.121088, 0.684943, 0.639990), p = (1.121088, 0.684943, 0.639990)
Body 6216: orig = (0.526110, 0.924326, 1.047330), p = (0.526110, 0.924326, 1.047330)
Body 6217: orig = (0.493548, -0.245407, 0.197210), p = (0.493548, -0.245407, 0.197210)
Body 6218: orig = (0.581653, 0.619404, 0.430604), p = (0.581653, 0.619404, 0.430604)
Body 6219: orig = (0.507815, -0.172733, 0.730074), p = (0.507815, -0.172733, 0.730074)
Body 6220: orig = (0.461557, 0.413465, 1.317567), p = (0.461557, 0.413465, 1.317567)
Body 6221: orig = (-0.109122, 0.862041, 0.549494), p = (-0.109122, 0.862041, 0.549494)
Body 6222: orig = (0.564345, -0.301171, 0.653501), p = (0.564345, -0.301171, 0.653501)
Body 6223: orig = (0.454765, 1.153294, 0.795290), p = (0.454765, 1.153294, 0.795290)
Body 6224: orig = (-0.375095, 0.527302, 0.464550), p = (-0.375095, 0.527302, 0.464550)
Body 6225: orig = (-0.105181, 0.633254, 0.382485), p = (-0.105181, 0.633254, 0.382485)
Body 6226: orig = (0.050458, 0.639408, 0.284654), p = (0.050458, 0.639408, 0.284654)
Body 6227: orig = (0.641324, 0.477495, 0.057547), p = (0.641324, 0.477495, 0.057547)
Body 6228: orig = (-0.313205, 0.577516, 0.502328), p = (-0.313205, 0.577516, 0.502328)
Body 6229: orig = (-0.001920, 0.041702, 0.591372), p = (-0.001920, 0.041702, 0.591372)
Body 6230: orig = (0.348186, 0.557852, 0.847331), p = (0.348186, 0.557852, 0.847331)
Body 6231: orig = (-0.567446, 0.217621, 0.501828), p = (-0.567446, 0.217621, 0.501828)
Body 6232: orig = (-0.542244, 0.753092, 0.463564), p = (-0.542244, 0.753092, 0.463564)
Body 6233: orig = (0.443724, 1.285398, 0.282924), p = (0.443724, 1.285398, 0.282924)
Body 6234: orig = (0.576688, 0.635935, 1.292730), p = (0.576688, 0.635935, 1.292730)
Body 6235: orig = (1.123939, 0.750931, 0.102730), p = (1.123939, 0.750931, 0.102730)
Body 6236: orig = (0.330093, 0.876767, 0.613226), p = (0.330093, 0.876767, 0.613226)
Body 6237: orig = (0.789837, -0.202583, 0.541652), p = (0.789837, -0.202583, 0.541652)
Body 6238: orig = (1.425134, 0.849285, 0.269133), p = (1.425134, 0.849285, 0.269133)
Body 6239: orig = (0.478810, 0.335455, 0.050169), p = (0.478810, 0.335455, 0.050169)
Body 6240: orig = (0.139699, 1.123410, 0.304738), p = (0.139699, 1.123410, 0.304738)
Body 6241: orig = (0.747931, 1.155635, 0.497275), p = (0.747931, 1.155635, 0.497275)
Body 6242: orig = (1.033192, 0.548883, 0.878267), p = (1.033192, 0.548883, 0.878267)
Body 6243: orig = (0.135314, 0.437772, 0.569647), p = (0.135314, 0.437772, 0.569647)
Body 6244: orig = (0.428219, 0.125606, 0.243494), p = (0.428219, 0.125606, 0.243494)
Body 6245: orig = (0.595471, 0.749363, 0.223729), p = (0.595471, 0.749363, 0.223729)
Body 6246: orig = (0.059941, 0.477573, 0.564168), p = (0.059941, 0.477573, 0.564168)
Body 6247: orig = (0.789272, 2.081243, 0.715015), p = (0.789272, 2.081243, 0.715015)
Body 6248: orig = (0.492204, 0.584899, 1.197062), p = (0.492204, 0.584899, 1.197062)
Body 6249: orig = (0.298608, 0.414661, 1.001368), p = (0.298608, 0.414661, 1.001368)
Body 6250: orig = (0.183139, -0.108116, 0.627997), p = (0.183139, -0.108116, 0.627997)
Body 6251: orig = (0.824892, -0.266137, 0.531040), p = (0.824892, -0.266137, 0.531040)
Body 6252: orig = (0.201232, -0.021412, 0.856229), p = (0.201232, -0.021412, 0.856229)
Body 6253: orig = (1.129457, 0.972371, 0.295777), p = (1.129457, 0.972371, 0.295777)
Body 6254: orig = (0.665292, 0.738541, 0.648387), p = (0.665292, 0.738541, 0.648387)
Body 6255: orig = (0.988569, -0.215318, 0.103900), p = (0.988569, -0.215318, 0.103900)
Body 6256: orig = (0.356010, 0.629264, 0.453429), p = (0.356010, 0.629264, 0.453429)
Body 6257: orig = (1.200456, 0.664731, 0.394287), p = (1.200456, 0.664731, 0.394287)
Body 6258: orig = (0.344204, 0.114256, 0.528783), p = (0.344204, 0.114256, 0.528783)
Body 6259: orig = (0.419255, 0.473244, -0.408932), p = (0.419255, 0.473244, -0.408932)
Body 6260: orig = (0.816340, 0.657209, -0.026428), p = (0.816340, 0.657209, -0.026428)
Body 6261: orig = (0.449970, 0.196264, 0.896450), p = (0.449970, 0.196264, 0.896450)
Body 6262: orig = (0.481324, -0.077857, 0.799890), p = (0.481324, -0.077857, 0.799890)
Body 6263: orig = (0.347278, 0.408681, 1.354011), p = (0.347278, 0.408681, 1.354011)
Body 6264: orig = (0.694346, 0.111420, -0.113622), p = (0.694346, 0.111420, -0.113622)
Body 6265: orig = (0.422615, 0.189665, 1.234909), p = (0.422615, 0.189665, 1.234909)
Body 6266: orig = (0.048896, 0.759105, 1.009833), p = (0.048896, 0.759105, 1.009833)
Body 6267: orig = (0.236637, 0.520570, 0.809918), p = (0.236637, 0.520570, 0.809918)
Body 6268: orig = (0.918847, 1.150238, 1.864373), p = (0.918847, 1.150238, 1.864373)
Body 6269: orig = (-0.235417, 0.665478, 0.643440), p = (-0.235417, 0.665478, 0.643440)
Body 6270: orig = (0.482615, 1.319117, 0.317720), p = (0.482615, 1.319117, 0.317720)
Body 6271: orig = (0.465272, -0.097268, 1.141800), p = (0.465272, -0.097268, 1.141800)
Body 6272: orig = (0.198766, 1.095522, 0.768847), p = (0.198766, 1.095522, 0.768847)
Body 6273: orig = (0.804126, 0.046489, 0.780835), p = (0.804126, 0.046489, 0.780835)
Body 6274: orig = (0.389727, 0.528106, 1.442437), p = (0.389727, 0.528106, 1.442437)
Body 6275: orig = (0.111801, 0.980643, 0.601960), p = (0.111801, 0.980643, 0.601960)
Body 6276: orig = (0.419969, 0.741939, 0.954163), p = (0.419969, 0.741939, 0.954163)
Body 6277: orig = (-0.094684, 0.520244, 0.183010), p = (-0.094684, 0.520244, 0.183010)
Body 6278: orig = (1.257395, 0.804041, 0.518683), p = (1.257395, 0.804041, 0.518683)
Body 6279: orig = (0.255405, -0.395948, 0.308158), p = (0.255405, -0.395948, 0.308158)
Body 6280: orig = (0.275836, 0.203797, 0.978053), p = (0.275836, 0.203797, 0.978053)
Body 6281: orig = (0.394377, -0.021505, 0.391883), p = (0.394377, -0.021505, 0.391883)
Body 6282: orig = (0.723278, 0.104081, 1.139832), p = (0.723278, 0.104081, 1.139832)
Body 6283: orig = (0.663481, 0.289782, 0.878189), p = (0.663481, 0.289782, 0.878189)
Body 6284: orig = (0.761493, 0.493516, 0.285524), p = (0.761493, 0.493516, 0.285524)
Body 6285: orig = (-0.452455, 0.649854, 0.489044), p = (-0.452455, 0.649854, 0.489044)
Body 6286: orig = (1.281935, 0.430068, 0.817358), p = (1.281935, 0.430068, 0.817358)
Body 6287: orig = (-0.290050, 0.302177, 0.664456), p = (-0.290050, 0.302177, 0.664456)
Body 6288: orig = (0.453325, 0.939758, 0.101094), p = (0.453325, 0.939758, 0.101094)
Body 6289: orig = (0.417233, 0.392352, 0.522176), p = (0.417233, 0.392352, 0.522176)
Body 6290: orig = (0.033712, 0.681156, 0.557368), p = (0.033712, 0.681156, 0.557368)
Body 6291: orig = (0.249523, 0.335797, 0.196946), p = (0.249523, 0.335797, 0.196946)
Body 6292: orig = (1.130473, 0.578923, 0.644804), p = (1.130473, 0.578923, 0.644804)
Body 6293: orig = (-0.404084, 0.246531, 0.415535), p = (-0.404084, 0.246531, 0.415535)
Body 6294: orig = (0.198405, 0.271602, 0.004854), p = (0.198405, 0.271602, 0.004854)
Body 6295: orig = (0.567695, 0.299120, 0.956183), p = (0.567695, 0.299120, 0.956183)
Body 6296: orig = (0.601049, 0.534944, 0.377212), p = (0.601049, 0.534944, 0.377212)
Body 6297: orig = (0.367758, 0.303351, 0.969196), p = (0.367758, 0.303351, 0.969196)
Body 6298: orig = (-0.083257, 0.624752, 0.712434), p = (-0.083257, 0.624752, 0.712434)
Body 6299: orig = (0.814812, 1.031270, 0.718113), p = (0.814812, 1.031270, 0.718113)
Body 6300: orig = (0.644770, 0.112742, 0.818850), p = (0.644770, 0.112742, 0.818850)
Body 6301: orig = (0.208379, 0.275157, -0.072167), p = (0.208379, 0.275157, -0.072167)
Body 6302: orig = (0.167367, 0.521240, 0.488472), p = (0.167367, 0.521240, 0.488472)
Body 6303: orig = (-0.241781, 0.421863, 0.771021), p = (-0.241781, 0.421863, 0.771021)
Body 6304: orig = (0.594963, 0.475249, 0.973010), p = (0.594963, 0.475249, 0.973010)
Body 6305: orig = (0.275418, 0.748687, -0.253802), p = (0.275418, 0.748687, -0.253802)
Body 6306: orig = (0.235717, 0.516933, 0.469866), p = (0.235717, 0.516933, 0.469866)
Body 6307: orig = (0.572123, 0.793084, 0.667680), p = (0.572123, 0.793084, 0.667680)
Body 6308: orig = (0.522686, 0.703899, 0.521084), p = (0.522686, 0.703899, 0.521084)
Body 6309: orig = (1.093339, 0.848660, 0.663620), p = (1.093339, 0.848660, 0.663620)
Body 6310: orig = (0.486302, 0.494759, 0.753744), p = (0.486302, 0.494759, 0.753744)
Body 6311: orig = (0.456055, 0.696561, 0.698558), p = (0.456055, 0.696561, 0.698558)
Body 6312: orig = (0.298075, -0.273401, 0.300225), p = (0.298075, -0.273401, 0.300225)
Body 6313: orig = (0.935660, 0.495272, 0.570281), p = (0.935660, 0.495272, 0.570281)
Body 6314: orig = (0.243601, 0.124611, 0.827083), p = (0.243601, 0.124611, 0.827083)
Body 6315: orig = (0.462517, 0.486082, -0.446428), p = (0.462517, 0.486082, -0.446428)
Body 6316: orig = (0.593082, 0.344552, -0.336827), p = (0.593082, 0.344552, -0.336827)
Body 6317: orig = (-0.096561, 0.769589, 0.243727), p = (-0.096561, 0.769589, 0.243727)
Body 6318: orig = (0.288876, -0.391835, 0.342018), p = (0.288876, -0.391835, 0.342018)
Body 6319: orig = (0.263028, 0.302163, -0.060148), p = (0.263028, 0.302163, -0.060148)
Body 6320: orig = (1.527802, 0.501837, 0.474554), p = (1.527802, 0.501837, 0.474554)
Body 6321: orig = (1.813708, -0.157936, -0.292348), p = (1.813708, -0.157936, -0.292348)
Body 6322: orig = (1.052459, 0.440922, 1.018745), p = (1.052459, 0.440922, 1.018745)
Body 6323: orig = (1.086843, 0.018175, 0.613099), p = (1.086843, 0.018175, 0.613099)
Body 6324: orig = (0.466428, 0.756902, 0.690397), p = (0.466428, 0.756902, 0.690397)
Body 6325: orig = (0.593243, 0.673644, 0.188325), p = (0.593243, 0.673644, 0.188325)
Body 6326: orig = (0.657789, 1.147300, 0.500710), p = (0.657789, 1.147300, 0.500710)
Body 6327: orig = (0.866460, 0.964787, 0.587906), p = (0.866460, 0.964787, 0.587906)
Body 6328: orig = (-2.621072, 2.085816, 2.506091), p = (-2.621072, 2.085816, 2.506091)
Body 6329: orig = (0.305446, 0.522578, -0.065721), p = (0.305446, 0.522578, -0.065721)
Body 6330: orig = (0.312550, 1.463354, 1.037357), p = (0.312550, 1.463354, 1.037357)
Body 6331: orig = (1.230852, 0.377600, 0.537863), p = (1.230852, 0.377600, 0.537863)
Body 6332: orig = (-0.061448, -0.150333, 0.474394), p = (-0.061448, -0.150333, 0.474394)
Body 6333: orig = (0.382862, -0.175403, 0.235501), p = (0.382862, -0.175403, 0.235501)
Body 6334: orig = (0.339794, -0.059504, 0.799328), p = (0.339794, -0.059504, 0.799328)
Body 6335: orig = (0.084508, 0.451265, 1.030026), p = (0.084508, 0.451265, 1.030026)
Body 6336: orig = (0.486287, 0.042089, 0.959125), p = (0.486287, 0.042089, 0.959125)
Body 6337: orig = (0.494215, 0.894747, -0.111375), p = (0.494215, 0.894747, -0.111375)
Body 6338: orig = (1.188175, 0.332707, 0.267926), p = (1.188175, 0.332707, 0.267926)
Body 6339: orig = (0.450574, -0.301784, 0.417165), p = (0.450574, -0.301784, 0.417165)
Body 6340: orig = (0.488234, 0.667114, 0.293696), p = (0.488234, 0.667114, 0.293696)
Body 6341: orig = (-0.349967, 0.679756, 0.538529), p = (-0.349967, 0.679756, 0.538529)
Body 6342: orig = (0.353812, 0.264755, 0.060527), p = (0.353812, 0.264755, 0.060527)
Body 6343: orig = (-0.155164, 0.595730, 0.153143), p = (-0.155164, 0.595730, 0.153143)
Body 6344: orig = (-0.578556, 0.676922, 0.693843), p = (-0.578556, 0.676922, 0.693843)
Body 6345: orig = (0.579558, 0.140954, -0.093539), p = (0.579558, 0.140954, -0.093539)
Body 6346: orig = (0.594657, 1.235200, -0.790042), p = (0.594657, 1.235200, -0.790042)
Body 6347: orig = (1.150554, 0.174708, 0.276802), p = (1.150554, 0.174708, 0.276802)
Body 6348: orig = (0.918712, -0.018974, 0.362777), p = (0.918712, -0.018974, 0.362777)
Body 6349: orig = (1.133009, 0.540857, 0.330497), p = (1.133009, 0.540857, 0.330497)
Body 6350: orig = (3.999267, 0.818643, 1.043253), p = (3.999267, 0.818643, 1.043253)
Body 6351: orig = (-0.023971, 0.119128, 0.639601), p = (-0.023971, 0.119128, 0.639601)
Body 6352: orig = (0.018601, 0.576683, -0.008247), p = (0.018601, 0.576683, -0.008247)
Body 6353: orig = (0.169459, 0.559245, 0.750686), p = (0.169459, 0.559245, 0.750686)
Body 6354: orig = (0.717856, 0.641128, 0.539670), p = (0.717856, 0.641128, 0.539670)
Body 6355: orig = (1.182279, 0.206624, 0.349903), p = (1.182279, 0.206624, 0.349903)
Body 6356: orig = (0.785847, 0.570747, 0.169759), p = (0.785847, 0.570747, 0.169759)
Body 6357: orig = (0.156732, 0.500597, 1.019570), p = (0.156732, 0.500597, 1.019570)
Body 6358: orig = (0.466032, 0.268264, -0.288930), p = (0.466032, 0.268264, -0.288930)
Body 6359: orig = (0.397262, 0.794048, 0.543332), p = (0.397262, 0.794048, 0.543332)
Body 6360: orig = (0.304444, 0.516924, 0.982520), p = (0.304444, 0.516924, 0.982520)
Body 6361: orig = (1.100307, 0.749568, 0.665144), p = (1.100307, 0.749568, 0.665144)
Body 6362: orig = (0.218557, 0.531531, 0.333714), p = (0.218557, 0.531531, 0.333714)
Body 6363: orig = (0.366462, 0.102576, 0.561448), p = (0.366462, 0.102576, 0.561448)
Body 6364: orig = (0.373627, 0.715417, 0.246657), p = (0.373627, 0.715417, 0.246657)
Body 6365: orig = (0.787729, 0.577804, -0.210498), p = (0.787729, 0.577804, -0.210498)
Body 6366: orig = (0.404692, 0.576736, -0.318594), p = (0.404692, 0.576736, -0.318594)
Body 6367: orig = (0.911314, 0.845996, 0.140328), p = (0.911314, 0.845996, 0.140328)
Body 6368: orig = (0.810903, -0.195473, 0.406552), p = (0.810903, -0.195473, 0.406552)
Body 6369: orig = (0.333033, 0.697423, 1.126168), p = (0.333033, 0.697423, 1.126168)
Body 6370: orig = (0.198800, 0.980430, 0.689262), p = (0.198800, 0.980430, 0.689262)
Body 6371: orig = (0.419109, 0.858194, 0.119583), p = (0.419109, 0.858194, 0.119583)
Body 6372: orig = (0.628576, 0.637851, 1.438436), p = (0.628576, 0.637851, 1.438436)
Body 6373: orig = (0.685179, 0.180344, 0.273904), p = (0.685179, 0.180344, 0.273904)
Body 6374: orig = (0.590118, 0.452360, 0.428543), p = (0.590118, 0.452360, 0.428543)
Body 6375: orig = (0.408252, 0.601451, 0.360856), p = (0.408252, 0.601451, 0.360856)
Body 6376: orig = (0.399107, 1.193094, 0.655113), p = (0.399107, 1.193094, 0.655113)
Body 6377: orig = (0.511511, -0.220384, 0.877664), p = (0.511511, -0.220384, 0.877664)
Body 6378: orig = (-0.324854, 0.696703, 0.638869), p = (-0.324854, 0.696703, 0.638869)
Body 6379: orig = (0.482387, 0.679111, 0.896924), p = (0.482387, 0.679111, 0.896924)
Body 6380: orig = (0.602669, 0.145829, -0.322383), p = (0.602669, 0.145829, -0.322383)
Body 6381: orig = (-0.478762, 0.456978, 0.512320), p = (-0.478762, 0.456978, 0.512320)
Body 6382: orig = (0.271475, 0.546302, 1.124719), p = (0.271475, 0.546302, 1.124719)
Body 6383: orig = (0.418848, 0.540665, -0.269001), p = (0.418848, 0.540665, -0.269001)
Body 6384: orig = (0.100387, 0.255486, 0.805188), p = (0.100387, 0.255486, 0.805188)
Body 6385: orig = (0.802043, 0.675239, -0.212196), p = (0.802043, 0.675239, -0.212196)
Body 6386: orig = (0.064736, 0.355849, 0.708875), p = (0.064736, 0.355849, 0.708875)
Body 6387: orig = (0.349584, -0.383106, 0.582002), p = (0.349584, -0.383106, 0.582002)
Body 6388: orig = (0.697395, 0.803598, 0.438939), p = (0.697395, 0.803598, 0.438939)
Body 6389: orig = (0.032687, 0.580609, 0.391182), p = (0.032687, 0.580609, 0.391182)
Body 6390: orig = (1.168803, 0.346002, 0.433752), p = (1.168803, 0.346002, 0.433752)
Body 6391: orig = (0.449998, 0.970432, -0.033907), p = (0.449998, 0.970432, -0.033907)
Body 6392: orig = (0.125818, 0.619704, -0.120496), p = (0.125818, 0.619704, -0.120496)
Body 6393: orig = (0.803270, 0.919045, 0.489992), p = (0.803270, 0.919045, 0.489992)
Body 6394: orig = (-0.079111, 0.397081, 0.488079), p = (-0.079111, 0.397081, 0.488079)
Body 6395: orig = (0.400477, -0.333492, 0.652102), p = (0.400477, -0.333492, 0.652102)
Body 6396: orig = (0.273595, -0.210525, 0.559888), p = (0.273595, -0.210525, 0.559888)
Body 6397: orig = (0.973901, 0.424295, 0.987044), p = (0.973901, 0.424295, 0.987044)
Body 6398: orig = (0.229373, 0.384970, -0.058317), p = (0.229373, 0.384970, -0.058317)
Body 6399: orig = (0.230217, 0.941389, 0.531662), p = (0.230217, 0.941389, 0.531662)
Body 6400: orig = (-0.341830, 0.455257, 0.257927), p = (-0.341830, 0.455257, 0.257927)
Body 6401: orig = (0.255775, 0.431758, 0.751409), p = (0.255775, 0.431758, 0.751409)
Body 6402: orig = (0.566417, -0.104901, 0.462893), p = (0.566417, -0.104901, 0.462893)
Body 6403: orig = (1.207688, 0.515402, 0.653130), p = (1.207688, 0.515402, 0.653130)
Body 6404: orig = (0.878320, 0.240278, 0.539668), p = (0.878320, 0.240278, 0.539668)
Body 6405: orig = (1.170570, 0.224946, 0.547815), p = (1.170570, 0.224946, 0.547815)
Body 6406: orig = (0.439883, 0.534673, 0.421828), p = (0.439883, 0.534673, 0.421828)
Body 6407: orig = (0.618125, 0.708841, 0.328442), p = (0.618125, 0.708841, 0.328442)
Body 6408: orig = (2.059136, 0.752911, 0.668035), p = (2.059136, 0.752911, 0.668035)
Body 6409: orig = (0.336207, 1.222784, 0.783288), p = (0.336207, 1.222784, 0.783288)
Body 6410: orig = (1.058679, -0.510862, -0.147396), p = (1.058679, -0.510862, -0.147396)
Body 6411: orig = (0.726102, 0.510568, 1.106218), p = (0.726102, 0.510568, 1.106218)
Body 6412: orig = (0.194980, 0.582221, 0.291537), p = (0.194980, 0.582221, 0.291537)
Body 6413: orig = (0.015203, 0.304452, 0.798609), p = (0.015203, 0.304452, 0.798609)
Body 6414: orig = (0.995583, 0.646266, 0.608106), p = (0.995583, 0.646266, 0.608106)
Body 6415: orig = (0.847576, 0.330756, 0.422215), p = (0.847576, 0.330756, 0.422215)
Body 6416: orig = (0.284265, 0.514621, -0.192900), p = (0.284265, 0.514621, -0.192900)
Body 6417: orig = (1.087453, 0.320285, 0.867703), p = (1.087453, 0.320285, 0.867703)
Body 6418: orig = (0.087924, 0.522166, 0.075990), p = (0.087924, 0.522166, 0.075990)
Body 6419: orig = (0.410999, 1.105989, 0.062968), p = (0.410999, 1.105989, 0.062968)
Body 6420: orig = (0.290746, 0.802480, 0.102662), p = (0.290746, 0.802480, 0.102662)
Body 6421: orig = (0.491364, 0.724944, 0.085602), p = (0.491364, 0.724944, 0.085602)
Body 6422: orig = (0.606080, 0.492653, 0.241668), p = (0.606080, 0.492653, 0.241668)
Body 6423: orig = (0.445413, 0.265757, 0.669111), p = (0.445413, 0.265757, 0.669111)
Body 6424: orig = (0.380131, 0.243361, 1.042430), p = (0.380131, 0.243361, 1.042430)
Body 6425: orig = (0.562584, 0.636210, 0.710511), p = (0.562584, 0.636210, 0.710511)
Body 6426: orig = (-0.127033, 0.207606, 0.455964), p = (-0.127033, 0.207606, 0.455964)
Body 6427: orig = (0.163368, 0.479423, 0.632126), p = (0.163368, 0.479423, 0.632126)
Body 6428: orig = (0.629364, 0.147900, 0.816874), p = (0.629364, 0.147900, 0.816874)
Body 6429: orig = (0.740001, 0.494176, -0.330276), p = (0.740001, 0.494176, -0.330276)
Body 6430: orig = (0.296187, -0.106670, 0.215829), p = (0.296187, -0.106670, 0.215829)
Body 6431: orig = (0.316246, -0.076322, -0.009051), p = (0.316246, -0.076322, -0.009051)
Body 6432: orig = (0.124738, -0.065714, 0.443833), p = (0.124738, -0.065714, 0.443833)
Body 6433: orig = (0.428972, 1.436370, 0.423096), p = (0.428972, 1.436370, 0.423096)
Body 6434: orig = (1.261417, 0.310545, -0.038652), p = (1.261417, 0.310545, -0.038652)
Body 6435: orig = (0.743658, 0.071452, 0.242670), p = (0.743658, 0.071452, 0.242670)
Body 6436: orig = (0.176424, 0.698174, 1.114240), p = (0.176424, 0.698174, 1.114240)
Body 6437: orig = (0.785683, -0.242724, 0.467075), p = (0.785683, -0.242724, 0.467075)
Body 6438: orig = (0.635017, -0.123251, 0.359075), p = (0.635017, -0.123251, 0.359075)
Body 6439: orig = (0.334608, 0.329495, 1.043754), p = (0.334608, 0.329495, 1.043754)
Body 6440: orig = (0.956209, 0.261099, 0.332634), p = (0.956209, 0.261099, 0.332634)
Body 6441: orig = (0.425127, 0.589371, 0.614579), p = (0.425127, 0.589371, 0.614579)
Body 6442: orig = (0.542424, 0.670511, 0.988963), p = (0.542424, 0.670511, 0.988963)
Body 6443: orig = (0.849536, 0.688807, 0.026587), p = (0.849536, 0.688807, 0.026587)
Body 6444: orig = (-0.201602, 0.515386, 0.442539), p = (-0.201602, 0.515386, 0.442539)
Body 6445: orig = (1.111063, 0.283680, 0.256968), p = (1.111063, 0.283680, 0.256968)
Body 6446: orig = (0.403276, -0.313693, 0.467680), p = (0.403276, -0.313693, 0.467680)
Body 6447: orig = (-0.310503, 0.910519, -0.749537), p = (-0.310503, 0.910519, -0.749537)
Body 6448: orig = (0.123938, 0.498764, 0.700129), p = (0.123938, 0.498764, 0.700129)
Body 6449: orig = (0.834210, -0.220479, 0.284210), p = (0.834210, -0.220479, 0.284210)
Body 6450: orig = (0.113024, 0.116020, 0.594034), p = (0.113024, 0.116020, 0.594034)
Body 6451: orig = (0.525640, 0.111950, 1.260706), p = (0.525640, 0.111950, 1.260706)
Body 6452: orig = (1.149559, 0.664395, 0.689399), p = (1.149559, 0.664395, 0.689399)
Body 6453: orig = (0.147386, 0.344639, 0.208318), p = (0.147386, 0.344639, 0.208318)
Body 6454: orig = (0.613974, 0.141184, 0.942262), p = (0.613974, 0.141184, 0.942262)
Body 6455: orig = (-0.011870, 0.176085, 0.537456), p = (-0.011870, 0.176085, 0.537456)
Body 6456: orig = (-0.504648, 0.371680, 0.153182), p = (-0.504648, 0.371680, 0.153182)
Body 6457: orig = (-0.145207, 0.289551, 0.526944), p = (-0.145207, 0.289551, 0.526944)
Body 6458: orig = (0.287665, 0.307116, 0.039667), p = (0.287665, 0.307116, 0.039667)
Body 6459: orig = (1.310282, 0.185169, 0.590293), p = (1.310282, 0.185169, 0.590293)
Body 6460: orig = (1.163992, 0.415136, 0.859403), p = (1.163992, 0.415136, 0.859403)
Body 6461: orig = (0.352363, 0.494219, 0.088454), p = (0.352363, 0.494219, 0.088454)
Body 6462: orig = (0.500026, -0.127080, 0.736352), p = (0.500026, -0.127080, 0.736352)
Body 6463: orig = (2.696197, 1.587195, 1.236658), p = (2.696197, 1.587195, 1.236658)
Body 6464: orig = (0.891463, 0.943007, 0.376110), p = (0.891463, 0.943007, 0.376110)
Body 6465: orig = (0.181646, 1.281072, 0.735929), p = (0.181646, 1.281072, 0.735929)
Body 6466: orig = (-0.240001, 0.221988, 0.411638), p = (-0.240001, 0.221988, 0.411638)
Body 6467: orig = (0.692356, 0.691800, 0.501416), p = (0.692356, 0.691800, 0.501416)
Body 6468: orig = (0.861461, 0.268080, 1.336090), p = (0.861461, 0.268080, 1.336090)
Body 6469: orig = (0.237388, 0.361314, 0.899950), p = (0.237388, 0.361314, 0.899950)
Body 6470: orig = (1.177466, 0.179446, 0.241447), p = (1.177466, 0.179446, 0.241447)
Body 6471: orig = (0.197972, 1.556612, 0.061267), p = (0.197972, 1.556612, 0.061267)
Body 6472: orig = (2.534348, 0.135755, 0.716636), p = (2.534348, 0.135755, 0.716636)
Body 6473: orig = (-0.154526, 0.438110, 0.249969), p = (-0.154526, 0.438110, 0.249969)
Body 6474: orig = (0.243515, 0.118578, 0.616012), p = (0.243515, 0.118578, 0.616012)
Body 6475: orig = (0.506735, 0.361951, 0.728345), p = (0.506735, 0.361951, 0.728345)
Body 6476: orig = (0.780465, 0.610554, 0.852399), p = (0.780465, 0.610554, 0.852399)
Body 6477: orig = (-0.393336, 0.544641, 0.537242), p = (-0.393336, 0.544641, 0.537242)
Body 6478: orig = (0.568329, 0.462561, 0.696193), p = (0.568329, 0.462561, 0.696193)
Body 6479: orig = (0.643854, 0.377407, 0.915765), p = (0.643854, 0.377407, 0.915765)
Body 6480: orig = (0.914958, 0.053372, 0.368488), p = (0.914958, 0.053372, 0.368488)
Body 6481: orig = (0.227945, 1.276150, 0.513826), p = (0.227945, 1.276150, 0.513826)
Body 6482: orig = (-0.109166, 0.821357, 0.359291), p = (-0.109166, 0.821357, 0.359291)
Body 6483: orig = (0.160178, 1.008834, 0.874262), p = (0.160178, 1.008834, 0.874262)
Body 6484: orig = (0.554206, 0.286724, 0.911369), p = (0.554206, 0.286724, 0.911369)
Body 6485: orig = (-0.005919, -0.356521, 0.450532), p = (-0.005919, -0.356521, 0.450532)
Body 6486: orig = (0.570104, 1.195995, 0.132038), p = (0.570104, 1.195995, 0.132038)
Body 6487: orig = (-0.132884, 0.725896, 0.370734), p = (-0.132884, 0.725896, 0.370734)
Body 6488: orig = (0.381928, 1.132228, 0.744360), p = (0.381928, 1.132228, 0.744360)
Body 6489: orig = (-0.221964, 0.597625, 0.520968), p = (-0.221964, 0.597625, 0.520968)
Body 6490: orig = (0.746433, 0.180618, 0.146833), p = (0.746433, 0.180618, 0.146833)
Body 6491: orig = (0.427246, 0.351530, 1.210499), p = (0.427246, 0.351530, 1.210499)
Body 6492: orig = (0.105315, 0.543099, 0.977933), p = (0.105315, 0.543099, 0.977933)
Body 6493: orig = (0.162555, 0.217608, 0.517265), p = (0.162555, 0.217608, 0.517265)
Body 6494: orig = (0.010760, 1.062855, 0.542762), p = (0.010760, 1.062855, 0.542762)
Body 6495: orig = (1.118423, 0.847068, 0.487403), p = (1.118423, 0.847068, 0.487403)
Body 6496: orig = (1.114020, 0.495736, 0.093359), p = (1.114020, 0.495736, 0.093359)
Body 6497: orig = (0.093396, 0.333262, 0.420607), p = (0.093396, 0.333262, 0.420607)
Body 6498: orig = (0.901442, 0.490591, 0.460014), p = (0.901442, 0.490591, 0.460014)
Body 6499: orig = (1.157089, 0.574037, 0.564616), p = (1.157089, 0.574037, 0.564616)
Body 6500: orig = (0.768719, 0.748737, 0.877137), p = (0.768719, 0.748737, 0.877137)
Body 6501: orig = (0.746385, 0.258388, 1.134034), p = (0.746385, 0.258388, 1.134034)
Body 6502: orig = (0.835980, 0.718450, -0.241352), p = (0.835980, 0.718450, -0.241352)
Body 6503: orig = (1.186885, 0.826769, 0.430480), p = (1.186885, 0.826769, 0.430480)
Body 6504: orig = (-0.188774, 0.797967, 0.536639), p = (-0.188774, 0.797967, 0.536639)
Body 6505: orig = (0.652953, 0.017900, 0.348369), p = (0.652953, 0.017900, 0.348369)
Body 6506: orig = (0.336002, 0.371571, 0.867043), p = (0.336002, 0.371571, 0.867043)
Body 6507: orig = (0.644361, 0.710176, -0.029553), p = (0.644361, 0.710176, -0.029553)
Body 6508: orig = (0.981814, 1.522951, 0.288975), p = (0.981814, 1.522951, 0.288975)
Body 6509: orig = (0.885757, 0.342283, 1.024130), p = (0.885757, 0.342283, 1.024130)
Body 6510: orig = (0.788260, 0.669509, 0.687895), p = (0.788260, 0.669509, 0.687895)
Body 6511: orig = (0.264645, 0.566787, 1.179516), p = (0.264645, 0.566787, 1.179516)
Body 6512: orig = (1.254355, 0.395699, 0.737153), p = (1.254355, 0.395699, 0.737153)
Body 6513: orig = (0.402372, 0.052814, 0.354223), p = (0.402372, 0.052814, 0.354223)
Body 6514: orig = (0.359821, 0.370357, 0.367567), p = (0.359821, 0.370357, 0.367567)
Body 6515: orig = (0.288974, 0.778235, 1.046815), p = (0.288974, 0.778235, 1.046815)
Body 6516: orig = (0.395641, 0.187102, 0.099588), p = (0.395641, 0.187102, 0.099588)
Body 6517: orig = (0.853653, -0.064142, 0.368449), p = (0.853653, -0.064142, 0.368449)
Body 6518: orig = (0.043211, 0.518332, 0.840435), p = (0.043211, 0.518332, 0.840435)
Body 6519: orig = (-2.975908, 4.413057, -10.060904), p = (-2.975908, 4.413057, -10.060904)
Body 6520: orig = (0.437293, 0.688141, 0.148917), p = (0.437293, 0.688141, 0.148917)
Body 6521: orig = (0.229966, 1.230908, 0.313877), p = (0.229966, 1.230908, 0.313877)
Body 6522: orig = (1.170279, 0.385775, 0.917695), p = (1.170279, 0.385775, 0.917695)
Body 6523: orig = (0.412122, 1.351833, 0.526377), p = (0.412122, 1.351833, 0.526377)
Body 6524: orig = (0.912343, 0.526415, 0.523161), p = (0.912343, 0.526415, 0.523161)
Body 6525: orig = (-0.431797, 0.200121, 0.640557), p = (-0.431797, 0.200121, 0.640557)
Body 6526: orig = (0.615015, -0.118629, 0.790084), p = (0.615015, -0.118629, 0.790084)
Body 6527: orig = (0.434455, 1.575258, 0.062930), p = (0.434455, 1.575258, 0.062930)
Body 6528: orig = (0.641468, 0.099659, 0.809823), p = (0.641468, 0.099659, 0.809823)
Body 6529: orig = (1.017638, 0.292903, 0.381248), p = (1.017638, 0.292903, 0.381248)
Body 6530: orig = (-0.435080, 0.506552, 0.382762), p = (-0.435080, 0.506552, 0.382762)
Body 6531: orig = (0.216723, 1.122890, 0.865281), p = (0.216723, 1.122890, 0.865281)
Body 6532: orig = (1.179274, 0.652362, 0.014332), p = (1.179274, 0.652362, 0.014332)
Body 6533: orig = (-0.261314, 0.514476, 0.541115), p = (-0.261314, 0.514476, 0.541115)
Body 6534: orig = (0.707205, 0.641130, 0.173548), p = (0.707205, 0.641130, 0.173548)
Body 6535: orig = (0.786895, 0.874234, 0.555536), p = (0.786895, 0.874234, 0.555536)
Body 6536: orig = (0.310392, 0.702838, 0.014052), p = (0.310392, 0.702838, 0.014052)
Body 6537: orig = (0.544990, 1.183324, 0.465056), p = (0.544990, 1.183324, 0.465056)
Body 6538: orig = (0.306989, 1.214294, 0.574116), p = (0.306989, 1.214294, 0.574116)
Body 6539: orig = (0.545488, 0.268706, 1.039985), p = (0.545488, 0.268706, 1.039985)
Body 6540: orig = (0.438375, 0.288253, -0.365909), p = (0.438375, 0.288253, -0.365909)
Body 6541: orig = (0.521305, 0.445606, 1.220534), p = (0.521305, 0.445606, 1.220534)
Body 6542: orig = (0.615371, 0.914603, 0.528505), p = (0.615371, 0.914603, 0.528505)
Body 6543: orig = (0.552186, 0.464872, -0.131830), p = (0.552186, 0.464872, -0.131830)
Body 6544: orig = (0.538384, 0.610277, 0.818354), p = (0.538384, 0.610277, 0.818354)
Body 6545: orig = (1.439624, 0.545774, 0.464099), p = (1.439624, 0.545774, 0.464099)
Body 6546: orig = (0.563910, 0.601253, 1.492324), p = (0.563910, 0.601253, 1.492324)
Body 6547: orig = (0.737029, 0.554205, 1.099350), p = (0.737029, 0.554205, 1.099350)
Body 6548: orig = (0.722181, 0.652058, 0.991161), p = (0.722181, 0.652058, 0.991161)
Body 6549: orig = (0.525363, -0.122533, 0.312723), p = (0.525363, -0.122533, 0.312723)
Body 6550: orig = (1.322589, 0.512312, 0.440252), p = (1.322589, 0.512312, 0.440252)
Body 6551: orig = (0.735304, 1.167168, 0.681327), p = (0.735304, 1.167168, 0.681327)
Body 6552: orig = (0.382323, 0.475882, 0.623076), p = (0.382323, 0.475882, 0.623076)
Body 6553: orig = (0.509116, 0.557957, -0.391789), p = (0.509116, 0.557957, -0.391789)
Body 6554: orig = (-0.203273, 0.382224, 0.491649), p = (-0.203273, 0.382224, 0.491649)
Body 6555: orig = (0.418235, 1.035162, 1.076306), p = (0.418235, 1.035162, 1.076306)
Body 6556: orig = (0.331860, -0.127575, 0.478702), p = (0.331860, -0.127575, 0.478702)
Body 6557: orig = (1.510900, 0.434926, 0.460995), p = (1.510900, 0.434926, 0.460995)
Body 6558: orig = (0.717343, 0.570979, 1.145202), p = (0.717343, 0.570979, 1.145202)
Body 6559: orig = (0.759887, 0.014208, 0.358072), p = (0.759887, 0.014208, 0.358072)
Body 6560: orig = (0.843005, 0.379304, 0.098301), p = (0.843005, 0.379304, 0.098301)
Body 6561: orig = (0.658602, 0.596369, 0.664254), p = (0.658602, 0.596369, 0.664254)
Body 6562: orig = (0.747683, 0.234427, 0.905682), p = (0.747683, 0.234427, 0.905682)
Body 6563: orig = (0.778157, 0.204693, 0.429257), p = (0.778157, 0.204693, 0.429257)
Body 6564: orig = (0.600475, 0.946069, 0.386574), p = (0.600475, 0.946069, 0.386574)
Body 6565: orig = (0.111866, 0.367700, 0.709101), p = (0.111866, 0.367700, 0.709101)
Body 6566: orig = (0.356597, 0.033027, 0.258624), p = (0.356597, 0.033027, 0.258624)
Body 6567: orig = (0.480463, 1.516276, 0.607525), p = (0.480463, 1.516276, 0.607525)
Body 6568: orig = (0.504595, 1.019650, 0.097738), p = (0.504595, 1.019650, 0.097738)
Body 6569: orig = (-0.046782, 0.883931, 0.515574), p = (-0.046782, 0.883931, 0.515574)
Body 6570: orig = (1.013507, 0.075228, 0.342492), p = (1.013507, 0.075228, 0.342492)
Body 6571: orig = (-0.197923, 0.484561, 0.359881), p = (-0.197923, 0.484561, 0.359881)
Body 6572: orig = (1.087073, 0.045634, 0.411753), p = (1.087073, 0.045634, 0.411753)
Body 6573: orig = (1.203923, 0.825387, 0.295385), p = (1.203923, 0.825387, 0.295385)
Body 6574: orig = (0.596721, 0.494234, 0.832104), p = (0.596721, 0.494234, 0.832104)
Body 6575: orig = (0.731672, 0.616864, -0.316164), p = (0.731672, 0.616864, -0.316164)
Body 6576: orig = (0.444863, 0.395440, 0.631596), p = (0.444863, 0.395440, 0.631596)
Body 6577: orig = (0.283326, 0.566736, 1.278267), p = (0.283326, 0.566736, 1.278267)
Body 6578: orig = (0.961770, 0.909893, 0.581191), p = (0.961770, 0.909893, 0.581191)
Body 6579: orig = (0.397168, 0.539219, -0.556445), p = (0.397168, 0.539219, -0.556445)
Body 6580: orig = (0.375834, 0.680211, -0.327380), p = (0.375834, 0.680211, -0.327380)
Body 6581: orig = (0.533617, 0.090771, 0.102335), p = (0.533617, 0.090771, 0.102335)
Body 6582: orig = (0.313515, 0.774568, 0.276443), p = (0.313515, 0.774568, 0.276443)
Body 6583: orig = (1.178062, 0.419254, 0.612964), p = (1.178062, 0.419254, 0.612964)
Body 6584: orig = (0.792563, 0.200014, 0.339470), p = (0.792563, 0.200014, 0.339470)
Body 6585: orig = (2.009883, 1.176173, -0.024158), p = (2.009883, 1.176173, -0.024158)
Body 6586: orig = (0.265335, 0.395022, 1.241873), p = (0.265335, 0.395022, 1.241873)
Body 6587: orig = (-0.275960, 0.388877, 0.381122), p = (-0.275960, 0.388877, 0.381122)
Body 6588: orig = (0.528822, -0.053049, 0.236445), p = (0.528822, -0.053049, 0.236445)
Body 6589: orig = (0.089313, 0.335410, -0.088021), p = (0.089313, 0.335410, -0.088021)
Body 6590: orig = (0.559275, 0.934906, 1.252230), p = (0.559275, 0.934906, 1.252230)
Body 6591: orig = (0.770783, 0.271345, 0.356644), p = (0.770783, 0.271345, 0.356644)
Body 6592: orig = (0.880884, 0.443281, -0.691191), p = (0.880884, 0.443281, -0.691191)
Body 6593: orig = (-0.258062, 0.371654, 0.254761), p = (-0.258062, 0.371654, 0.254761)
Body 6594: orig = (0.852010, 0.549396, 0.713870), p = (0.852010, 0.549396, 0.713870)
Body 6595: orig = (0.536443, 0.837474, 1.202543), p = (0.536443, 0.837474, 1.202543)
Body 6596: orig = (-0.256653, 0.547829, 0.759337), p = (-0.256653, 0.547829, 0.759337)
Body 6597: orig = (0.194215, 1.120313, 0.472528), p = (0.194215, 1.120313, 0.472528)
Body 6598: orig = (1.176560, 0.506893, 0.186185), p = (1.176560, 0.506893, 0.186185)
Body 6599: orig = (0.533989, 0.344832, -0.058476), p = (0.533989, 0.344832, -0.058476)
Body 6600: orig = (0.088431, 0.782554, 0.269244), p = (0.088431, 0.782554, 0.269244)
Body 6601: orig = (0.706153, 0.942282, 1.323490), p = (0.706153, 0.942282, 1.323490)
Body 6602: orig = (0.533445, 0.044147, 0.453395), p = (0.533445, 0.044147, 0.453395)
Body 6603: orig = (0.677049, 0.912075, 0.814278), p = (0.677049, 0.912075, 0.814278)
Body 6604: orig = (0.077815, 0.529792, 0.992868), p = (0.077815, 0.529792, 0.992868)
Body 6605: orig = (0.104438, 0.189535, 0.599903), p = (0.104438, 0.189535, 0.599903)
Body 6606: orig = (0.626914, -0.495104, 0.577757), p = (0.626914, -0.495104, 0.577757)
Body 6607: orig = (0.242021, 0.468576, 0.095367), p = (0.242021, 0.468576, 0.095367)
Body 6608: orig = (0.557438, 0.634598, 0.481667), p = (0.557438, 0.634598, 0.481667)
Body 6609: orig = (1.448701, 0.491893, 0.404384), p = (1.448701, 0.491893, 0.404384)
Body 6610: orig = (0.737582, 1.350366, 0.296616), p = (0.737582, 1.350366, 0.296616)
Body 6611: orig = (0.684149, 0.963106, 1.013147), p = (0.684149, 0.963106, 1.013147)
Body 6612: orig = (0.493889, 0.015334, 0.341860), p = (0.493889, 0.015334, 0.341860)
Body 6613: orig = (-0.138688, 0.407157, -0.003793), p = (-0.138688, 0.407157, -0.003793)
Body 6614: orig = (0.933117, 0.241309, 1.067131), p = (0.933117, 0.241309, 1.067131)
Body 6615: orig = (0.485543, 0.234857, -0.221191), p = (0.485543, 0.234857, -0.221191)
Body 6616: orig = (0.026518, 0.582894, 0.608347), p = (0.026518, 0.582894, 0.608347)
Body 6617: orig = (-0.226530, 0.292618, 0.309081), p = (-0.226530, 0.292618, 0.309081)
Body 6618: orig = (0.698024, 0.798395, 0.975626), p = (0.698024, 0.798395, 0.975626)
Body 6619: orig = (0.508357, 0.627081, 1.304206), p = (0.508357, 0.627081, 1.304206)
Body 6620: orig = (0.175062, 1.103250, 0.323614), p = (0.175062, 1.103250, 0.323614)
Body 6621: orig = (0.405998, 0.229126, 0.601933), p = (0.405998, 0.229126, 0.601933)
Body 6622: orig = (0.321608, 0.854977, 0.231652), p = (0.321608, 0.854977, 0.231652)
Body 6623: orig = (0.572732, 0.806120, 0.245137), p = (0.572732, 0.806120, 0.245137)
Body 6624: orig = (1.098890, 0.876191, 0.381307), p = (1.098890, 0.876191, 0.381307)
Body 6625: orig = (0.401490, -0.194960, 0.358851), p = (0.401490, -0.194960, 0.358851)
Body 6626: orig = (0.317031, 0.448656, -0.276286), p = (0.317031, 0.448656, -0.276286)
Body 6627: orig = (0.962835, 0.733784, 0.829767), p = (0.962835, 0.733784, 0.829767)
Body 6628: orig = (0.799779, 0.387848, 1.175359), p = (0.799779, 0.387848, 1.175359)
Body 6629: orig = (0.430230, 0.112864, -0.219923), p = (0.430230, 0.112864, -0.219923)
Body 6630: orig = (-0.384627, 0.491227, 0.263428), p = (-0.384627, 0.491227, 0.263428)
Body 6631: orig = (-0.181052, 0.602779, 0.572087), p = (-0.181052, 0.602779, 0.572087)
Body 6632: orig = (0.409357, 0.148681, 0.614603), p = (0.409357, 0.148681, 0.614603)
Body 6633: orig = (0.510575, 0.175296, 0.938189), p = (0.510575, 0.175296, 0.938189)
Body 6634: orig = (0.519798, 1.050644, 0.851029), p = (0.519798, 1.050644, 0.851029)
Body 6635: orig = (0.328887, -0.026548, 0.652723), p = (0.328887, -0.026548, 0.652723)
Body 6636: orig = (-0.067043, 0.628976, 0.556802), p = (-0.067043, 0.628976, 0.556802)
Body 6637: orig = (0.272876, -0.253629, 0.620118), p = (0.272876, -0.253629, 0.620118)
Body 6638: orig = (0.525642, 0.036489, -0.019182), p = (0.525642, 0.036489, -0.019182)
Body 6639: orig = (0.916902, 0.450450, 0.782043), p = (0.916902, 0.450450, 0.782043)
Body 6640: orig = (-0.274453, 0.639923, 0.839803), p = (-0.274453, 0.639923, 0.839803)
Body 6641: orig = (-0.002353, 0.767527, 0.629725), p = (-0.002353, 0.767527, 0.629725)
Body 6642: orig = (-0.061673, 0.483166, 0.870969), p = (-0.061673, 0.483166, 0.870969)
Body 6643: orig = (0.514383, 0.862134, 0.543476), p = (0.514383, 0.862134, 0.543476)
Body 6644: orig = (0.234986, 1.042296, 0.394072), p = (0.234986, 1.042296, 0.394072)
Body 6645: orig = (0.458555, 0.379867, -0.388885), p = (0.458555, 0.379867, -0.388885)
Body 6646: orig = (0.579364, 0.470736, 1.106147), p = (0.579364, 0.470736, 1.106147)
Body 6647: orig = (0.344418, 0.905249, 0.685538), p = (0.344418, 0.905249, 0.685538)
Body 6648: orig = (0.199109, 1.219950, 0.539295), p = (0.199109, 1.219950, 0.539295)
Body 6649: orig = (0.416487, 0.484134, 1.348041), p = (0.416487, 0.484134, 1.348041)
Body 6650: orig = (-1.428162, -0.649217, -1.939069), p = (-1.428162, -0.649217, -1.939069)
Body 6651: orig = (0.345751, 0.590175, 0.522369), p = (0.345751, 0.590175, 0.522369)
Body 6652: orig = (0.062580, 0.253698, 0.855989), p = (0.062580, 0.253698, 0.855989)
Body 6653: orig = (0.095322, 0.332586, 0.186253), p = (0.095322, 0.332586, 0.186253)
Body 6654: orig = (-0.042796, 0.894673, 0.358732), p = (-0.042796, 0.894673, 0.358732)
Body 6655: orig = (0.202513, 0.767046, 0.111980), p = (0.202513, 0.767046, 0.111980)
Body 6656: orig = (1.090593, 0.300268, 0.327492), p = (1.090593, 0.300268, 0.327492)
Body 6657: orig = (0.901634, 0.409399, 0.708143), p = (0.901634, 0.409399, 0.708143)
Body 6658: orig = (1.198680, 0.702476, 0.571214), p = (1.198680, 0.702476, 0.571214)
Body 6659: orig = (0.694043, 0.871018, 0.066880), p = (0.694043, 0.871018, 0.066880)
Body 6660: orig = (1.026537, 0.631176, 0.690061), p = (1.026537, 0.631176, 0.690061)
Body 6661: orig = (0.635187, 0.666432, 1.323174), p = (0.635187, 0.666432, 1.323174)
Body 6662: orig = (0.783784, 0.673053, 1.148305), p = (0.783784, 0.673053, 1.148305)
Body 6663: orig = (0.545111, 0.524801, 1.360524), p = (0.545111, 0.524801, 1.360524)
Body 6664: orig = (0.537417, 0.710280, 0.688891), p = (0.537417, 0.710280, 0.688891)
Body 6665: orig = (-0.159422, 0.856559, 0.642531), p = (-0.159422, 0.856559, 0.642531)
Body 6666: orig = (0.301065, 1.245747, 0.608666), p = (0.301065, 1.245747, 0.608666)
Body 6667: orig = (1.080651, 0.329828, 0.153267), p = (1.080651, 0.329828, 0.153267)
Body 6668: orig = (0.973657, -0.137883, 0.530211), p = (0.973657, -0.137883, 0.530211)
Body 6669: orig = (-0.010248, 0.570529, -0.282175), p = (-0.010248, 0.570529, -0.282175)
Body 6670: orig = (0.514111, 0.666211, 0.130941), p = (0.514111, 0.666211, 0.130941)
Body 6671: orig = (1.825767, 0.335147, 0.559699), p = (1.825767, 0.335147, 0.559699)
Body 6672: orig = (0.887443, 1.004044, 0.356210), p = (0.887443, 1.004044, 0.356210)
Body 6673: orig = (0.682458, 0.672160, 1.135832), p = (0.682458, 0.672160, 1.135832)
Body 6674: orig = (0.722994, 0.240184, -0.139547), p = (0.722994, 0.240184, -0.139547)
Body 6675: orig = (0.557181, 0.098805, 0.485125), p = (0.557181, 0.098805, 0.485125)
Body 6676: orig = (0.533519, 0.191221, 0.239970), p = (0.533519, 0.191221, 0.239970)
Body 6677: orig = (0.268178, 0.931330, 0.153380), p = (0.268178, 0.931330, 0.153380)
Body 6678: orig = (0.333011, 0.910782, 0.584310), p = (0.333011, 0.910782, 0.584310)
Body 6679: orig = (1.038674, 0.545479, 1.273501), p = (1.038674, 0.545479, 1.273501)
Body 6680: orig = (0.881496, 0.152874, 0.628470), p = (0.881496, 0.152874, 0.628470)
Body 6681: orig = (-0.418912, 0.471444, 0.664046), p = (-0.418912, 0.471444, 0.664046)
Body 6682: orig = (-0.325513, 0.669268, 0.272452), p = (-0.325513, 0.669268, 0.272452)
Body 6683: orig = (0.634658, 0.125138, 0.172048), p = (0.634658, 0.125138, 0.172048)
Body 6684: orig = (0.015648, -0.003075, 0.395670), p = (0.015648, -0.003075, 0.395670)
Body 6685: orig = (0.630730, 0.595202, 0.647069), p = (0.630730, 0.595202, 0.647069)
Body 6686: orig = (0.591118, 0.996709, 0.152800), p = (0.591118, 0.996709, 0.152800)
Body 6687: orig = (0.690623, 0.485485, 0.444578), p = (0.690623, 0.485485, 0.444578)
Body 6688: orig = (0.435976, -0.004821, 0.192743), p = (0.435976, -0.004821, 0.192743)
Body 6689: orig = (0.618361, 0.442624, 1.479571), p = (0.618361, 0.442624, 1.479571)
Body 6690: orig = (0.298552, -0.239462, 0.281232), p = (0.298552, -0.239462, 0.281232)
Body 6691: orig = (0.627586, 0.046258, 0.476836), p = (0.627586, 0.046258, 0.476836)
Body 6692: orig = (0.622107, 0.070216, 0.264250), p = (0.622107, 0.070216, 0.264250)
Body 6693: orig = (0.611474, 0.889333, 0.988707), p = (0.611474, 0.889333, 0.988707)
Body 6694: orig = (0.714297, 0.681005, -0.173043), p = (0.714297, 0.681005, -0.173043)
Body 6695: orig = (1.033026, -0.122409, 0.716458), p = (1.033026, -0.122409, 0.716458)
Body 6696: orig = (-0.024601, 0.566339, 0.492826), p = (-0.024601, 0.566339, 0.492826)
Body 6697: orig = (0.738945, 0.714264, -0.078260), p = (0.738945, 0.714264, -0.078260)
Body 6698: orig = (0.979056, 0.496860, 0.927077), p = (0.979056, 0.496860, 0.927077)
Body 6699: orig = (0.441170, 1.058360, 0.068299), p = (0.441170, 1.058360, 0.068299)
Body 6700: orig = (-0.021553, 0.658927, 0.544112), p = (-0.021553, 0.658927, 0.544112)
Body 6701: orig = (0.423228, 0.458341, 1.158846), p = (0.423228, 0.458341, 1.158846)
Body 6702: orig = (0.648316, -0.347498, 0.259807), p = (0.648316, -0.347498, 0.259807)
Body 6703: orig = (0.281642, -0.295250, 0.521529), p = (0.281642, -0.295250, 0.521529)
Body 6704: orig = (0.824559, 1.054465, 0.811345), p = (0.824559, 1.054465, 0.811345)
Body 6705: orig = (0.569655, 0.307459, -0.211893), p = (0.569655, 0.307459, -0.211893)
Body 6706: orig = (0.520868, 0.238018, 0.375775), p = (0.520868, 0.238018, 0.375775)
Body 6707: orig = (1.044793, 0.611445, 0.193235), p = (1.044793, 0.611445, 0.193235)
Body 6708: orig = (0.907189, 0.512956, 0.232993), p = (0.907189, 0.512956, 0.232993)
Body 6709: orig = (0.405559, 1.549625, 0.549188), p = (0.405559, 1.549625, 0.549188)
Body 6710: orig = (0.070024, -1.785020, -0.190284), p = (0.070024, -1.785020, -0.190284)
Body 6711: orig = (0.700327, 0.087019, 1.348356), p = (0.700327, 0.087019, 1.348356)
Body 6712: orig = (-0.473526, 0.506861, 0.952149), p = (-0.473526, 0.506861, 0.952149)
Body 6713: orig = (1.067337, 0.299265, 0.785045), p = (1.067337, 0.299265, 0.785045)
Body 6714: orig = (0.528027, 1.343826, 1.034197), p = (0.528027, 1.343826, 1.034197)
Body 6715: orig = (0.495920, 0.891962, 0.909017), p = (0.495920, 0.891962, 0.909017)
Body 6716: orig = (1.335111, 0.366788, 0.386237), p = (1.335111, 0.366788, 0.386237)
Body 6717: orig = (0.542686, 0.556159, 0.908089), p = (0.542686, 0.556159, 0.908089)
Body 6718: orig = (-0.036899, 0.516653, -0.006485), p = (-0.036899, 0.516653, -0.006485)
Body 6719: orig = (2.507475, 0.109825, 0.644911), p = (2.507475, 0.109825, 0.644911)
Body 6720: orig = (0.101349, 1.058382, 0.536450), p = (0.101349, 1.058382, 0.536450)
Body 6721: orig = (0.807061, 0.589975, 1.043722), p = (0.807061, 0.589975, 1.043722)
Body 6722: orig = (0.421019, 0.551986, -0.338727), p = (0.421019, 0.551986, -0.338727)
Body 6723: orig = (-0.132182, 0.383351, 0.463621), p = (-0.132182, 0.383351, 0.463621)
Body 6724: orig = (0.961089, 0.341809, 0.293691), p = (0.961089, 0.341809, 0.293691)
Body 6725: orig = (0.628157, 0.896327, -0.289986), p = (0.628157, 0.896327, -0.289986)
Body 6726: orig = (0.704316, 0.448079, 0.368496), p = (0.704316, 0.448079, 0.368496)
Body 6727: orig = (0.793238, 1.128189, 0.624769), p = (0.793238, 1.128189, 0.624769)
Body 6728: orig = (0.373172, 0.095095, 0.458983), p = (0.373172, 0.095095, 0.458983)
Body 6729: orig = (1.235310, 0.441888, 0.477891), p = (1.235310, 0.441888, 0.477891)
Body 6730: orig = (0.371960, 0.530592, -0.236118), p = (0.371960, 0.530592, -0.236118)
Body 6731: orig = (0.076837, 0.501787, 0.424802), p = (0.076837, 0.501787, 0.424802)
Body 6732: orig = (0.467805, 1.242477, 0.704912), p = (0.467805, 1.242477, 0.704912)
Body 6733: orig = (0.186982, 0.356769, 0.449691), p = (0.186982, 0.356769, 0.449691)
Body 6734: orig = (0.606667, 0.219515, -0.081892), p = (0.606667, 0.219515, -0.081892)
Body 6735: orig = (1.852368, 0.299456, 0.309776), p = (1.852368, 0.299456, 0.309776)
Body 6736: orig = (1.152674, 0.492598, 0.887605), p = (1.152674, 0.492598, 0.887605)
Body 6737: orig = (-0.169182, 0.636864, -0.085451), p = (-0.169182, 0.636864, -0.085451)
Body 6738: orig = (1.170852, 0.502208, 0.090197), p = (1.170852, 0.502208, 0.090197)
Body 6739: orig = (1.082954, 0.525669, 0.647290), p = (1.082954, 0.525669, 0.647290)
Body 6740: orig = (0.338123, 0.558381, 0.375653), p = (0.338123, 0.558381, 0.375653)
Body 6741: orig = (1.188997, 0.182916, 0.774708), p = (1.188997, 0.182916, 0.774708)
Body 6742: orig = (0.096613, 0.332032, 0.038955), p = (0.096613, 0.332032, 0.038955)
Body 6743: orig = (-0.094787, 0.512940, -0.064279), p = (-0.094787, 0.512940, -0.064279)
Body 6744: orig = (0.384945, 0.252760, -0.421130), p = (0.384945, 0.252760, -0.421130)
Body 6745: orig = (-0.054923, 0.589549, 0.539780), p = (-0.054923, 0.589549, 0.539780)
Body 6746: orig = (0.309572, 0.913663, 0.608904), p = (0.309572, 0.913663, 0.608904)
Body 6747: orig = (0.273462, 1.136031, 0.617064), p = (0.273462, 1.136031, 0.617064)
Body 6748: orig = (-0.292493, 0.415752, 0.475373), p = (-0.292493, 0.415752, 0.475373)
Body 6749: orig = (0.348896, 0.630850, -0.375173), p = (0.348896, 0.630850, -0.375173)
Body 6750: orig = (-0.320376, 0.369971, 0.495193), p = (-0.320376, 0.369971, 0.495193)
Body 6751: orig = (0.602001, 0.515442, 1.423799), p = (0.602001, 0.515442, 1.423799)
Body 6752: orig = (0.660129, 0.681890, -0.178096), p = (0.660129, 0.681890, -0.178096)
Body 6753: orig = (0.627459, 0.638849, -0.009222), p = (0.627459, 0.638849, -0.009222)
Body 6754: orig = (1.078211, 0.427972, 0.578830), p = (1.078211, 0.427972, 0.578830)
Body 6755: orig = (0.227128, 0.870108, 0.341763), p = (0.227128, 0.870108, 0.341763)
Body 6756: orig = (0.067635, 0.566024, 1.089145), p = (0.067635, 0.566024, 1.089145)
Body 6757: orig = (1.264661, 0.616003, 0.694522), p = (1.264661, 0.616003, 0.694522)
Body 6758: orig = (0.473646, 0.533203, 0.349176), p = (0.473646, 0.533203, 0.349176)
Body 6759: orig = (0.081257, 0.479831, 0.932189), p = (0.081257, 0.479831, 0.932189)
Body 6760: orig = (0.465208, 0.293312, 1.102830), p = (0.465208, 0.293312, 1.102830)
Body 6761: orig = (1.124425, 0.453942, 0.033354), p = (1.124425, 0.453942, 0.033354)
Body 6762: orig = (0.573573, 0.884406, 1.291952), p = (0.573573, 0.884406, 1.291952)
Body 6763: orig = (0.241294, 1.210487, 0.602847), p = (0.241294, 1.210487, 0.602847)
Body 6764: orig = (0.790997, 1.419745, 0.166414), p = (0.790997, 1.419745, 0.166414)
Body 6765: orig = (1.333258, 0.351097, 0.324736), p = (1.333258, 0.351097, 0.324736)
Body 6766: orig = (0.224506, 0.734953, 0.655954), p = (0.224506, 0.734953, 0.655954)
Body 6767: orig = (0.325667, 0.412616, -0.002439), p = (0.325667, 0.412616, -0.002439)
Body 6768: orig = (-0.320717, 0.693276, 0.511168), p = (-0.320717, 0.693276, 0.511168)
Body 6769: orig = (0.508413, 0.326164, 0.846837), p = (0.508413, 0.326164, 0.846837)
Body 6770: orig = (-0.201993, 0.021871, 0.388071), p = (-0.201993, 0.021871, 0.388071)
Body 6771: orig = (0.273572, 1.187638, 0.549654), p = (0.273572, 1.187638, 0.549654)
Body 6772: orig = (0.522602, 0.527219, 0.254814), p = (0.522602, 0.527219, 0.254814)
Body 6773: orig = (0.527626, 0.704639, 1.366093), p = (0.527626, 0.704639, 1.366093)
Body 6774: orig = (0.589129, -0.178091, 0.094763), p = (0.589129, -0.178091, 0.094763)
Body 6775: orig = (0.670876, 0.035320, 0.395173), p = (0.670876, 0.035320, 0.395173)
Body 6776: orig = (0.852676, -0.017528, 0.191037), p = (0.852676, -0.017528, 0.191037)
Body 6777: orig = (0.342928, 0.680589, 1.426425), p = (0.342928, 0.680589, 1.426425)
Body 6778: orig = (1.164636, 0.790573, 0.441775), p = (1.164636, 0.790573, 0.441775)
Body 6779: orig = (0.456676, -0.622312, 0.779609), p = (0.456676, -0.622312, 0.779609)
Body 6780: orig = (1.061643, 0.193604, 0.207129), p = (1.061643, 0.193604, 0.207129)
Body 6781: orig = (1.395238, 0.511344, 0.412212), p = (1.395238, 0.511344, 0.412212)
Body 6782: orig = (1.002410, 1.067163, 0.280225), p = (1.002410, 1.067163, 0.280225)
Body 6783: orig = (0.411777, 0.648630, -0.113950), p = (0.411777, 0.648630, -0.113950)
Body 6784: orig = (0.690665, 0.224810, -0.639378), p = (0.690665, 0.224810, -0.639378)
Body 6785: orig = (0.835706, 0.364044, -0.029654), p = (0.835706, 0.364044, -0.029654)
Body 6786: orig = (1.044233, 0.768247, 0.759114), p = (1.044233, 0.768247, 0.759114)
Body 6787: orig = (0.765175, 0.224117, 0.578402), p = (0.765175, 0.224117, 0.578402)
Body 6788: orig = (1.006100, 0.443155, 0.958480), p = (1.006100, 0.443155, 0.958480)
Body 6789: orig = (0.593171, -0.225946, 0.705215), p = (0.593171, -0.225946, 0.705215)
Body 6790: orig = (0.183067, 0.218504, 0.230548), p = (0.183067, 0.218504, 0.230548)
Body 6791: orig = (0.941386, 0.448450, 0.895573), p = (0.941386, 0.448450, 0.895573)
Body 6792: orig = (0.848184, 1.034218, 0.629379), p = (0.848184, 1.034218, 0.629379)
Body 6793: orig = (0.602561, 0.614749, 0.236429), p = (0.602561, 0.614749, 0.236429)
Body 6794: orig = (0.103007, 0.751197, 0.342184), p = (0.103007, 0.751197, 0.342184)
Body 6795: orig = (0.175976, 0.548290, 0.827229), p = (0.175976, 0.548290, 0.827229)
Body 6796: orig = (-0.293103, 1.217436, 0.099019), p = (-0.293103, 1.217436, 0.099019)
Body 6797: orig = (-0.140656, 0.593002, 0.972342), p = (-0.140656, 0.593002, 0.972342)
Body 6798: orig = (0.462149, -0.324248, 0.631299), p = (0.462149, -0.324248, 0.631299)
Body 6799: orig = (0.728222, 1.032532, 0.635488), p = (0.728222, 1.032532, 0.635488)
Body 6800: orig = (0.943760, 0.484755, 0.504306), p = (0.943760, 0.484755, 0.504306)
Body 6801: orig = (0.771056, 1.041743, 0.527357), p = (0.771056, 1.041743, 0.527357)
Body 6802: orig = (0.279799, 0.161026, 0.635103), p = (0.279799, 0.161026, 0.635103)
Body 6803: orig = (0.825561, 0.259056, 0.040351), p = (0.825561, 0.259056, 0.040351)
Body 6804: orig = (0.203950, 0.979818, 0.432343), p = (0.203950, 0.979818, 0.432343)
Body 6805: orig = (0.670342, 1.164131, 0.570819), p = (0.670342, 1.164131, 0.570819)
Body 6806: orig = (1.328960, 0.325306, 0.529595), p = (1.328960, 0.325306, 0.529595)
Body 6807: orig = (0.200769, 1.384291, 0.531019), p = (0.200769, 1.384291, 0.531019)
Body 6808: orig = (0.388881, 1.145719, 0.903252), p = (0.388881, 1.145719, 0.903252)
Body 6809: orig = (0.717563, 0.686762, 1.508383), p = (0.717563, 0.686762, 1.508383)
Body 6810: orig = (0.625127, 0.821848, 0.949917), p = (0.625127, 0.821848, 0.949917)
Body 6811: orig = (2.062027, 0.535542, 3.065484), p = (2.062027, 0.535542, 3.065484)
Body 6812: orig = (0.468024, 0.250730, 1.151082), p = (0.468024, 0.250730, 1.151082)
Body 6813: orig = (0.330223, 1.243260, 0.365929), p = (0.330223, 1.243260, 0.365929)
Body 6814: orig = (-0.248539, 0.486231, 0.558356), p = (-0.248539, 0.486231, 0.558356)
Body 6815: orig = (0.368012, 0.424125, 0.968064), p = (0.368012, 0.424125, 0.968064)
Body 6816: orig = (0.025935, 0.290949, 0.042089), p = (0.025935, 0.290949, 0.042089)
Body 6817: orig = (0.096917, 0.684336, 0.501628), p = (0.096917, 0.684336, 0.501628)
Body 6818: orig = (-0.046746, -0.164380, 0.531090), p = (-0.046746, -0.164380, 0.531090)
Body 6819: orig = (0.160436, 0.899457, 1.191147), p = (0.160436, 0.899457, 1.191147)
Body 6820: orig = (0.992988, 0.626523, 0.119704), p = (0.992988, 0.626523, 0.119704)
Body 6821: orig = (0.877335, 0.405758, 0.037922), p = (0.877335, 0.405758, 0.037922)
Body 6822: orig = (0.301366, 0.119383, 0.354662), p = (0.301366, 0.119383, 0.354662)
Body 6823: orig = (0.686272, 0.192016, 0.301508), p = (0.686272, 0.192016, 0.301508)
Body 6824: orig = (0.590382, 0.933219, 0.369521), p = (0.590382, 0.933219, 0.369521)
Body 6825: orig = (0.710654, -0.041270, 0.602530), p = (0.710654, -0.041270, 0.602530)
Body 6826: orig = (-0.492114, 0.821959, 0.407873), p = (-0.492114, 0.821959, 0.407873)
Body 6827: orig = (1.062147, 0.377750, 0.861582), p = (1.062147, 0.377750, 0.861582)
Body 6828: orig = (-0.099356, 0.638910, 0.220484), p = (-0.099356, 0.638910, 0.220484)
Body 6829: orig = (-0.446662, 0.329965, 0.025404), p = (-0.446662, 0.329965, 0.025404)
Body 6830: orig = (-0.222412, 1.473768, -1.877158), p = (-0.222412, 1.473768, -1.877158)
Body 6831: orig = (0.457505, 1.210920, 0.564286), p = (0.457505, 1.210920, 0.564286)
Body 6832: orig = (0.613452, 0.249813, 0.390874), p = (0.613452, 0.249813, 0.390874)
Body 6833: orig = (0.094336, 0.781574, 0.388882), p = (0.094336, 0.781574, 0.388882)
Body 6834: orig = (0.376521, 0.878538, 1.155043), p = (0.376521, 0.878538, 1.155043)
Body 6835: orig = (0.435458, 0.142181, -0.117362), p = (0.435458, 0.142181, -0.117362)
Body 6836: orig = (0.451981, 0.545970, -0.377706), p = (0.451981, 0.545970, -0.377706)
Body 6837: orig = (0.440343, -0.174058, 0.706289), p = (0.440343, -0.174058, 0.706289)
Body 6838: orig = (0.094608, 0.453121, 0.558212), p = (0.094608, 0.453121, 0.558212)
Body 6839: orig = (0.157044, 1.251157, 0.465980), p = (0.157044, 1.251157, 0.465980)
Body 6840: orig = (1.184999, 0.636161, 0.560968), p = (1.184999, 0.636161, 0.560968)
Body 6841: orig = (-0.265259, 0.562482, 0.401928), p = (-0.265259, 0.562482, 0.401928)
Body 6842: orig = (0.639643, 0.755661, 0.745433), p = (0.639643, 0.755661, 0.745433)
Body 6843: orig = (0.325669, -0.057426, 0.518987), p = (0.325669, -0.057426, 0.518987)
Body 6844: orig = (-0.256113, 0.426297, 0.776301), p = (-0.256113, 0.426297, 0.776301)
Body 6845: orig = (1.379354, 0.725655, 0.469247), p = (1.379354, 0.725655, 0.469247)
Body 6846: orig = (0.210504, 0.838979, 0.049225), p = (0.210504, 0.838979, 0.049225)
Body 6847: orig = (-0.118887, 0.412615, 0.406699), p = (-0.118887, 0.412615, 0.406699)
Body 6848: orig = (0.515325, 0.541734, 1.310273), p = (0.515325, 0.541734, 1.310273)
Body 6849: orig = (-0.078332, 0.660428, 0.501667), p = (-0.078332, 0.660428, 0.501667)
Body 6850: orig = (1.053089, 0.428765, 0.880154), p = (1.053089, 0.428765, 0.880154)
Body 6851: orig = (1.018784, 0.649849, 0.792901), p = (1.018784, 0.649849, 0.792901)
Body 6852: orig = (0.194202, -0.041575, 0.583691), p = (0.194202, -0.041575, 0.583691)
Body 6853: orig = (-0.452563, 0.632473, -0.247767), p = (-0.452563, 0.632473, -0.247767)
Body 6854: orig = (0.099319, 0.339872, 1.057764), p = (0.099319, 0.339872, 1.057764)
Body 6855: orig = (0.443947, 0.817840, 0.312005), p = (0.443947, 0.817840, 0.312005)
Body 6856: orig = (0.547983, -0.119435, 0.076739), p = (0.547983, -0.119435, 0.076739)
Body 6857: orig = (0.714294, 0.155941, 0.888881), p = (0.714294, 0.155941, 0.888881)
Body 6858: orig = (0.930849, 0.388253, 0.595581), p = (0.930849, 0.388253, 0.595581)
Body 6859: orig = (0.493522, 0.166930, 1.007521), p = (0.493522, 0.166930, 1.007521)
Body 6860: orig = (0.659581, 0.442733, 0.543135), p = (0.659581, 0.442733, 0.543135)
Body 6861: orig = (0.868029, 0.296012, 0.710413), p = (0.868029, 0.296012, 0.710413)
Body 6862: orig = (1.768692, 1.078613, 0.374778), p = (1.768692, 1.078613, 0.374778)
Body 6863: orig = (0.264639, 0.326249, 0.234857), p = (0.264639, 0.326249, 0.234857)
Body 6864: orig = (0.662266, 0.629485, 1.158441), p = (0.662266, 0.629485, 1.158441)
Body 6865: orig = (-0.261302, 0.768541, 0.595390), p = (-0.261302, 0.768541, 0.595390)
Body 6866: orig = (0.849664, 0.689937, -0.041276), p = (0.849664, 0.689937, -0.041276)
Body 6867: orig = (0.447976, 0.582826, -0.329926), p = (0.447976, 0.582826, -0.329926)
Body 6868: orig = (0.366363, 1.072250, 0.263986), p = (0.366363, 1.072250, 0.263986)
Body 6869: orig = (0.229271, -0.225952, 0.463244), p = (0.229271, -0.225952, 0.463244)
Body 6870: orig = (1.116618, 0.305184, 0.710601), p = (1.116618, 0.305184, 0.710601)
Body 6871: orig = (-0.192910, 0.717174, 0.607148), p = (-0.192910, 0.717174, 0.607148)
Body 6872: orig = (0.680229, -0.442565, -0.050495), p = (0.680229, -0.442565, -0.050495)
Body 6873: orig = (0.518073, 0.552351, 0.848797), p = (0.518073, 0.552351, 0.848797)
Body 6874: orig = (0.819224, 0.628975, -0.395128), p = (0.819224, 0.628975, -0.395128)
Body 6875: orig = (0.566017, 0.508208, 1.355974), p = (0.566017, 0.508208, 1.355974)
Body 6876: orig = (0.477089, 0.022835, 0.898087), p = (0.477089, 0.022835, 0.898087)
Body 6877: orig = (-0.074314, 0.661706, 1.024236), p = (-0.074314, 0.661706, 1.024236)
Body 6878: orig = (1.084162, 0.672711, 0.382733), p = (1.084162, 0.672711, 0.382733)
Body 6879: orig = (-0.281860, 0.432889, 0.290142), p = (-0.281860, 0.432889, 0.290142)
Body 6880: orig = (0.624935, 0.644406, 0.002932), p = (0.624935, 0.644406, 0.002932)
Body 6881: orig = (1.761200, 0.653752, 0.473740), p = (1.761200, 0.653752, 0.473740)
Body 6882: orig = (0.489890, -0.146553, 0.132031), p = (0.489890, -0.146553, 0.132031)
Body 6883: orig = (0.031274, 0.458817, 0.820426), p = (0.031274, 0.458817, 0.820426)
Body 6884: orig = (-0.125972, 0.938538, 0.811599), p = (-0.125972, 0.938538, 0.811599)
Body 6885: orig = (0.386875, 1.308194, 0.266674), p = (0.386875, 1.308194, 0.266674)
Body 6886: orig = (0.665108, 0.343584, -0.065382), p = (0.665108, 0.343584, -0.065382)
Body 6887: orig = (1.088039, 0.582813, 0.656708), p = (1.088039, 0.582813, 0.656708)
Body 6888: orig = (0.024698, 0.424062, 0.959118), p = (0.024698, 0.424062, 0.959118)
Body 6889: orig = (0.309917, -0.368609, 0.553675), p = (0.309917, -0.368609, 0.553675)
Body 6890: orig = (0.470547, 0.541648, 1.202777), p = (0.470547, 0.541648, 1.202777)
Body 6891: orig = (0.580741, 0.180608, -0.275579), p = (0.580741, 0.180608, -0.275579)
Body 6892: orig = (0.676501, 0.684161, 0.405987), p = (0.676501, 0.684161, 0.405987)
Body 6893: orig = (0.412642, 1.084370, 0.207248), p = (0.412642, 1.084370, 0.207248)
Body 6894: orig = (0.987583, 0.339279, 0.369378), p = (0.987583, 0.339279, 0.369378)
Body 6895: orig = (0.233388, 0.183983, 0.777900), p = (0.233388, 0.183983, 0.777900)
Body 6896: orig = (0.017178, -1.110938, -1.447120), p = (0.017178, -1.110938, -1.447120)
Body 6897: orig = (0.635868, 1.251658, 0.816541), p = (0.635868, 1.251658, 0.816541)
Body 6898: orig = (0.116285, 0.318603, 0.653119), p = (0.116285, 0.318603, 0.653119)
Body 6899: orig = (0.268657, 1.063114, 0.753826), p = (0.268657, 1.063114, 0.753826)
Body 6900: orig = (0.265540, 0.652496, 0.297332), p = (0.265540, 0.652496, 0.297332)
Body 6901: orig = (1.128641, 0.712188, 0.599359), p = (1.128641, 0.712188, 0.599359)
Body 6902: orig = (0.187029, 0.594970, 1.396913), p = (0.187029, 0.594970, 1.396913)
Body 6903: orig = (0.756748, 0.506438, 0.397309), p = (0.756748, 0.506438, 0.397309)
Body 6904: orig = (0.030429, 0.988984, 0.480150), p = (0.030429, 0.988984, 0.480150)
Body 6905: orig = (0.993936, 0.093302, 0.420335), p = (0.993936, 0.093302, 0.420335)
Body 6906: orig = (0.066617, 0.647961, 0.467670), p = (0.066617, 0.647961, 0.467670)
Body 6907: orig = (0.265793, 0.331030, 0.983801), p = (0.265793, 0.331030, 0.983801)
Body 6908: orig = (0.427679, 0.458703, 0.311770), p = (0.427679, 0.458703, 0.311770)
Body 6909: orig = (1.404981, 0.418032, 0.694275), p = (1.404981, 0.418032, 0.694275)
Body 6910: orig = (0.290501, 0.510383, -0.064944), p = (0.290501, 0.510383, -0.064944)
Body 6911: orig = (0.728656, 0.470045, 1.178317), p = (0.728656, 0.470045, 1.178317)
Body 6912: orig = (0.457471, 0.925579, -0.010854), p = (0.457471, 0.925579, -0.010854)
Body 6913: orig = (-0.589948, 0.395639, 0.431605), p = (-0.589948, 0.395639, 0.431605)
Body 6914: orig = (0.453184, 1.096783, 0.822563), p = (0.453184, 1.096783, 0.822563)
Body 6915: orig = (0.539062, 0.342740, -0.355426), p = (0.539062, 0.342740, -0.355426)
Body 6916: orig = (0.500433, -0.053513, 0.879518), p = (0.500433, -0.053513, 0.879518)
Body 6917: orig = (0.443222, 1.011027, 0.460375), p = (0.443222, 1.011027, 0.460375)
Body 6918: orig = (1.032578, 0.362317, 0.828696), p = (1.032578, 0.362317, 0.828696)
Body 6919: orig = (0.076511, 0.314245, 0.059791), p = (0.076511, 0.314245, 0.059791)
Body 6920: orig = (0.325315, 0.379646, 0.787416), p = (0.325315, 0.379646, 0.787416)
Body 6921: orig = (0.459678, 0.527626, 0.233488), p = (0.459678, 0.527626, 0.233488)
Body 6922: orig = (0.809105, 1.228286, 0.291410), p = (0.809105, 1.228286, 0.291410)
Body 6923: orig = (0.452926, 0.582343, 0.319521), p = (0.452926, 0.582343, 0.319521)
Body 6924: orig = (1.401467, 0.751411, 0.574801), p = (1.401467, 0.751411, 0.574801)
Body 6925: orig = (0.308563, 0.348449, 0.882377), p = (0.308563, 0.348449, 0.882377)
Body 6926: orig = (0.685350, 0.998445, 0.639405), p = (0.685350, 0.998445, 0.639405)
Body 6927: orig = (0.574927, 0.155071, 0.285022), p = (0.574927, 0.155071, 0.285022)
Body 6928: orig = (0.560630, 0.350566, 0.749612), p = (0.560630, 0.350566, 0.749612)
Body 6929: orig = (0.398861, 0.446180, 1.472885), p = (0.398861, 0.446180, 1.472885)
Body 6930: orig = (-0.059475, 0.556762, 0.836186), p = (-0.059475, 0.556762, 0.836186)
Body 6931: orig = (0.638996, 0.311447, -0.719844), p = (0.638996, 0.311447, -0.719844)
Body 6932: orig = (0.497697, 1.450317, 0.591188), p = (0.497697, 1.450317, 0.591188)
Body 6933: orig = (-0.260291, 0.439269, 0.492738), p = (-0.260291, 0.439269, 0.492738)
Body 6934: orig = (0.531228, -0.226178, 0.534819), p = (0.531228, -0.226178, 0.534819)
Body 6935: orig = (0.306824, 1.160540, 0.714857), p = (0.306824, 1.160540, 0.714857)
Body 6936: orig = (0.393817, 0.292312, 0.863279), p = (0.393817, 0.292312, 0.863279)
Body 6937: orig = (-0.310387, 0.578861, 0.858418), p = (-0.310387, 0.578861, 0.858418)
Body 6938: orig = (0.623065, 0.358069, -0.359897), p = (0.623065, 0.358069, -0.359897)
Body 6939: orig = (0.557138, 0.608612, 0.354150), p = (0.557138, 0.608612, 0.354150)
Body 6940: orig = (0.577069, 0.624100, 1.334552), p = (0.577069, 0.624100, 1.334552)
Body 6941: orig = (0.781619, -0.588186, 0.412560), p = (0.781619, -0.588186, 0.412560)
Body 6942: orig = (1.437904, 0.639997, 0.173812), p = (1.437904, 0.639997, 0.173812)
Body 6943: orig = (0.727335, 0.202579, 0.635250), p = (0.727335, 0.202579, 0.635250)
Body 6944: orig = (1.083649, 0.514123, 0.849101), p = (1.083649, 0.514123, 0.849101)
Body 6945: orig = (0.404570, 0.222759, 0.160769), p = (0.404570, 0.222759, 0.160769)
Body 6946: orig = (0.206903, 0.357178, 0.854239), p = (0.206903, 0.357178, 0.854239)
Body 6947: orig = (-0.221592, 0.393720, 0.428558), p = (-0.221592, 0.393720, 0.428558)
Body 6948: orig = (1.573910, 0.362701, 0.734856), p = (1.573910, 0.362701, 0.734856)
Body 6949: orig = (0.513931, -0.159315, 0.119491), p = (0.513931, -0.159315, 0.119491)
Body 6950: orig = (0.321611, -0.156577, 0.380716), p = (0.321611, -0.156577, 0.380716)
Body 6951: orig = (1.148486, 0.431883, 0.932704), p = (1.148486, 0.431883, 0.932704)
Body 6952: orig = (0.597639, 0.717563, 0.593637), p = (0.597639, 0.717563, 0.593637)
Body 6953: orig = (-0.020131, 0.417853, -0.098784), p = (-0.020131, 0.417853, -0.098784)
Body 6954: orig = (-0.020025, 0.262348, 0.429371), p = (-0.020025, 0.262348, 0.429371)
Body 6955: orig = (0.866124, 0.809751, 0.176399), p = (0.866124, 0.809751, 0.176399)
Body 6956: orig = (1.373668, 0.509099, -0.545740), p = (1.373668, 0.509099, -0.545740)
Body 6957: orig = (0.217356, -0.072666, 0.979496), p = (0.217356, -0.072666, 0.979496)
Body 6958: orig = (0.121350, 0.429438, 0.182594), p = (0.121350, 0.429438, 0.182594)
Body 6959: orig = (0.999376, 0.514662, 0.146734), p = (0.999376, 0.514662, 0.146734)
Body 6960: orig = (0.396688, -0.078611, 0.372894), p = (0.396688, -0.078611, 0.372894)
Body 6961: orig = (0.662967, 0.271871, 0.276393), p = (0.662967, 0.271871, 0.276393)
Body 6962: orig = (0.343759, 0.221687, 0.787223), p = (0.343759, 0.221687, 0.787223)
Body 6963: orig = (0.554751, -0.451790, 0.553042), p = (0.554751, -0.451790, 0.553042)
Body 6964: orig = (0.695664, 0.437658, 1.343238), p = (0.695664, 0.437658, 1.343238)
Body 6965: orig = (0.180195, 0.860722, 0.172403), p = (0.180195, 0.860722, 0.172403)
Body 6966: orig = (0.169787, 0.133597, 0.844755), p = (0.169787, 0.133597, 0.844755)
Body 6967: orig = (0.540209, 1.023292, 0.423967), p = (0.540209, 1.023292, 0.423967)
Body 6968: orig = (0.610512, 0.060248, 0.959568), p = (0.610512, 0.060248, 0.959568)
Body 6969: orig = (0.298101, 0.865783, 0.137696), p = (0.298101, 0.865783, 0.137696)
Body 6970: orig = (0.625537, -0.036583, 0.546383), p = (0.625537, -0.036583, 0.546383)
Body 6971: orig = (0.999526, 0.189464, 0.621904), p = (0.999526, 0.189464, 0.621904)
Body 6972: orig = (0.706389, -0.241478, 0.619162), p = (0.706389, -0.241478, 0.619162)
Body 6973: orig = (0.522618, 0.471793, 0.616717), p = (0.522618, 0.471793, 0.616717)
Body 6974: orig = (0.328351, 0.280510, 0.608184), p = (0.328351, 0.280510, 0.608184)
Body 6975: orig = (1.039297, 0.811695, 0.607128), p = (1.039297, 0.811695, 0.607128)
Body 6976: orig = (1.593105, 0.484659, 0.439853), p = (1.593105, 0.484659, 0.439853)
Body 6977: orig = (1.105536, 0.652985, -0.049842), p = (1.105536, 0.652985, -0.049842)
Body 6978: orig = (0.650899, 0.767348, -0.317363), p = (0.650899, 0.767348, -0.317363)
Body 6979: orig = (0.232323, 0.660963, 1.200138), p = (0.232323, 0.660963, 1.200138)
Body 6980: orig = (0.840822, 0.816578, -0.038511), p = (0.840822, 0.816578, -0.038511)
Body 6981: orig = (0.542673, -0.033867, 0.607860), p = (0.542673, -0.033867, 0.607860)
Body 6982: orig = (0.500819, 0.808399, 1.097763), p = (0.500819, 0.808399, 1.097763)
Body 6983: orig = (0.462508, 0.337118, 0.744303), p = (0.462508, 0.337118, 0.744303)
Body 6984: orig = (1.181998, 0.310382, 0.808611), p = (1.181998, 0.310382, 0.808611)
Body 6985: orig = (0.567041, 0.417468, 0.215845), p = (0.567041, 0.417468, 0.215845)
Body 6986: orig = (0.198931, 0.859142, 1.000311), p = (0.198931, 0.859142, 1.000311)
Body 6987: orig = (0.648709, 0.036824, 0.862053), p = (0.648709, 0.036824, 0.862053)
Body 6988: orig = (0.828748, 0.845997, 0.551230), p = (0.828748, 0.845997, 0.551230)
Body 6989: orig = (1.163094, 0.910545, 0.374819), p = (1.163094, 0.910545, 0.374819)
Body 6990: orig = (0.832149, 0.267128, -0.052863), p = (0.832149, 0.267128, -0.052863)
Body 6991: orig = (0.475009, 0.907787, 0.015956), p = (0.475009, 0.907787, 0.015956)
Body 6992: orig = (0.465185, 1.243771, 0.632691), p = (0.465185, 1.243771, 0.632691)
Body 6993: orig = (-0.274860, 0.167249, 0.593768), p = (-0.274860, 0.167249, 0.593768)
Body 6994: orig = (0.264315, 0.160010, 0.615177), p = (0.264315, 0.160010, 0.615177)
Body 6995: orig = (0.435915, 1.342840, 0.171841), p = (0.435915, 1.342840, 0.171841)
Body 6996: orig = (0.690146, 0.709435, 0.229689), p = (0.690146, 0.709435, 0.229689)
Body 6997: orig = (0.715452, 0.935889, 0.536547), p = (0.715452, 0.935889, 0.536547)
Body 6998: orig = (0.401600, 1.020326, 0.077885), p = (0.401600, 1.020326, 0.077885)
Body 6999: orig = (0.536974, 0.434691, -0.473287), p = (0.536974, 0.434691, -0.473287)
Body 7000: orig = (0.494542, 1.003452, 0.827696), p = (0.494542, 1.003452, 0.827696)
Body 7001: orig = (0.439658, 0.577193, 1.372620), p = (0.439658, 0.577193, 1.372620)
Body 7002: orig = (0.905600, 0.483541, 0.472192), p = (0.905600, 0.483541, 0.472192)
Body 7003: orig = (-0.199233, 0.876393, 0.363269), p = (-0.199233, 0.876393, 0.363269)
Body 7004: orig = (0.470312, 0.526032, 1.153774), p = (0.470312, 0.526032, 1.153774)
Body 7005: orig = (0.574515, 0.057549, 0.229798), p = (0.574515, 0.057549, 0.229798)
Body 7006: orig = (-0.366900, 0.612167, 0.120738), p = (-0.366900, 0.612167, 0.120738)
Body 7007: orig = (0.867712, 0.931257, 0.702745), p = (0.867712, 0.931257, 0.702745)
Body 7008: orig = (0.980791, 0.524682, 0.993536), p = (0.980791, 0.524682, 0.993536)
Body 7009: orig = (0.570751, 1.033980, 0.175321), p = (0.570751, 1.033980, 0.175321)
Body 7010: orig = (0.336917, -0.073107, -0.439803), p = (0.336917, -0.073107, -0.439803)
Body 7011: orig = (0.334051, 0.716049, 0.809630), p = (0.334051, 0.716049, 0.809630)
Body 7012: orig = (0.684873, -0.137375, 0.298799), p = (0.684873, -0.137375, 0.298799)
Body 7013: orig = (0.578059, 1.157140, 0.261169), p = (0.578059, 1.157140, 0.261169)
Body 7014: orig = (0.367710, -0.426081, 0.535121), p = (0.367710, -0.426081, 0.535121)
Body 7015: orig = (0.822578, 0.248327, 0.333633), p = (0.822578, 0.248327, 0.333633)
Body 7016: orig = (0.475446, -0.026703, 0.199678), p = (0.475446, -0.026703, 0.199678)
Body 7017: orig = (-0.130023, 0.097619, 0.350694), p = (-0.130023, 0.097619, 0.350694)
Body 7018: orig = (0.424772, 0.327160, 0.855520), p = (0.424772, 0.327160, 0.855520)
Body 7019: orig = (0.846743, 1.162524, 0.390661), p = (0.846743, 1.162524, 0.390661)
Body 7020: orig = (0.998004, 0.659478, 0.936276), p = (0.998004, 0.659478, 0.936276)
Body 7021: orig = (0.938810, 0.318687, 0.396731), p = (0.938810, 0.318687, 0.396731)
Body 7022: orig = (0.928567, 0.622583, 1.001902), p = (0.928567, 0.622583, 1.001902)
Body 7023: orig = (0.769595, -0.280266, 0.204186), p = (0.769595, -0.280266, 0.204186)
Body 7024: orig = (0.161793, 0.566406, -0.184792), p = (0.161793, 0.566406, -0.184792)
Body 7025: orig = (0.304443, 0.318179, 0.744467), p = (0.304443, 0.318179, 0.744467)
Body 7026: orig = (0.366841, 0.055635, 0.523038), p = (0.366841, 0.055635, 0.523038)
Body 7027: orig = (-0.087387, 0.621609, 1.007599), p = (-0.087387, 0.621609, 1.007599)
Body 7028: orig = (-0.210891, 0.780403, 0.481607), p = (-0.210891, 0.780403, 0.481607)
Body 7029: orig = (1.092154, 0.211630, 0.847252), p = (1.092154, 0.211630, 0.847252)
Body 7030: orig = (0.874209, 0.260165, 1.117439), p = (0.874209, 0.260165, 1.117439)
Body 7031: orig = (0.275061, 0.351729, 0.710534), p = (0.275061, 0.351729, 0.710534)
Body 7032: orig = (0.447449, 1.509469, 0.474465), p = (0.447449, 1.509469, 0.474465)
Body 7033: orig = (-0.050959, 0.497080, 0.016460), p = (-0.050959, 0.497080, 0.016460)
Body 7034: orig = (0.448661, 0.477929, 0.802067), p = (0.448661, 0.477929, 0.802067)
Body 7035: orig = (0.647747, 0.246808, -0.117618), p = (0.647747, 0.246808, -0.117618)
Body 7036: orig = (0.709157, 0.633866, -0.357047), p = (0.709157, 0.633866, -0.357047)
Body 7037: orig = (0.754008, 0.315694, 0.562923), p = (0.754008, 0.315694, 0.562923)
Body 7038: orig = (0.868873, 0.878334, 0.267431), p = (0.868873, 0.878334, 0.267431)
Body 7039: orig = (0.496888, 1.315053, 0.202650), p = (0.496888, 1.315053, 0.202650)
Body 7040: orig = (0.441478, -0.313726, 0.242646), p = (0.441478, -0.313726, 0.242646)
Body 7041: orig = (0.797388, 0.421179, 1.072709), p = (0.797388, 0.421179, 1.072709)
Body 7042: orig = (0.585586, -0.508616, 0.476269), p = (0.585586, -0.508616, 0.476269)
Body 7043: orig = (0.371127, 1.371111, 0.784071), p = (0.371127, 1.371111, 0.784071)
Body 7044: orig = (0.389924, 0.626451, 0.459901), p = (0.389924, 0.626451, 0.459901)
Body 7045: orig = (0.152719, 0.986949, -0.003528), p = (0.152719, 0.986949, -0.003528)
Body 7046: orig = (0.207969, 0.502054, 0.989171), p = (0.207969, 0.502054, 0.989171)
Body 7047: orig = (1.101818, 0.386896, 0.363933), p = (1.101818, 0.386896, 0.363933)
Body 7048: orig = (0.763373, 1.069052, 0.520362), p = (0.763373, 1.069052, 0.520362)
Body 7049: orig = (0.206132, 0.916473, 0.384373), p = (0.206132, 0.916473, 0.384373)
Body 7050: orig = (0.888081, 1.034882, 0.221890), p = (0.888081, 1.034882, 0.221890)
Body 7051: orig = (0.563029, 0.785665, 1.222087), p = (0.563029, 0.785665, 1.222087)
Body 7052: orig = (-0.020781, 0.373019, 0.220340), p = (-0.020781, 0.373019, 0.220340)
Body 7053: orig = (0.494359, -0.598388, 0.517094), p = (0.494359, -0.598388, 0.517094)
Body 7054: orig = (0.246188, 0.878141, 0.105622), p = (0.246188, 0.878141, 0.105622)
Body 7055: orig = (1.152757, 0.411141, 0.521900), p = (1.152757, 0.411141, 0.521900)
Body 7056: orig = (0.315595, 0.442309, 0.084751), p = (0.315595, 0.442309, 0.084751)
Body 7057: orig = (0.291139, 0.723934, -0.268284), p = (0.291139, 0.723934, -0.268284)
Body 7058: orig = (0.507834, 0.680394, -0.039852), p = (0.507834, 0.680394, -0.039852)
Body 7059: orig = (0.462289, -0.405712, 0.428770), p = (0.462289, -0.405712, 0.428770)
Body 7060: orig = (0.283432, 0.647195, 0.397415), p = (0.283432, 0.647195, 0.397415)
Body 7061: orig = (0.490223, 1.268803, 0.667240), p = (0.490223, 1.268803, 0.667240)
Body 7062: orig = (1.008374, 0.852537, 0.549916), p = (1.008374, 0.852537, 0.549916)
Body 7063: orig = (0.414826, 0.888541, 1.086269), p = (0.414826, 0.888541, 1.086269)
Body 7064: orig = (0.927312, 0.789502, 0.280914), p = (0.927312, 0.789502, 0.280914)
Body 7065: orig = (0.699358, 0.358466, -0.087668), p = (0.699358, 0.358466, -0.087668)
Body 7066: orig = (0.332223, 0.878996, 0.345067), p = (0.332223, 0.878996, 0.345067)
Body 7067: orig = (0.766440, 0.734018, 0.166630), p = (0.766440, 0.734018, 0.166630)
Body 7068: orig = (-0.056341, 0.690066, 0.350190), p = (-0.056341, 0.690066, 0.350190)
Body 7069: orig = (0.699097, -0.292514, 0.275933), p = (0.699097, -0.292514, 0.275933)
Body 7070: orig = (-0.223012, 0.938841, 0.670229), p = (-0.223012, 0.938841, 0.670229)
Body 7071: orig = (-0.043752, 0.563594, 0.466390), p = (-0.043752, 0.563594, 0.466390)
Body 7072: orig = (0.495749, -0.175817, 0.832193), p = (0.495749, -0.175817, 0.832193)
Body 7073: orig = (0.962004, 0.104931, 0.974471), p = (0.962004, 0.104931, 0.974471)
Body 7074: orig = (0.357201, 0.072147, 0.463462), p = (0.357201, 0.072147, 0.463462)
Body 7075: orig = (0.400748, -0.379902, 0.802250), p = (0.400748, -0.379902, 0.802250)
Body 7076: orig = (0.606771, 0.885711, -0.183226), p = (0.606771, 0.885711, -0.183226)
Body 7077: orig = (-0.622121, 0.567463, 0.842007), p = (-0.622121, 0.567463, 0.842007)
Body 7078: orig = (-0.028654, 0.453710, 0.738357), p = (-0.028654, 0.453710, 0.738357)
Body 7079: orig = (1.252863, 0.445471, 0.177377), p = (1.252863, 0.445471, 0.177377)
Body 7080: orig = (-0.036218, 0.610365, 0.630592), p = (-0.036218, 0.610365, 0.630592)
Body 7081: orig = (0.386687, 0.796225, -0.307432), p = (0.386687, 0.796225, -0.307432)
Body 7082: orig = (0.445053, 0.971305, 0.311724), p = (0.445053, 0.971305, 0.311724)
Body 7083: orig = (0.642831, 0.251221, -0.264460), p = (0.642831, 0.251221, -0.264460)
Body 7084: orig = (1.068491, 0.310087, 0.638031), p = (1.068491, 0.310087, 0.638031)
Body 7085: orig = (0.807875, 0.496305, -0.164202), p = (0.807875, 0.496305, -0.164202)
Body 7086: orig = (0.748792, 0.353743, 1.203620), p = (0.748792, 0.353743, 1.203620)
Body 7087: orig = (0.292680, 0.037727, 0.030808), p = (0.292680, 0.037727, 0.030808)
Body 7088: orig = (0.258890, 0.443179, 0.695588), p = (0.258890, 0.443179, 0.695588)
Body 7089: orig = (1.058217, 1.067635, 0.486920), p = (1.058217, 1.067635, 0.486920)
Body 7090: orig = (0.710029, 0.924490, -0.105751), p = (0.710029, 0.924490, -0.105751)
Body 7091: orig = (0.735041, 0.514104, 0.812780), p = (0.735041, 0.514104, 0.812780)
Body 7092: orig = (0.420797, 0.625296, 0.272510), p = (0.420797, 0.625296, 0.272510)
Body 7093: orig = (0.345190, 0.400684, 0.852133), p = (0.345190, 0.400684, 0.852133)
Body 7094: orig = (0.811379, 0.263606, 1.086273), p = (0.811379, 0.263606, 1.086273)
Body 7095: orig = (0.867568, 0.533408, 0.078350), p = (0.867568, 0.533408, 0.078350)
Body 7096: orig = (0.814199, 0.313438, 1.137605), p = (0.814199, 0.313438, 1.137605)
Body 7097: orig = (1.026280, 1.104787, 0.570245), p = (1.026280, 1.104787, 0.570245)
Body 7098: orig = (0.887158, 0.478624, 0.273233), p = (0.887158, 0.478624, 0.273233)
Body 7099: orig = (0.505627, 0.215446, 0.839183), p = (0.505627, 0.215446, 0.839183)
Body 7100: orig = (0.638236, 0.728632, 0.123076), p = (0.638236, 0.728632, 0.123076)
Body 7101: orig = (1.030672, 0.372833, 0.636871), p = (1.030672, 0.372833, 0.636871)
Body 7102: orig = (0.221255, 0.446509, -0.439494), p = (0.221255, 0.446509, -0.439494)
Body 7103: orig = (1.403124, 0.464629, 0.691587), p = (1.403124, 0.464629, 0.691587)
Body 7104: orig = (0.736445, 0.426601, -0.230487), p = (0.736445, 0.426601, -0.230487)
Body 7105: orig = (0.633381, -0.118533, 0.307837), p = (0.633381, -0.118533, 0.307837)
Body 7106: orig = (0.962202, 0.111710, 0.853606), p = (0.962202, 0.111710, 0.853606)
Body 7107: orig = (0.106713, 0.735370, 0.813443), p = (0.106713, 0.735370, 0.813443)
Body 7108: orig = (1.037325, 0.267840, 0.158429), p = (1.037325, 0.267840, 0.158429)
Body 7109: orig = (0.522943, 0.971745, 0.218848), p = (0.522943, 0.971745, 0.218848)
Body 7110: orig = (0.436025, 0.842484, -0.255603), p = (0.436025, 0.842484, -0.255603)
Body 7111: orig = (0.198282, -0.139493, 0.422345), p = (0.198282, -0.139493, 0.422345)
Body 7112: orig = (0.802903, 1.127293, 0.562053), p = (0.802903, 1.127293, 0.562053)
Body 7113: orig = (0.404748, 0.338016, 1.241476), p = (0.404748, 0.338016, 1.241476)
Body 7114: orig = (0.170231, 0.337304, 0.237591), p = (0.170231, 0.337304, 0.237591)
Body 7115: orig = (0.355907, 0.297374, 0.490345), p = (0.355907, 0.297374, 0.490345)
Body 7116: orig = (1.046231, 0.763756, 0.020776), p = (1.046231, 0.763756, 0.020776)
Body 7117: orig = (0.086126, 0.871056, 0.269583), p = (0.086126, 0.871056, 0.269583)
Body 7118: orig = (0.774262, 1.026730, 1.111164), p = (0.774262, 1.026730, 1.111164)
Body 7119: orig = (0.631239, 0.037074, -0.054622), p = (0.631239, 0.037074, -0.054622)
Body 7120: orig = (0.355461, 0.382659, 1.152410), p = (0.355461, 0.382659, 1.152410)
Body 7121: orig = (0.468025, 1.247181, 0.552710), p = (0.468025, 1.247181, 0.552710)
Body 7122: orig = (0.493196, 0.604665, 0.174972), p = (0.493196, 0.604665, 0.174972)
Body 7123: orig = (0.381660, 0.474438, 1.001251), p = (0.381660, 0.474438, 1.001251)
Body 7124: orig = (0.485972, 1.101735, 0.359010), p = (0.485972, 1.101735, 0.359010)
Body 7125: orig = (0.474463, 0.012104, 0.890172), p = (0.474463, 0.012104, 0.890172)
Body 7126: orig = (0.638452, 0.189019, 0.920068), p = (0.638452, 0.189019, 0.920068)
Body 7127: orig = (0.696670, 0.846919, 0.118737), p = (0.696670, 0.846919, 0.118737)
Body 7128: orig = (0.588063, 0.033583, 0.552829), p = (0.588063, 0.033583, 0.552829)
Body 7129: orig = (-0.170238, 0.574274, 0.873780), p = (-0.170238, 0.574274, 0.873780)
Body 7130: orig = (0.491743, 0.662714, -0.064669), p = (0.491743, 0.662714, -0.064669)
Body 7131: orig = (0.625915, 0.130601, 0.887750), p = (0.625915, 0.130601, 0.887750)
Body 7132: orig = (0.355626, -0.018985, 0.508351), p = (0.355626, -0.018985, 0.508351)
Body 7133: orig = (0.623487, 1.211990, 0.486718), p = (0.623487, 1.211990, 0.486718)
Body 7134: orig = (0.618350, 0.160778, 0.954349), p = (0.618350, 0.160778, 0.954349)
Body 7135: orig = (0.631596, 0.824335, 0.743125), p = (0.631596, 0.824335, 0.743125)
Body 7136: orig = (0.211800, 0.287467, 1.044639), p = (0.211800, 0.287467, 1.044639)
Body 7137: orig = (0.693676, -0.161230, 0.349608), p = (0.693676, -0.161230, 0.349608)
Body 7138: orig = (0.511178, 0.487269, 0.800364), p = (0.511178, 0.487269, 0.800364)
Body 7139: orig = (0.220624, 1.089953, 0.168591), p = (0.220624, 1.089953, 0.168591)
Body 7140: orig = (0.497110, 1.148290, 0.865583), p = (0.497110, 1.148290, 0.865583)
Body 7141: orig = (1.076426, 0.551702, 0.583979), p = (1.076426, 0.551702, 0.583979)
Body 7142: orig = (0.316240, 0.378876, 0.858192), p = (0.316240, 0.378876, 0.858192)
Body 7143: orig = (0.819308, 0.166944, 0.377795), p = (0.819308, 0.166944, 0.377795)
Body 7144: orig = (0.606444, 0.386050, 1.178282), p = (0.606444, 0.386050, 1.178282)
Body 7145: orig = (0.461490, 0.548252, 0.391788), p = (0.461490, 0.548252, 0.391788)
Body 7146: orig = (0.228111, 0.196126, -0.068076), p = (0.228111, 0.196126, -0.068076)
Body 7147: orig = (0.797668, 1.008319, 0.632843), p = (0.797668, 1.008319, 0.632843)
Body 7148: orig = (0.437436, 0.312938, -0.188071), p = (0.437436, 0.312938, -0.188071)
Body 7149: orig = (0.518205, 0.860088, -0.182891), p = (0.518205, 0.860088, -0.182891)
Body 7150: orig = (0.483212, 0.389645, 1.401669), p = (0.483212, 0.389645, 1.401669)
Body 7151: orig = (0.848361, 1.086609, 0.233692), p = (0.848361, 1.086609, 0.233692)
Body 7152: orig = (0.370469, -0.004741, 0.296373), p = (0.370469, -0.004741, 0.296373)
Body 7153: orig = (0.547115, 0.661738, 0.127523), p = (0.547115, 0.661738, 0.127523)
Body 7154: orig = (0.845160, 0.659262, 0.305156), p = (0.845160, 0.659262, 0.305156)
Body 7155: orig = (0.246093, 0.381198, 0.654569), p = (0.246093, 0.381198, 0.654569)
Body 7156: orig = (0.445498, 0.463202, 0.058176), p = (0.445498, 0.463202, 0.058176)
Body 7157: orig = (0.699303, 0.376887, -0.242810), p = (0.699303, 0.376887, -0.242810)
Body 7158: orig = (0.995408, 0.960274, 1.398177), p = (0.995408, 0.960274, 1.398177)
Body 7159: orig = (-0.161274, 0.367297, 0.299714), p = (-0.161274, 0.367297, 0.299714)
Body 7160: orig = (1.064716, 0.890863, 0.451636), p = (1.064716, 0.890863, 0.451636)
Body 7161: orig = (0.293509, 0.314589, 0.947060), p = (0.293509, 0.314589, 0.947060)
Body 7162: orig = (0.301491, 0.178026, 0.287017), p = (0.301491, 0.178026, 0.287017)
Body 7163: orig = (1.152968, 0.438312, 0.492723), p = (1.152968, 0.438312, 0.492723)
Body 7164: orig = (0.630371, 0.206278, 0.992201), p = (0.630371, 0.206278, 0.992201)
Body 7165: orig = (1.161794, 0.640426, 0.423358), p = (1.161794, 0.640426, 0.423358)
Body 7166: orig = (0.718799, -0.046138, 0.493852), p = (0.718799, -0.046138, 0.493852)
Body 7167: orig = (0.803469, 0.654504, -0.124636), p = (0.803469, 0.654504, -0.124636)
Body 7168: orig = (-0.154497, 0.664459, 0.396396), p = (-0.154497, 0.664459, 0.396396)
Body 7169: orig = (0.391359, 0.584461, 0.369671), p = (0.391359, 0.584461, 0.369671)
Body 7170: orig = (-0.320860, 0.442366, 0.361402), p = (-0.320860, 0.442366, 0.361402)
Body 7171: orig = (0.498398, 0.020476, 0.267930), p = (0.498398, 0.020476, 0.267930)
Body 7172: orig = (0.793690, 1.015764, 0.670086), p = (0.793690, 1.015764, 0.670086)
Body 7173: orig = (-0.448430, 0.603437, 0.809792), p = (-0.448430, 0.603437, 0.809792)
Body 7174: orig = (0.511525, 1.110046, 0.734211), p = (0.511525, 1.110046, 0.734211)
Body 7175: orig = (0.443157, 0.562786, -0.379377), p = (0.443157, 0.562786, -0.379377)
Body 7176: orig = (0.637694, 0.652528, 1.493734), p = (0.637694, 0.652528, 1.493734)
Body 7177: orig = (0.900351, 0.656956, 0.972988), p = (0.900351, 0.656956, 0.972988)
Body 7178: orig = (0.758459, 0.634699, 1.176413), p = (0.758459, 0.634699, 1.176413)
Body 7179: orig = (0.813353, 1.121639, 0.668773), p = (0.813353, 1.121639, 0.668773)
Body 7180: orig = (0.347421, 0.441778, 1.303557), p = (0.347421, 0.441778, 1.303557)
Body 7181: orig = (-0.138539, 0.410497, 0.600836), p = (-0.138539, 0.410497, 0.600836)
Body 7182: orig = (0.285814, 1.564676, -0.402076), p = (0.285814, 1.564676, -0.402076)
Body 7183: orig = (1.294699, 0.379022, 0.805158), p = (1.294699, 0.379022, 0.805158)
Body 7184: orig = (1.230524, 0.215211, 0.275293), p = (1.230524, 0.215211, 0.275293)
Body 7185: orig = (0.299167, 0.704805, -0.051047), p = (0.299167, 0.704805, -0.051047)
Body 7186: orig = (0.435484, 0.256740, 0.786914), p = (0.435484, 0.256740, 0.786914)
Body 7187: orig = (0.746567, 0.563903, -0.424680), p = (0.746567, 0.563903, -0.424680)
Body 7188: orig = (1.162981, 0.897194, 1.171601), p = (1.162981, 0.897194, 1.171601)
Body 7189: orig = (0.620068, 0.607199, 0.249968), p = (0.620068, 0.607199, 0.249968)
Body 7190: orig = (0.435395, -0.229100, 0.386477), p = (0.435395, -0.229100, 0.386477)
Body 7191: orig = (-0.307602, 0.974869, 0.622418), p = (-0.307602, 0.974869, 0.622418)
Body 7192: orig = (0.188124, 0.737357, 0.817323), p = (0.188124, 0.737357, 0.817323)
Body 7193: orig = (0.538229, 0.423517, 1.084369), p = (0.538229, 0.423517, 1.084369)
Body 7194: orig = (-0.199630, 0.459844, 0.270177), p = (-0.199630, 0.459844, 0.270177)
Body 7195: orig = (0.567821, 0.939485, 0.675924), p = (0.567821, 0.939485, 0.675924)
Body 7196: orig = (1.144425, 0.126724, 0.587640), p = (1.144425, 0.126724, 0.587640)
Body 7197: orig = (0.354353, 0.452871, 0.211813), p = (0.354353, 0.452871, 0.211813)
Body 7198: orig = (0.471204, -0.384110, 0.640008), p = (0.471204, -0.384110, 0.640008)
Body 7199: orig = (0.357324, 0.309716, 0.720555), p = (0.357324, 0.309716, 0.720555)
Body 7200: orig = (0.125163, 0.683064, 0.037466), p = (0.125163, 0.683064, 0.037466)
Body 7201: orig = (0.670526, 0.517184, 0.695461), p = (0.670526, 0.517184, 0.695461)
Body 7202: orig = (0.462196, 0.365199, 1.370022), p = (0.462196, 0.365199, 1.370022)
Body 7203: orig = (0.944883, 0.305477, 0.608581), p = (0.944883, 0.305477, 0.608581)
Body 7204: orig = (0.177564, -0.317169, 0.490892), p = (0.177564, -0.317169, 0.490892)
Body 7205: orig = (0.497140, -0.029042, -0.109978), p = (0.497140, -0.029042, -0.109978)
Body 7206: orig = (0.676821, 0.806969, 0.849954), p = (0.676821, 0.806969, 0.849954)
Body 7207: orig = (-0.074710, 0.243284, 0.517185), p = (-0.074710, 0.243284, 0.517185)
Body 7208: orig = (0.700479, 0.579132, 0.743145), p = (0.700479, 0.579132, 0.743145)
Body 7209: orig = (0.259111, 0.591830, 1.340800), p = (0.259111, 0.591830, 1.340800)
Body 7210: orig = (0.679010, 0.595322, 0.715653), p = (0.679010, 0.595322, 0.715653)
Body 7211: orig = (1.247879, 0.350000, 0.167518), p = (1.247879, 0.350000, 0.167518)
Body 7212: orig = (0.803365, 0.622748, 0.586214), p = (0.803365, 0.622748, 0.586214)
Body 7213: orig = (0.308067, 0.487509, 0.663314), p = (0.308067, 0.487509, 0.663314)
Body 7214: orig = (-0.086736, 0.656930, 0.568036), p = (-0.086736, 0.656930, 0.568036)
Body 7215: orig = (0.562424, 0.782344, 0.891053), p = (0.562424, 0.782344, 0.891053)
Body 7216: orig = (-0.220053, 0.534679, 0.004114), p = (-0.220053, 0.534679, 0.004114)
Body 7217: orig = (2.088832, -0.486147, -0.315810), p = (2.088832, -0.486147, -0.315810)
Body 7218: orig = (0.860399, -0.157318, 0.445004), p = (0.860399, -0.157318, 0.445004)
Body 7219: orig = (0.630875, 0.508579, 0.778052), p = (0.630875, 0.508579, 0.778052)
Body 7220: orig = (0.477656, 0.774501, 1.224518), p = (0.477656, 0.774501, 1.224518)
Body 7221: orig = (-0.001136, 0.209979, 0.609888), p = (-0.001136, 0.209979, 0.609888)
Body 7222: orig = (0.144656, 0.144963, 0.434126), p = (0.144656, 0.144963, 0.434126)
Body 7223: orig = (0.573353, 0.040578, 0.459385), p = (0.573353, 0.040578, 0.459385)
Body 7224: orig = (0.409321, 1.044365, -0.007212), p = (0.409321, 1.044365, -0.007212)
Body 7225: orig = (0.122386, 0.612704, 1.368801), p = (0.122386, 0.612704, 1.368801)
Body 7226: orig = (0.666754, 0.550674, 0.529963), p = (0.666754, 0.550674, 0.529963)
Body 7227: orig = (0.197958, -0.337556, 0.318514), p = (0.197958, -0.337556, 0.318514)
Body 7228: orig = (0.806209, 0.681100, 0.855615), p = (0.806209, 0.681100, 0.855615)
Body 7229: orig = (0.641035, 0.550305, 1.118731), p = (0.641035, 0.550305, 1.118731)
Body 7230: orig = (0.118452, 0.623884, 0.690886), p = (0.118452, 0.623884, 0.690886)
Body 7231: orig = (-0.326816, 0.228424, 0.618326), p = (-0.326816, 0.228424, 0.618326)
Body 7232: orig = (1.368923, 0.433441, 0.764008), p = (1.368923, 0.433441, 0.764008)
Body 7233: orig = (0.457816, 0.994119, 0.063084), p = (0.457816, 0.994119, 0.063084)
Body 7234: orig = (0.455416, 0.641473, 0.578520), p = (0.455416, 0.641473, 0.578520)
Body 7235: orig = (-0.436640, 0.368151, 0.405085), p = (-0.436640, 0.368151, 0.405085)
Body 7236: orig = (0.643939, 0.920226, 1.115354), p = (0.643939, 0.920226, 1.115354)
Body 7237: orig = (0.946598, 0.437148, -0.100454), p = (0.946598, 0.437148, -0.100454)
Body 7238: orig = (0.772223, -0.169677, 0.314564), p = (0.772223, -0.169677, 0.314564)
Body 7239: orig = (0.523983, 0.438218, 0.739974), p = (0.523983, 0.438218, 0.739974)
Body 7240: orig = (0.933686, 0.725664, 0.916780), p = (0.933686, 0.725664, 0.916780)
Body 7241: orig = (0.593831, 2.007247, 0.526006), p = (0.593831, 2.007247, 0.526006)
Body 7242: orig = (0.245334, 0.957958, 0.130721), p = (0.245334, 0.957958, 0.130721)
Body 7243: orig = (0.428444, 1.140135, 0.855725), p = (0.428444, 1.140135, 0.855725)
Body 7244: orig = (0.958161, 0.440159, 0.473912), p = (0.958161, 0.440159, 0.473912)
Body 7245: orig = (0.377015, 0.638422, -0.059342), p = (0.377015, 0.638422, -0.059342)
Body 7246: orig = (-0.011268, 1.045063, 0.485044), p = (-0.011268, 1.045063, 0.485044)
Body 7247: orig = (1.122946, 0.566101, 0.606953), p = (1.122946, 0.566101, 0.606953)
Body 7248: orig = (0.665014, -0.334671, 0.562134), p = (0.665014, -0.334671, 0.562134)
Body 7249: orig = (1.053118, 0.774289, 0.335540), p = (1.053118, 0.774289, 0.335540)
Body 7250: orig = (0.075885, -0.183712, 0.434335), p = (0.075885, -0.183712, 0.434335)
Body 7251: orig = (0.483173, 0.544720, 0.457952), p = (0.483173, 0.544720, 0.457952)
Body 7252: orig = (0.631197, 0.845188, 0.609326), p = (0.631197, 0.845188, 0.609326)
Body 7253: orig = (0.474852, 0.984791, 0.800377), p = (0.474852, 0.984791, 0.800377)
Body 7254: orig = (0.685172, 0.997718, 0.266166), p = (0.685172, 0.997718, 0.266166)
Body 7255: orig = (0.220954, 0.485459, 0.714602), p = (0.220954, 0.485459, 0.714602)
Body 7256: orig = (0.888457, 0.117813, -0.478715), p = (0.888457, 0.117813, -0.478715)
Body 7257: orig = (1.382720, 0.295177, 0.564670), p = (1.382720, 0.295177, 0.564670)
Body 7258: orig = (0.286450, -0.094780, 0.354174), p = (0.286450, -0.094780, 0.354174)
Body 7259: orig = (0.279510, 0.066869, 0.691314), p = (0.279510, 0.066869, 0.691314)
Body 7260: orig = (0.635756, 0.213011, 0.967698), p = (0.635756, 0.213011, 0.967698)
Body 7261: orig = (0.459694, 0.254817, 0.201891), p = (0.459694, 0.254817, 0.201891)
Body 7262: orig = (0.348151, -0.334696, 0.527923), p = (0.348151, -0.334696, 0.527923)
Body 7263: orig = (0.553465, 0.322593, 0.065697), p = (0.553465, 0.322593, 0.065697)
Body 7264: orig = (0.316859, 0.517053, -0.060913), p = (0.316859, 0.517053, -0.060913)
Body 7265: orig = (1.510881, 0.569737, 0.498687), p = (1.510881, 0.569737, 0.498687)
Body 7266: orig = (1.018861, 0.087923, 0.635461), p = (1.018861, 0.087923, 0.635461)
Body 7267: orig = (-0.061912, 0.115725, 0.269035), p = (-0.061912, 0.115725, 0.269035)
Body 7268: orig = (0.328827, 0.338075, 0.688355), p = (0.328827, 0.338075, 0.688355)
Body 7269: orig = (0.293539, 0.556583, -0.269079), p = (0.293539, 0.556583, -0.269079)
Body 7270: orig = (0.714417, -0.162991, 0.249973), p = (0.714417, -0.162991, 0.249973)
Body 7271: orig = (0.305773, 0.685170, -0.008863), p = (0.305773, 0.685170, -0.008863)
Body 7272: orig = (0.204939, 0.728084, 0.188741), p = (0.204939, 0.728084, 0.188741)
Body 7273: orig = (-0.419310, 0.107069, -0.042464), p = (-0.419310, 0.107069, -0.042464)
Body 7274: orig = (0.761979, 1.142137, 0.898122), p = (0.761979, 1.142137, 0.898122)
Body 7275: orig = (0.352673, 1.342682, 0.471161), p = (0.352673, 1.342682, 0.471161)
Body 7276: orig = (0.293965, 0.496058, 1.318120), p = (0.293965, 0.496058, 1.318120)
Body 7277: orig = (0.412885, 1.285217, 0.788318), p = (0.412885, 1.285217, 0.788318)
Body 7278: orig = (0.024110, 0.551089, 0.883625), p = (0.024110, 0.551089, 0.883625)
Body 7279: orig = (0.240835, 0.606509, 0.974073), p = (0.240835, 0.606509, 0.974073)
Body 7280: orig = (0.281284, 0.711606, -0.244255), p = (0.281284, 0.711606, -0.244255)
Body 7281: orig = (-0.346234, 0.350069, 0.486702), p = (-0.346234, 0.350069, 0.486702)
Body 7282: orig = (1.293027, 0.403967, 0.442574), p = (1.293027, 0.403967, 0.442574)
Body 7283: orig = (0.402934, 0.153149, -0.307533), p = (0.402934, 0.153149, -0.307533)
Body 7284: orig = (-0.060774, 0.306711, 0.365035), p = (-0.060774, 0.306711, 0.365035)
Body 7285: orig = (0.177381, 0.269074, 0.637185), p = (0.177381, 0.269074, 0.637185)
Body 7286: orig = (0.102459, 0.031755, 0.194602), p = (0.102459, 0.031755, 0.194602)
Body 7287: orig = (1.074697, 1.211069, 0.496238), p = (1.074697, 1.211069, 0.496238)
Body 7288: orig = (0.832810, 0.232888, -0.132270), p = (0.832810, 0.232888, -0.132270)
Body 7289: orig = (-0.050477, 0.234423, 0.691461), p = (-0.050477, 0.234423, 0.691461)
Body 7290: orig = (0.329160, -0.094763, 0.284059), p = (0.329160, -0.094763, 0.284059)
Body 7291: orig = (0.142619, 0.891971, 0.308761), p = (0.142619, 0.891971, 0.308761)
Body 7292: orig = (0.183348, -0.158817, 0.627631), p = (0.183348, -0.158817, 0.627631)
Body 7293: orig = (0.454487, 0.729675, 0.419887), p = (0.454487, 0.729675, 0.419887)
Body 7294: orig = (0.770716, -0.103435, 0.387035), p = (0.770716, -0.103435, 0.387035)
Body 7295: orig = (0.478244, 0.258100, 0.796996), p = (0.478244, 0.258100, 0.796996)
Body 7296: orig = (0.562344, 0.406603, 0.964868), p = (0.562344, 0.406603, 0.964868)
Body 7297: orig = (0.426682, 0.282788, 1.242399), p = (0.426682, 0.282788, 1.242399)
Body 7298: orig = (0.372569, 0.540068, -0.119799), p = (0.372569, 0.540068, -0.119799)
Body 7299: orig = (0.458159, 0.452878, 0.976867), p = (0.458159, 0.452878, 0.976867)
Body 7300: orig = (0.560296, 0.543135, 1.345826), p = (0.560296, 0.543135, 1.345826)
Body 7301: orig = (0.586173, -0.107640, 0.769226), p = (0.586173, -0.107640, 0.769226)
Body 7302: orig = (-0.009330, 0.958301, 0.158759), p = (-0.009330, 0.958301, 0.158759)
Body 7303: orig = (0.237196, -0.202653, 0.509849), p = (0.237196, -0.202653, 0.509849)
Body 7304: orig = (1.219122, 0.471606, 0.234857), p = (1.219122, 0.471606, 0.234857)
Body 7305: orig = (0.357608, 1.104621, 0.789501), p = (0.357608, 1.104621, 0.789501)
Body 7306: orig = (0.465532, 0.318216, 0.991703), p = (0.465532, 0.318216, 0.991703)
Body 7307: orig = (0.173705, 0.519121, 0.031170), p = (0.173705, 0.519121, 0.031170)
Body 7308: orig = (0.979798, 0.109875, 0.401263), p = (0.979798, 0.109875, 0.401263)
Body 7309: orig = (0.006119, 1.210511, 1.079133), p = (0.006119, 1.210511, 1.079133)
Body 7310: orig = (1.207211, 0.443811, 0.375357), p = (1.207211, 0.443811, 0.375357)
Body 7311: orig = (-0.191278, 0.669498, 0.393821), p = (-0.191278, 0.669498, 0.393821)
Body 7312: orig = (1.294077, 0.748648, 0.419870), p = (1.294077, 0.748648, 0.419870)
Body 7313: orig = (0.684200, 1.297013, 0.518791), p = (0.684200, 1.297013, 0.518791)
Body 7314: orig = (0.336766, 0.375018, 0.745101), p = (0.336766, 0.375018, 0.745101)
Body 7315: orig = (0.479080, 0.536860, 0.387144), p = (0.479080, 0.536860, 0.387144)
Body 7316: orig = (0.736000, 0.213036, 1.075523), p = (0.736000, 0.213036, 1.075523)
Body 7317: orig = (0.222556, -0.039132, 0.705109), p = (0.222556, -0.039132, 0.705109)
Body 7318: orig = (0.533271, 1.028225, 1.045849), p = (0.533271, 1.028225, 1.045849)
Body 7319: orig = (0.916000, 0.549829, 0.934581), p = (0.916000, 0.549829, 0.934581)
Body 7320: orig = (0.412366, 0.196391, 0.502004), p = (0.412366, 0.196391, 0.502004)
Body 7321: orig = (0.832629, 0.647879, 0.785356), p = (0.832629, 0.647879, 0.785356)
Body 7322: orig = (0.640493, -0.277934, 0.261390), p = (0.640493, -0.277934, 0.261390)
Body 7323: orig = (0.331889, -0.258052, 0.585951), p = (0.331889, -0.258052, 0.585951)
Body 7324: orig = (0.309992, 0.992219, 1.188831), p = (0.309992, 0.992219, 1.188831)
Body 7325: orig = (0.464665, -0.092475, 0.159238), p = (0.464665, -0.092475, 0.159238)
Body 7326: orig = (0.360479, 0.678546, 0.936591), p = (0.360479, 0.678546, 0.936591)
Body 7327: orig = (0.804618, -0.062767, 0.484974), p = (0.804618, -0.062767, 0.484974)
Body 7328: orig = (0.992112, 0.852110, 1.262053), p = (0.992112, 0.852110, 1.262053)
Body 7329: orig = (1.350328, 0.421977, 0.382986), p = (1.350328, 0.421977, 0.382986)
Body 7330: orig = (0.592433, 0.822339, -0.002973), p = (0.592433, 0.822339, -0.002973)
Body 7331: orig = (-0.110517, 0.727013, 0.337772), p = (-0.110517, 0.727013, 0.337772)
Body 7332: orig = (0.467018, 0.371649, 1.505260), p = (0.467018, 0.371649, 1.505260)
Body 7333: orig = (0.534963, -0.371721, 0.510252), p = (0.534963, -0.371721, 0.510252)
Body 7334: orig = (0.433674, 1.384136, 0.645426), p = (0.433674, 1.384136, 0.645426)
Body 7335: orig = (0.633899, 0.665392, 0.810477), p = (0.633899, 0.665392, 0.810477)
Body 7336: orig = (0.139973, 0.862010, 0.712629), p = (0.139973, 0.862010, 0.712629)
Body 7337: orig = (0.572667, 0.220561, 1.176208), p = (0.572667, 0.220561, 1.176208)
Body 7338: orig = (0.439278, 0.814678, 0.457669), p = (0.439278, 0.814678, 0.457669)
Body 7339: orig = (1.117687, 0.636209, 1.286304), p = (1.117687, 0.636209, 1.286304)
Body 7340: orig = (0.594662, 0.189532, 0.048869), p = (0.594662, 0.189532, 0.048869)
Body 7341: orig = (0.515003, 1.166808, 0.234129), p = (0.515003, 1.166808, 0.234129)
Body 7342: orig = (0.723293, 0.386817, -0.195785), p = (0.723293, 0.386817, -0.195785)
Body 7343: orig = (0.395692, 1.379350, 0.695318), p = (0.395692, 1.379350, 0.695318)
Body 7344: orig = (0.696013, 0.283027, 0.717435), p = (0.696013, 0.283027, 0.717435)
Body 7345: orig = (1.536389, 0.627940, 0.660390), p = (1.536389, 0.627940, 0.660390)
Body 7346: orig = (-0.137236, 0.446831, -0.211575), p = (-0.137236, 0.446831, -0.211575)
Body 7347: orig = (-0.279740, -0.150699, 0.101840), p = (-0.279740, -0.150699, 0.101840)
Body 7348: orig = (0.665715, 0.435129, 0.752425), p = (0.665715, 0.435129, 0.752425)
Body 7349: orig = (0.450129, 0.395238, 0.811808), p = (0.450129, 0.395238, 0.811808)
Body 7350: orig = (1.537402, 0.337427, 0.596519), p = (1.537402, 0.337427, 0.596519)
Body 7351: orig = (0.497335, 0.604419, 1.128871), p = (0.497335, 0.604419, 1.128871)
Body 7352: orig = (0.216304, 1.076849, 0.659199), p = (0.216304, 1.076849, 0.659199)
Body 7353: orig = (0.709788, 0.737134, 1.000721), p = (0.709788, 0.737134, 1.000721)
Body 7354: orig = (0.539690, 0.556253, 1.064695), p = (0.539690, 0.556253, 1.064695)
Body 7355: orig = (1.271561, 0.660977, 0.543721), p = (1.271561, 0.660977, 0.543721)
Body 7356: orig = (0.361381, 0.451357, 1.214789), p = (0.361381, 0.451357, 1.214789)
Body 7357: orig = (0.609941, 0.674690, 0.877931), p = (0.609941, 0.674690, 0.877931)
Body 7358: orig = (-0.022178, 0.994566, 0.703328), p = (-0.022178, 0.994566, 0.703328)
Body 7359: orig = (0.218962, 0.412895, -0.119688), p = (0.218962, 0.412895, -0.119688)
Body 7360: orig = (0.238885, -0.251273, 1.245471), p = (0.238885, -0.251273, 1.245471)
Body 7361: orig = (0.778640, 0.602807, 1.035252), p = (0.778640, 0.602807, 1.035252)
Body 7362: orig = (0.372917, 0.224870, 0.328477), p = (0.372917, 0.224870, 0.328477)
Body 7363: orig = (0.248535, 0.559804, 0.745942), p = (0.248535, 0.559804, 0.745942)
Body 7364: orig = (0.516405, -0.205944, 0.202685), p = (0.516405, -0.205944, 0.202685)
Body 7365: orig = (0.677832, -0.106703, 0.605156), p = (0.677832, -0.106703, 0.605156)
Body 7366: orig = (0.765124, 0.560704, 0.840920), p = (0.765124, 0.560704, 0.840920)
Body 7367: orig = (0.346294, 0.562433, 1.005981), p = (0.346294, 0.562433, 1.005981)
Body 7368: orig = (0.023651, 0.379354, 0.243824), p = (0.023651, 0.379354, 0.243824)
Body 7369: orig = (0.423740, 0.509588, 0.369538), p = (0.423740, 0.509588, 0.369538)
Body 7370: orig = (0.227990, 0.080189, 0.420238), p = (0.227990, 0.080189, 0.420238)
Body 7371: orig = (-0.261880, 0.393513, 0.687198), p = (-0.261880, 0.393513, 0.687198)
Body 7372: orig = (0.055132, 0.537337, 1.054769), p = (0.055132, 0.537337, 1.054769)
Body 7373: orig = (0.550295, 0.516207, 1.054077), p = (0.550295, 0.516207, 1.054077)
Body 7374: orig = (-0.199058, -0.184111, 0.457563), p = (-0.199058, -0.184111, 0.457563)
Body 7375: orig = (0.463192, 0.325012, 1.388111), p = (0.463192, 0.325012, 1.388111)
Body 7376: orig = (0.984710, 0.217907, 0.474334), p = (0.984710, 0.217907, 0.474334)
Body 7377: orig = (0.949140, 0.372956, 1.274235), p = (0.949140, 0.372956, 1.274235)
Body 7378: orig = (-0.458137, 2.334057, -0.615724), p = (-0.458137, 2.334057, -0.615724)
Body 7379: orig = (0.107204, 0.535963, 0.544634), p = (0.107204, 0.535963, 0.544634)
Body 7380: orig = (0.606435, 1.350092, 0.323124), p = (0.606435, 1.350092, 0.323124)
Body 7381: orig = (0.472603, 0.191721, 1.143107), p = (0.472603, 0.191721, 1.143107)
Body 7382: orig = (0.242119, -0.390118, 0.246644), p = (0.242119, -0.390118, 0.246644)
Body 7383: orig = (0.867954, 0.242198, 0.623787), p = (0.867954, 0.242198, 0.623787)
Body 7384: orig = (-0.222688, 0.596316, 0.776812), p = (-0.222688, 0.596316, 0.776812)
Body 7385: orig = (1.182685, 0.611132, 0.207352), p = (1.182685, 0.611132, 0.207352)
Body 7386: orig = (0.532430, 0.489535, 1.064804), p = (0.532430, 0.489535, 1.064804)
Body 7387: orig = (0.704718, 0.760173, -0.001685), p = (0.704718, 0.760173, -0.001685)
Body 7388: orig = (0.252499, 0.475172, -0.196990), p = (0.252499, 0.475172, -0.196990)
Body 7389: orig = (0.468775, 0.219245, -0.155698), p = (0.468775, 0.219245, -0.155698)
Body 7390: orig = (0.517460, -0.191906, 1.172586), p = (0.517460, -0.191906, 1.172586)
Body 7391: orig = (0.435518, 1.364877, 0.677024), p = (0.435518, 1.364877, 0.677024)
Body 7392: orig = (0.801246, 0.092753, 0.452452), p = (0.801246, 0.092753, 0.452452)
Body 7393: orig = (0.350909, 1.416975, 0.739669), p = (0.350909, 1.416975, 0.739669)
Body 7394: orig = (0.737818, 0.077259, 0.659065), p = (0.737818, 0.077259, 0.659065)
Body 7395: orig = (0.248346, -0.122736, 1.010518), p = (0.248346, -0.122736, 1.010518)
Body 7396: orig = (0.455486, 0.187551, 0.676541), p = (0.455486, 0.187551, 0.676541)
Body 7397: orig = (-0.036534, 0.376206, 0.841426), p = (-0.036534, 0.376206, 0.841426)
Body 7398: orig = (0.587139, 0.696141, 0.128799), p = (0.587139, 0.696141, 0.128799)
Body 7399: orig = (1.513512, 0.465227, 0.334235), p = (1.513512, 0.465227, 0.334235)
Body 7400: orig = (0.120402, 0.519787, 0.664889), p = (0.120402, 0.519787, 0.664889)
Body 7401: orig = (0.353795, -0.147432, 0.106308), p = (0.353795, -0.147432, 0.106308)
Body 7402: orig = (-0.351357, 0.444708, 0.529843), p = (-0.351357, 0.444708, 0.529843)
Body 7403: orig = (0.551816, 0.323493, 0.999451), p = (0.551816, 0.323493, 0.999451)
Body 7404: orig = (1.066568, 0.402433, 0.252592), p = (1.066568, 0.402433, 0.252592)
Body 7405: orig = (0.507437, -0.665891, -0.468296), p = (0.507437, -0.665891, -0.468296)
Body 7406: orig = (0.571804, 1.472873, 0.240602), p = (0.571804, 1.472873, 0.240602)
Body 7407: orig = (-0.209747, 0.449222, 0.651408), p = (-0.209747, 0.449222, 0.651408)
Body 7408: orig = (0.201427, 1.140446, 0.603626), p = (0.201427, 1.140446, 0.603626)
Body 7409: orig = (0.501437, 1.508528, 0.512932), p = (0.501437, 1.508528, 0.512932)
Body 7410: orig = (-0.096236, 0.565167, 0.914966), p = (-0.096236, 0.565167, 0.914966)
Body 7411: orig = (0.132877, 0.361783, 0.788254), p = (0.132877, 0.361783, 0.788254)
Body 7412: orig = (0.536549, 1.076201, 0.556231), p = (0.536549, 1.076201, 0.556231)
Body 7413: orig = (0.993903, 0.799181, 0.432827), p = (0.993903, 0.799181, 0.432827)
Body 7414: orig = (0.627112, 0.177601, -0.141802), p = (0.627112, 0.177601, -0.141802)
Body 7415: orig = (0.103128, 0.921174, 0.835841), p = (0.103128, 0.921174, 0.835841)
Body 7416: orig = (1.053077, 0.232442, 0.777860), p = (1.053077, 0.232442, 0.777860)
Body 7417: orig = (0.441440, 0.257845, 0.198128), p = (0.441440, 0.257845, 0.198128)
Body 7418: orig = (1.060508, 0.405396, 0.537669), p = (1.060508, 0.405396, 0.537669)
Body 7419: orig = (0.218457, 0.082337, 0.548858), p = (0.218457, 0.082337, 0.548858)
Body 7420: orig = (-0.606884, 1.407510, 0.706561), p = (-0.606884, 1.407510, 0.706561)
Body 7421: orig = (0.046600, 0.636271, 0.734936), p = (0.046600, 0.636271, 0.734936)
Body 7422: orig = (0.664532, 0.560661, 1.316762), p = (0.664532, 0.560661, 1.316762)
Body 7423: orig = (0.572152, 0.624312, 0.525640), p = (0.572152, 0.624312, 0.525640)
Body 7424: orig = (0.570597, 1.461788, 0.445910), p = (0.570597, 1.461788, 0.445910)
Body 7425: orig = (0.627413, 1.024449, 0.393463), p = (0.627413, 1.024449, 0.393463)
Body 7426: orig = (0.686927, 0.449525, 0.811798), p = (0.686927, 0.449525, 0.811798)
Body 7427: orig = (1.032811, 0.212367, 0.791156), p = (1.032811, 0.212367, 0.791156)
Body 7428: orig = (0.166194, 0.528107, 1.053675), p = (0.166194, 0.528107, 1.053675)
Body 7429: orig = (0.494061, 0.585670, 0.373901), p = (0.494061, 0.585670, 0.373901)
Body 7430: orig = (0.918123, -0.002770, 0.525300), p = (0.918123, -0.002770, 0.525300)
Body 7431: orig = (0.687271, 0.503427, 0.732718), p = (0.687271, 0.503427, 0.732718)
Body 7432: orig = (1.050260, 0.546913, 0.419918), p = (1.050260, 0.546913, 0.419918)
Body 7433: orig = (1.189994, 0.050303, 0.375580), p = (1.189994, 0.050303, 0.375580)
Body 7434: orig = (0.122081, 0.444919, -0.098761), p = (0.122081, 0.444919, -0.098761)
Body 7435: orig = (0.732818, -0.234392, 0.594796), p = (0.732818, -0.234392, 0.594796)
Body 7436: orig = (0.148315, 0.899443, 0.404839), p = (0.148315, 0.899443, 0.404839)
Body 7437: orig = (0.808165, 1.245508, 0.411852), p = (0.808165, 1.245508, 0.411852)
Body 7438: orig = (0.464117, 0.947413, 0.720735), p = (0.464117, 0.947413, 0.720735)
Body 7439: orig = (0.577302, 1.094878, 0.362387), p = (0.577302, 1.094878, 0.362387)
Body 7440: orig = (0.504108, 0.801784, 0.147842), p = (0.504108, 0.801784, 0.147842)
Body 7441: orig = (0.888571, 0.505852, 1.053946), p = (0.888571, 0.505852, 1.053946)
Body 7442: orig = (1.071591, 0.627397, 0.248913), p = (1.071591, 0.627397, 0.248913)
Body 7443: orig = (0.942367, 1.010891, 0.983666), p = (0.942367, 1.010891, 0.983666)
Body 7444: orig = (0.440585, -0.194668, 0.210673), p = (0.440585, -0.194668, 0.210673)
Body 7445: orig = (0.583871, 0.535304, 1.116705), p = (0.583871, 0.535304, 1.116705)
Body 7446: orig = (0.821572, 1.031740, 0.389021), p = (0.821572, 1.031740, 0.389021)
Body 7447: orig = (0.219203, 0.719319, 0.727652), p = (0.219203, 0.719319, 0.727652)
Body 7448: orig = (0.463389, 0.523614, 1.207785), p = (0.463389, 0.523614, 1.207785)
Body 7449: orig = (0.095120, 0.704112, 0.042882), p = (0.095120, 0.704112, 0.042882)
Body 7450: orig = (-0.069932, 0.362344, 0.130556), p = (-0.069932, 0.362344, 0.130556)
Body 7451: orig = (0.244830, 1.199036, 0.174420), p = (0.244830, 1.199036, 0.174420)
Body 7452: orig = (0.325744, -0.385607, 0.536577), p = (0.325744, -0.385607, 0.536577)
Body 7453: orig = (0.687846, -0.122414, -0.499699), p = (0.687846, -0.122414, -0.499699)
Body 7454: orig = (0.077639, 0.753358, 0.363072), p = (0.077639, 0.753358, 0.363072)
Body 7455: orig = (0.617256, 1.198210, 0.297701), p = (0.617256, 1.198210, 0.297701)
Body 7456: orig = (0.391398, 0.194801, 0.826924), p = (0.391398, 0.194801, 0.826924)
Body 7457: orig = (0.650300, 0.568768, 0.601043), p = (0.650300, 0.568768, 0.601043)
Body 7458: orig = (-0.248578, 0.281729, 0.207067), p = (-0.248578, 0.281729, 0.207067)
Body 7459: orig = (0.162873, 0.515743, 0.708421), p = (0.162873, 0.515743, 0.708421)
Body 7460: orig = (0.275873, 0.203146, 0.007136), p = (0.275873, 0.203146, 0.007136)
Body 7461: orig = (1.042546, 0.382229, 0.208725), p = (1.042546, 0.382229, 0.208725)
Body 7462: orig = (0.138031, 1.081050, 0.543818), p = (0.138031, 1.081050, 0.543818)
Body 7463: orig = (1.235051, 0.825769, 0.422528), p = (1.235051, 0.825769, 0.422528)
Body 7464: orig = (1.033406, 0.193373, -0.047698), p = (1.033406, 0.193373, -0.047698)
Body 7465: orig = (-0.064913, 0.520837, 1.366639), p = (-0.064913, 0.520837, 1.366639)
Body 7466: orig = (1.068267, 1.692885, 0.673078), p = (1.068267, 1.692885, 0.673078)
Body 7467: orig = (0.734107, 1.314237, 0.530597), p = (0.734107, 1.314237, 0.530597)
Body 7468: orig = (-0.831542, -0.305940, -0.350324), p = (-0.831542, -0.305940, -0.350324)
Body 7469: orig = (0.789589, 0.502332, 1.015506), p = (0.789589, 0.502332, 1.015506)
Body 7470: orig = (0.611826, 1.410888, 0.403514), p = (0.611826, 1.410888, 0.403514)
Body 7471: orig = (0.102028, 0.048983, 0.567469), p = (0.102028, 0.048983, 0.567469)
Body 7472: orig = (0.359762, 0.196565, 1.017539), p = (0.359762, 0.196565, 1.017539)
Body 7473: orig = (0.422398, 1.156149, 0.376655), p = (0.422398, 1.156149, 0.376655)
Body 7474: orig = (0.522486, -0.144139, 0.578484), p = (0.522486, -0.144139, 0.578484)
Body 7475: orig = (0.942215, -0.178984, 0.121315), p = (0.942215, -0.178984, 0.121315)
Body 7476: orig = (0.663372, 1.011180, 0.554915), p = (0.663372, 1.011180, 0.554915)
Body 7477: orig = (0.144302, 1.041346, 0.309209), p = (0.144302, 1.041346, 0.309209)
Body 7478: orig = (1.217782, 0.333124, 0.668987), p = (1.217782, 0.333124, 0.668987)
Body 7479: orig = (0.809873, 0.808008, 0.524908), p = (0.809873, 0.808008, 0.524908)
Body 7480: orig = (0.356423, -0.046588, 0.558405), p = (0.356423, -0.046588, 0.558405)
Body 7481: orig = (0.350167, 0.683352, 0.312122), p = (0.350167, 0.683352, 0.312122)
Body 7482: orig = (0.189164, 0.502100, -0.012101), p = (0.189164, 0.502100, -0.012101)
Body 7483: orig = (0.703949, 3.173115, -3.261068), p = (0.703949, 3.173115, -3.261068)
Body 7484: orig = (0.140760, 1.114343, 0.400406), p = (0.140760, 1.114343, 0.400406)
Body 7485: orig = (-0.196066, 0.481292, 0.347037), p = (-0.196066, 0.481292, 0.347037)
Body 7486: orig = (1.454750, 0.513421, 0.242378), p = (1.454750, 0.513421, 0.242378)
Body 7487: orig = (0.927372, -0.330371, 0.274037), p = (0.927372, -0.330371, 0.274037)
Body 7488: orig = (0.715605, 0.860709, 0.642303), p = (0.715605, 0.860709, 0.642303)
Body 7489: orig = (0.114711, 0.639710, -0.052812), p = (0.114711, 0.639710, -0.052812)
Body 7490: orig = (0.756865, -0.137871, 0.309838), p = (0.756865, -0.137871, 0.309838)
Body 7491: orig = (0.303668, 0.769269, 0.768152), p = (0.303668, 0.769269, 0.768152)
Body 7492: orig = (0.158655, 0.639917, 0.364415), p = (0.158655, 0.639917, 0.364415)
Body 7493: orig = (0.738417, 0.909138, 0.234184), p = (0.738417, 0.909138, 0.234184)
Body 7494: orig = (0.272026, -0.306570, 0.488558), p = (0.272026, -0.306570, 0.488558)
Body 7495: orig = (1.255124, 0.426657, 0.023138), p = (1.255124, 0.426657, 0.023138)
Body 7496: orig = (1.053457, 0.791179, 0.375724), p = (1.053457, 0.791179, 0.375724)
Body 7497: orig = (0.003738, 0.314332, 0.525700), p = (0.003738, 0.314332, 0.525700)
Body 7498: orig = (0.145450, 0.883102, 0.947200), p = (0.145450, 0.883102, 0.947200)
Body 7499: orig = (0.044514, 0.529112, 0.166303), p = (0.044514, 0.529112, 0.166303)
Body 7500: orig = (0.326075, -0.160948, 0.382702), p = (0.326075, -0.160948, 0.382702)
Body 7501: orig = (0.012575, -0.004313, 0.571545), p = (0.012575, -0.004313, 0.571545)
Body 7502: orig = (0.180786, 0.403409, 0.877443), p = (0.180786, 0.403409, 0.877443)
Body 7503: orig = (1.002018, 0.357165, 0.394040), p = (1.002018, 0.357165, 0.394040)
Body 7504: orig = (0.535880, 0.149487, 0.241908), p = (0.535880, 0.149487, 0.241908)
Body 7505: orig = (-0.365236, 0.550831, 0.442759), p = (-0.365236, 0.550831, 0.442759)
Body 7506: orig = (0.478848, 0.146502, 0.196786), p = (0.478848, 0.146502, 0.196786)
Body 7507: orig = (0.420654, -0.239463, 0.153283), p = (0.420654, -0.239463, 0.153283)
Body 7508: orig = (0.385636, -0.080586, 0.585356), p = (0.385636, -0.080586, 0.585356)
Body 7509: orig = (0.336557, 0.487942, -0.329486), p = (0.336557, 0.487942, -0.329486)
Body 7510: orig = (0.272871, 0.871269, 0.936894), p = (0.272871, 0.871269, 0.936894)
Body 7511: orig = (0.725535, 1.439319, 0.558625), p = (0.725535, 1.439319, 0.558625)
Body 7512: orig = (0.140248, 0.916047, 0.652548), p = (0.140248, 0.916047, 0.652548)
Body 7513: orig = (1.172175, 0.189453, 0.532888), p = (1.172175, 0.189453, 0.532888)
Body 7514: orig = (0.427663, 0.742625, 0.181135), p = (0.427663, 0.742625, 0.181135)
Body 7515: orig = (0.832753, 0.216979, 0.347184), p = (0.832753, 0.216979, 0.347184)
Body 7516: orig = (0.154759, 0.828306, 0.786498), p = (0.154759, 0.828306, 0.786498)
Body 7517: orig = (1.118518, 0.256276, 0.519209), p = (1.118518, 0.256276, 0.519209)
Body 7518: orig = (-0.273322, 0.605913, 0.402746), p = (-0.273322, 0.605913, 0.402746)
Body 7519: orig = (0.316134, 0.451530, 1.233679), p = (0.316134, 0.451530, 1.233679)
Body 7520: orig = (0.363702, 1.098714, 0.907372), p = (0.363702, 1.098714, 0.907372)
Body 7521: orig = (0.711193, 0.383459, -0.419983), p = (0.711193, 0.383459, -0.419983)
Body 7522: orig = (0.625626, -0.378713, 0.479846), p = (0.625626, -0.378713, 0.479846)
Body 7523: orig = (0.624665, 0.166327, 0.420073), p = (0.624665, 0.166327, 0.420073)
Body 7524: orig = (0.406607, 0.630775, 0.612861), p = (0.406607, 0.630775, 0.612861)
Body 7525: orig = (0.828980, 0.355646, 0.053469), p = (0.828980, 0.355646, 0.053469)
Body 7526: orig = (0.572604, 0.308810, 0.875053), p = (0.572604, 0.308810, 0.875053)
Body 7527: orig = (0.997515, 0.464430, 2.080237), p = (0.997515, 0.464430, 2.080237)
Body 7528: orig = (0.499946, 0.001396, 0.815013), p = (0.499946, 0.001396, 0.815013)
Body 7529: orig = (0.367667, -0.090381, 0.693946), p = (0.367667, -0.090381, 0.693946)
Body 7530: orig = (1.026810, 0.811025, 0.161462), p = (1.026810, 0.811025, 0.161462)
Body 7531: orig = (0.216131, 0.901832, 0.273429), p = (0.216131, 0.901832, 0.273429)
Body 7532: orig = (0.911130, 0.667125, -0.089026), p = (0.911130, 0.667125, -0.089026)
Body 7533: orig = (-0.114323, 0.480094, 0.857444), p = (-0.114323, 0.480094, 0.857444)
Body 7534: orig = (0.324188, 0.471846, 0.429482), p = (0.324188, 0.471846, 0.429482)
Body 7535: orig = (1.141053, 0.281047, 0.718305), p = (1.141053, 0.281047, 0.718305)
Body 7536: orig = (1.042157, 0.243939, 0.614434), p = (1.042157, 0.243939, 0.614434)
Body 7537: orig = (0.684130, 0.986120, -0.152646), p = (0.684130, 0.986120, -0.152646)
Body 7538: orig = (5.042815, 2.381983, 1.320624), p = (5.042815, 2.381983, 1.320624)
Body 7539: orig = (0.438204, -0.330565, 0.492130), p = (0.438204, -0.330565, 0.492130)
Body 7540: orig = (0.854097, 0.114735, 0.513402), p = (0.854097, 0.114735, 0.513402)
Body 7541: orig = (0.567202, 0.396335, -0.250616), p = (0.567202, 0.396335, -0.250616)
Body 7542: orig = (0.638462, 0.359457, -0.176719), p = (0.638462, 0.359457, -0.176719)
Body 7543: orig = (-0.160796, 0.573925, 0.691269), p = (-0.160796, 0.573925, 0.691269)
Body 7544: orig = (0.842390, 0.715153, 0.754231), p = (0.842390, 0.715153, 0.754231)
Body 7545: orig = (0.475424, -0.285153, 0.917446), p = (0.475424, -0.285153, 0.917446)
Body 7546: orig = (0.272321, 0.506602, 0.949276), p = (0.272321, 0.506602, 0.949276)
Body 7547: orig = (0.324001, 0.051862, 0.218402), p = (0.324001, 0.051862, 0.218402)
Body 7548: orig = (0.800475, -0.475918, 0.656777), p = (0.800475, -0.475918, 0.656777)
Body 7549: orig = (0.307317, 0.135426, 0.796723), p = (0.307317, 0.135426, 0.796723)
Body 7550: orig = (1.308103, 0.570989, 0.413857), p = (1.308103, 0.570989, 0.413857)
Body 7551: orig = (0.304165, 0.783854, 0.843801), p = (0.304165, 0.783854, 0.843801)
Body 7552: orig = (0.514923, 0.368085, -0.184535), p = (0.514923, 0.368085, -0.184535)
Body 7553: orig = (0.466002, 0.581525, -0.014548), p = (0.466002, 0.581525, -0.014548)
Body 7554: orig = (0.553114, 0.764321, 0.077587), p = (0.553114, 0.764321, 0.077587)
Body 7555: orig = (0.012567, 0.707895, 0.356194), p = (0.012567, 0.707895, 0.356194)
Body 7556: orig = (0.399596, 0.623613, -0.326317), p = (0.399596, 0.623613, -0.326317)
Body 7557: orig = (1.193514, 0.502605, 0.966387), p = (1.193514, 0.502605, 0.966387)
Body 7558: orig = (0.780623, 0.703526, 0.467761), p = (0.780623, 0.703526, 0.467761)
Body 7559: orig = (0.600183, 1.419388, 0.382054), p = (0.600183, 1.419388, 0.382054)
Body 7560: orig = (0.267128, 0.343491, 0.931344), p = (0.267128, 0.343491, 0.931344)
Body 7561: orig = (0.901736, 0.475103, 0.408587), p = (0.901736, 0.475103, 0.408587)
Body 7562: orig = (0.408412, -0.033419, -0.035984), p = (0.408412, -0.033419, -0.035984)
Body 7563: orig = (0.315250, 0.564144, -0.268583), p = (0.315250, 0.564144, -0.268583)
Body 7564: orig = (0.383257, 0.590081, 0.180047), p = (0.383257, 0.590081, 0.180047)
Body 7565: orig = (-0.106155, 0.783397, 0.596065), p = (-0.106155, 0.783397, 0.596065)
Body 7566: orig = (0.159586, 0.546484, 0.997820), p = (0.159586, 0.546484, 0.997820)
Body 7567: orig = (0.502331, 0.191200, 1.228968), p = (0.502331, 0.191200, 1.228968)
Body 7568: orig = (0.951854, 0.127307, 0.969224), p = (0.951854, 0.127307, 0.969224)
Body 7569: orig = (0.975885, 0.468725, 0.916745), p = (0.975885, 0.468725, 0.916745)
Body 7570: orig = (0.156483, 0.687070, 0.080368), p = (0.156483, 0.687070, 0.080368)
Body 7571: orig = (0.484095, -0.283128, 0.409080), p = (0.484095, -0.283128, 0.409080)
Body 7572: orig = (0.129445, 0.530119, -0.361810), p = (0.129445, 0.530119, -0.361810)
Body 7573: orig = (0.380100, 0.601277, -0.526748), p = (0.380100, 0.601277, -0.526748)
Body 7574: orig = (-0.394510, 0.567677, 0.520247), p = (-0.394510, 0.567677, 0.520247)
Body 7575: orig = (0.339771, 0.737141, -0.278397), p = (0.339771, 0.737141, -0.278397)
Body 7576: orig = (-0.323845, 0.492061, 0.425028), p = (-0.323845, 0.492061, 0.425028)
Body 7577: orig = (0.928372, 0.367215, 0.741126), p = (0.928372, 0.367215, 0.741126)
Body 7578: orig = (0.624419, -0.166809, 0.649745), p = (0.624419, -0.166809, 0.649745)
Body 7579: orig = (0.460747, 1.072436, 0.896969), p = (0.460747, 1.072436, 0.896969)
Body 7580: orig = (0.384464, 0.433329, 0.324798), p = (0.384464, 0.433329, 0.324798)
Body 7581: orig = (0.642271, 0.550652, 0.580929), p = (0.642271, 0.550652, 0.580929)
Body 7582: orig = (0.860231, 0.175246, 0.562482), p = (0.860231, 0.175246, 0.562482)
Body 7583: orig = (0.486153, -0.243754, 0.494083), p = (0.486153, -0.243754, 0.494083)
Body 7584: orig = (1.132933, 0.460252, 0.824192), p = (1.132933, 0.460252, 0.824192)
Body 7585: orig = (1.108434, 0.805937, 0.203516), p = (1.108434, 0.805937, 0.203516)
Body 7586: orig = (1.033683, 0.587996, 0.432296), p = (1.033683, 0.587996, 0.432296)
Body 7587: orig = (0.454436, 1.034500, 0.459702), p = (0.454436, 1.034500, 0.459702)
Body 7588: orig = (1.207987, 0.735089, 0.556384), p = (1.207987, 0.735089, 0.556384)
Body 7589: orig = (0.613899, -0.295673, 1.278886), p = (0.613899, -0.295673, 1.278886)
Body 7590: orig = (0.978078, 0.481430, 0.927279), p = (0.978078, 0.481430, 0.927279)
Body 7591: orig = (0.913284, 1.092392, 0.510158), p = (0.913284, 1.092392, 0.510158)
Body 7592: orig = (0.034204, 0.894283, 0.443070), p = (0.034204, 0.894283, 0.443070)
Body 7593: orig = (0.508745, -0.299751, 0.496628), p = (0.508745, -0.299751, 0.496628)
Body 7594: orig = (0.261368, 0.531386, 0.038648), p = (0.261368, 0.531386, 0.038648)
Body 7595: orig = (0.658880, 0.169716, -0.015381), p = (0.658880, 0.169716, -0.015381)
Body 7596: orig = (0.175405, 0.938282, 0.420070), p = (0.175405, 0.938282, 0.420070)
Body 7597: orig = (0.294188, -0.067378, 0.756462), p = (0.294188, -0.067378, 0.756462)
Body 7598: orig = (1.222478, 0.193916, 0.301716), p = (1.222478, 0.193916, 0.301716)
Body 7599: orig = (0.685856, -0.000439, 0.283681), p = (0.685856, -0.000439, 0.283681)
Body 7600: orig = (0.465715, 0.572408, 0.022455), p = (0.465715, 0.572408, 0.022455)
Body 7601: orig = (0.548045, 0.375101, -0.410897), p = (0.548045, 0.375101, -0.410897)
Body 7602: orig = (0.100132, -0.006736, 0.532860), p = (0.100132, -0.006736, 0.532860)
Body 7603: orig = (0.658829, 0.565475, -0.272919), p = (0.658829, 0.565475, -0.272919)
Body 7604: orig = (0.387027, 0.271393, 1.064831), p = (0.387027, 0.271393, 1.064831)
Body 7605: orig = (0.357106, 0.225811, 0.933077), p = (0.357106, 0.225811, 0.933077)
Body 7606: orig = (0.557430, 0.114401, 0.645011), p = (0.557430, 0.114401, 0.645011)
Body 7607: orig = (1.080618, 0.336830, 0.672691), p = (1.080618, 0.336830, 0.672691)
Body 7608: orig = (0.346435, 0.915636, 0.698888), p = (0.346435, 0.915636, 0.698888)
Body 7609: orig = (0.383434, 0.989889, 1.145122), p = (0.383434, 0.989889, 1.145122)
Body 7610: orig = (-0.196163, 1.108814, 0.883482), p = (-0.196163, 1.108814, 0.883482)
Body 7611: orig = (0.336931, 0.355132, 1.255457), p = (0.336931, 0.355132, 1.255457)
Body 7612: orig = (0.170518, -0.070091, 0.542245), p = (0.170518, -0.070091, 0.542245)
Body 7613: orig = (0.415708, 0.681348, 0.033160), p = (0.415708, 0.681348, 0.033160)
Body 7614: orig = (0.702317, 0.236718, -0.255653), p = (0.702317, 0.236718, -0.255653)
Body 7615: orig = (0.415282, -0.175848, 0.417317), p = (0.415282, -0.175848, 0.417317)
Body 7616: orig = (0.925557, -0.098913, 0.620964), p = (0.925557, -0.098913, 0.620964)
Body 7617: orig = (0.788053, 0.426639, 0.810051), p = (0.788053, 0.426639, 0.810051)
Body 7618: orig = (1.117684, 0.541657, 0.292310), p = (1.117684, 0.541657, 0.292310)
Body 7619: orig = (0.761048, -0.232479, 0.543813), p = (0.761048, -0.232479, 0.543813)
Body 7620: orig = (0.219112, 0.435034, 0.575514), p = (0.219112, 0.435034, 0.575514)
Body 7621: orig = (0.982875, 0.498642, 0.576905), p = (0.982875, 0.498642, 0.576905)
Body 7622: orig = (0.683254, 0.904763, 0.120666), p = (0.683254, 0.904763, 0.120666)
Body 7623: orig = (0.950281, 0.465898, 0.461191), p = (0.950281, 0.465898, 0.461191)
Body 7624: orig = (0.791229, 0.638420, 0.514507), p = (0.791229, 0.638420, 0.514507)
Body 7625: orig = (0.582563, 0.717008, 1.521116), p = (0.582563, 0.717008, 1.521116)
Body 7626: orig = (-0.121044, 0.297661, 0.167067), p = (-0.121044, 0.297661, 0.167067)
Body 7627: orig = (0.990582, 0.264301, 0.198347), p = (0.990582, 0.264301, 0.198347)
Body 7628: orig = (0.325584, 0.390213, 1.460148), p = (0.325584, 0.390213, 1.460148)
Body 7629: orig = (0.778456, 0.546799, 0.859380), p = (0.778456, 0.546799, 0.859380)
Body 7630: orig = (0.170089, 0.391992, 0.963683), p = (0.170089, 0.391992, 0.963683)
Body 7631: orig = (0.062281, 0.075650, 0.893958), p = (0.062281, 0.075650, 0.893958)
Body 7632: orig = (0.450699, 0.556088, 0.386087), p = (0.450699, 0.556088, 0.386087)
Body 7633: orig = (-0.039746, 0.634388, 0.399796), p = (-0.039746, 0.634388, 0.399796)
Body 7634: orig = (-0.329328, 2.027901, -1.231575), p = (-0.329328, 2.027901, -1.231575)
Body 7635: orig = (0.607132, 0.318996, -0.564365), p = (0.607132, 0.318996, -0.564365)
Body 7636: orig = (0.298928, 0.655973, 0.039078), p = (0.298928, 0.655973, 0.039078)
Body 7637: orig = (0.668153, 0.765748, 0.758187), p = (0.668153, 0.765748, 0.758187)
Body 7638: orig = (0.301916, 0.405324, 0.947157), p = (0.301916, 0.405324, 0.947157)
Body 7639: orig = (0.536981, 0.436300, 1.353740), p = (0.536981, 0.436300, 1.353740)
Body 7640: orig = (0.283719, 0.338592, 0.766536), p = (0.283719, 0.338592, 0.766536)
Body 7641: orig = (0.529462, 0.860127, 1.251977), p = (0.529462, 0.860127, 1.251977)
Body 7642: orig = (0.492984, 0.453756, 0.854513), p = (0.492984, 0.453756, 0.854513)
Body 7643: orig = (-0.102214, 0.832036, 0.370553), p = (-0.102214, 0.832036, 0.370553)
Body 7644: orig = (0.629554, 0.642776, 0.598356), p = (0.629554, 0.642776, 0.598356)
Body 7645: orig = (0.651268, 1.131311, 0.321418), p = (0.651268, 1.131311, 0.321418)
Body 7646: orig = (1.035949, 0.456984, 0.564640), p = (1.035949, 0.456984, 0.564640)
Body 7647: orig = (1.199641, 0.618944, 0.706876), p = (1.199641, 0.618944, 0.706876)
Body 7648: orig = (0.724045, -0.363670, 0.552331), p = (0.724045, -0.363670, 0.552331)
Body 7649: orig = (1.052048, 0.983494, 0.575794), p = (1.052048, 0.983494, 0.575794)
Body 7650: orig = (1.007489, 0.958162, 0.450527), p = (1.007489, 0.958162, 0.450527)
Body 7651: orig = (0.349281, 1.461998, 0.471005), p = (0.349281, 1.461998, 0.471005)
Body 7652: orig = (-0.339860, 0.485196, 0.528447), p = (-0.339860, 0.485196, 0.528447)
Body 7653: orig = (0.617663, 0.485939, 0.497219), p = (0.617663, 0.485939, 0.497219)
Body 7654: orig = (0.638025, 0.131516, 0.055373), p = (0.638025, 0.131516, 0.055373)
Body 7655: orig = (0.422231, 0.765398, -0.236816), p = (0.422231, 0.765398, -0.236816)
Body 7656: orig = (0.357520, 1.260635, 0.747569), p = (0.357520, 1.260635, 0.747569)
Body 7657: orig = (0.448807, 0.552876, 0.568541), p = (0.448807, 0.552876, 0.568541)
Body 7658: orig = (0.368905, -0.028083, 0.814515), p = (0.368905, -0.028083, 0.814515)
Body 7659: orig = (0.748892, 0.490419, 0.226152), p = (0.748892, 0.490419, 0.226152)
Body 7660: orig = (0.857258, 0.412345, 0.735352), p = (0.857258, 0.412345, 0.735352)
Body 7661: orig = (0.216482, 1.207322, 0.523439), p = (0.216482, 1.207322, 0.523439)
Body 7662: orig = (-0.008153, 0.405557, 0.093367), p = (-0.008153, 0.405557, 0.093367)
Body 7663: orig = (0.845846, 0.734847, 0.706935), p = (0.845846, 0.734847, 0.706935)
Body 7664: orig = (0.473902, 0.754563, 0.433670), p = (0.473902, 0.754563, 0.433670)
Body 7665: orig = (1.280856, 0.723161, 0.875159), p = (1.280856, 0.723161, 0.875159)
Body 7666: orig = (0.479782, 1.169981, 0.377365), p = (0.479782, 1.169981, 0.377365)
Body 7667: orig = (-0.034342, 0.051902, 0.576106), p = (-0.034342, 0.051902, 0.576106)
Body 7668: orig = (-0.181255, 0.508634, 0.824940), p = (-0.181255, 0.508634, 0.824940)
Body 7669: orig = (0.841994, -0.102603, 0.374503), p = (0.841994, -0.102603, 0.374503)
Body 7670: orig = (0.348880, 1.137875, 0.163213), p = (0.348880, 1.137875, 0.163213)
Body 7671: orig = (0.575879, 0.424848, 0.874740), p = (0.575879, 0.424848, 0.874740)
Body 7672: orig = (0.492778, -0.243261, 0.575007), p = (0.492778, -0.243261, 0.575007)
Body 7673: orig = (1.212801, 0.888225, 0.443793), p = (1.212801, 0.888225, 0.443793)
Body 7674: orig = (-0.055202, 0.573730, 0.546870), p = (-0.055202, 0.573730, 0.546870)
Body 7675: orig = (0.895411, 0.021954, 0.214146), p = (0.895411, 0.021954, 0.214146)
Body 7676: orig = (0.039788, 0.472512, 0.464004), p = (0.039788, 0.472512, 0.464004)
Body 7677: orig = (-0.234892, 0.539767, 0.236382), p = (-0.234892, 0.539767, 0.236382)
Body 7678: orig = (0.990779, 0.102827, 0.370500), p = (0.990779, 0.102827, 0.370500)
Body 7679: orig = (0.577344, 0.296877, 0.315359), p = (0.577344, 0.296877, 0.315359)
Body 7680: orig = (-0.053360, 0.343038, 0.233239), p = (-0.053360, 0.343038, 0.233239)
Body 7681: orig = (0.288189, 0.652800, 0.277397), p = (0.288189, 0.652800, 0.277397)
Body 7682: orig = (0.912588, 0.578470, 0.053091), p = (0.912588, 0.578470, 0.053091)
Body 7683: orig = (0.864384, 0.416701, 0.823605), p = (0.864384, 0.416701, 0.823605)
Body 7684: orig = (0.378608, 0.033219, 1.001114), p = (0.378608, 0.033219, 1.001114)
Body 7685: orig = (0.947987, 0.700038, 0.691762), p = (0.947987, 0.700038, 0.691762)
Body 7686: orig = (1.021459, 0.288291, 0.297236), p = (1.021459, 0.288291, 0.297236)
Body 7687: orig = (0.107208, 0.909646, 0.352028), p = (0.107208, 0.909646, 0.352028)
Body 7688: orig = (-0.079838, 0.503747, 0.143894), p = (-0.079838, 0.503747, 0.143894)
Body 7689: orig = (0.844453, 0.475758, 1.115430), p = (0.844453, 0.475758, 1.115430)
Body 7690: orig = (0.168893, 1.096808, 0.845901), p = (0.168893, 1.096808, 0.845901)
Body 7691: orig = (0.349498, 1.124323, 0.639938), p = (0.349498, 1.124323, 0.639938)
Body 7692: orig = (-0.356316, 0.750377, 0.424510), p = (-0.356316, 0.750377, 0.424510)
Body 7693: orig = (0.409783, 0.666812, 0.030124), p = (0.409783, 0.666812, 0.030124)
Body 7694: orig = (1.767744, -0.384718, 0.682960), p = (1.767744, -0.384718, 0.682960)
Body 7695: orig = (0.371970, 1.063198, 0.094757), p = (0.371970, 1.063198, 0.094757)
Body 7696: orig = (1.460284, 0.522276, 0.289678), p = (1.460284, 0.522276, 0.289678)
Body 7697: orig = (1.010579, 1.923168, 0.481693), p = (1.010579, 1.923168, 0.481693)
Body 7698: orig = (0.058343, -0.084669, 0.672148), p = (0.058343, -0.084669, 0.672148)
Body 7699: orig = (0.672094, 0.643761, -0.263430), p = (0.672094, 0.643761, -0.263430)
Body 7700: orig = (0.959687, 0.795819, 0.575381), p = (0.959687, 0.795819, 0.575381)
Body 7701: orig = (0.054707, 1.027863, 0.779907), p = (0.054707, 1.027863, 0.779907)
Body 7702: orig = (0.457953, 0.241401, 0.429736), p = (0.457953, 0.241401, 0.429736)
Body 7703: orig = (-0.001852, 0.853976, 0.599865), p = (-0.001852, 0.853976, 0.599865)
Body 7704: orig = (0.341195, 0.561593, 0.489755), p = (0.341195, 0.561593, 0.489755)
Body 7705: orig = (1.220261, 0.360344, 0.420224), p = (1.220261, 0.360344, 0.420224)
Body 7706: orig = (-0.240557, 0.432012, 0.718270), p = (-0.240557, 0.432012, 0.718270)
Body 7707: orig = (0.175310, 0.331986, 0.483138), p = (0.175310, 0.331986, 0.483138)
Body 7708: orig = (0.417434, 1.456196, 0.366842), p = (0.417434, 1.456196, 0.366842)
Body 7709: orig = (-0.017638, 0.078720, 0.407811), p = (-0.017638, 0.078720, 0.407811)
Body 7710: orig = (0.068136, 0.707178, 0.056859), p = (0.068136, 0.707178, 0.056859)
Body 7711: orig = (0.615191, 0.722361, -0.383519), p = (0.615191, 0.722361, -0.383519)
Body 7712: orig = (0.717036, -0.116625, -0.261888), p = (0.717036, -0.116625, -0.261888)
Body 7713: orig = (-0.099510, 0.324690, 0.376617), p = (-0.099510, 0.324690, 0.376617)
Body 7714: orig = (1.019851, 0.653220, 0.463875), p = (1.019851, 0.653220, 0.463875)
Body 7715: orig = (0.847422, 0.048815, 0.328982), p = (0.847422, 0.048815, 0.328982)
Body 7716: orig = (0.535617, 0.584927, -0.353896), p = (0.535617, 0.584927, -0.353896)
Body 7717: orig = (0.266398, 0.638442, 0.749277), p = (0.266398, 0.638442, 0.749277)
Body 7718: orig = (0.653026, 0.582158, 0.536818), p = (0.653026, 0.582158, 0.536818)
Body 7719: orig = (0.230676, 0.884107, 0.602190), p = (0.230676, 0.884107, 0.602190)
Body 7720: orig = (0.324949, 1.316828, 0.397674), p = (0.324949, 1.316828, 0.397674)
Body 7721: orig = (0.855579, 0.460007, 1.041113), p = (0.855579, 0.460007, 1.041113)
Body 7722: orig = (-0.045550, 0.435589, 0.383303), p = (-0.045550, 0.435589, 0.383303)
Body 7723: orig = (0.533865, 0.056549, 0.920634), p = (0.533865, 0.056549, 0.920634)
Body 7724: orig = (0.218433, 0.404826, 0.828923), p = (0.218433, 0.404826, 0.828923)
Body 7725: orig = (0.817872, 0.007843, 0.280238), p = (0.817872, 0.007843, 0.280238)
Body 7726: orig = (0.939272, 0.310023, 0.966373), p = (0.939272, 0.310023, 0.966373)
Body 7727: orig = (0.822906, 1.142299, 0.630983), p = (0.822906, 1.142299, 0.630983)
Body 7728: orig = (-0.632709, 1.188558, 1.314991), p = (-0.632709, 1.188558, 1.314991)
Body 7729: orig = (0.507436, 1.075090, 1.041968), p = (0.507436, 1.075090, 1.041968)
Body 7730: orig = (0.513212, 0.807204, 0.691287), p = (0.513212, 0.807204, 0.691287)
Body 7731: orig = (0.406373, 0.748498, 0.050668), p = (0.406373, 0.748498, 0.050668)
Body 7732: orig = (0.530844, 1.134940, 0.266975), p = (0.530844, 1.134940, 0.266975)
Body 7733: orig = (0.655089, -0.332602, 0.602536), p = (0.655089, -0.332602, 0.602536)
Body 7734: orig = (0.485103, 0.299248, 1.010634), p = (0.485103, 0.299248, 1.010634)
Body 7735: orig = (1.006144, 0.699655, 0.220005), p = (1.006144, 0.699655, 0.220005)
Body 7736: orig = (0.817509, 0.696772, 0.914266), p = (0.817509, 0.696772, 0.914266)
Body 7737: orig = (0.408632, 0.804415, 0.699539), p = (0.408632, 0.804415, 0.699539)
Body 7738: orig = (0.290865, -0.225234, 0.597372), p = (0.290865, -0.225234, 0.597372)
Body 7739: orig = (0.959967, 1.281532, 0.471519), p = (0.959967, 1.281532, 0.471519)
Body 7740: orig = (1.207799, 0.308014, 0.492928), p = (1.207799, 0.308014, 0.492928)
Body 7741: orig = (-0.094167, 0.468370, 0.628643), p = (-0.094167, 0.468370, 0.628643)
Body 7742: orig = (0.430262, 0.097581, 0.540414), p = (0.430262, 0.097581, 0.540414)
Body 7743: orig = (0.577907, 0.515176, -0.173663), p = (0.577907, 0.515176, -0.173663)
Body 7744: orig = (-0.344033, 0.301607, -0.204002), p = (-0.344033, 0.301607, -0.204002)
Body 7745: orig = (0.036938, 1.390032, 0.216571), p = (0.036938, 1.390032, 0.216571)
Body 7746: orig = (-0.053507, 0.274937, 0.468573), p = (-0.053507, 0.274937, 0.468573)
Body 7747: orig = (0.240817, 0.472962, -0.235125), p = (0.240817, 0.472962, -0.235125)
Body 7748: orig = (0.342334, 1.144007, 0.136591), p = (0.342334, 1.144007, 0.136591)
Body 7749: orig = (0.080611, 0.896304, 0.701587), p = (0.080611, 0.896304, 0.701587)
Body 7750: orig = (0.475503, 0.383027, 0.972628), p = (0.475503, 0.383027, 0.972628)
Body 7751: orig = (0.121032, 0.394995, 0.772340), p = (0.121032, 0.394995, 0.772340)
Body 7752: orig = (0.625064, 0.799414, 1.111790), p = (0.625064, 0.799414, 1.111790)
Body 7753: orig = (0.667915, 0.530912, 1.365380), p = (0.667915, 0.530912, 1.365380)
Body 7754: orig = (0.009653, 0.427020, 0.790067), p = (0.009653, 0.427020, 0.790067)
Body 7755: orig = (-0.414141, 0.522111, 0.585018), p = (-0.414141, 0.522111, 0.585018)
Body 7756: orig = (0.006674, 0.352644, -0.147161), p = (0.006674, 0.352644, -0.147161)
Body 7757: orig = (0.599198, 0.802625, -0.051705), p = (0.599198, 0.802625, -0.051705)
Body 7758: orig = (0.437334, 0.509006, 1.105869), p = (0.437334, 0.509006, 1.105869)
Body 7759: orig = (0.634959, 0.359154, 0.261070), p = (0.634959, 0.359154, 0.261070)
Body 7760: orig = (0.362369, 1.214033, 0.493736), p = (0.362369, 1.214033, 0.493736)
Body 7761: orig = (0.126709, 0.105656, 0.404342), p = (0.126709, 0.105656, 0.404342)
Body 7762: orig = (0.666504, 0.542887, 1.209012), p = (0.666504, 0.542887, 1.209012)
Body 7763: orig = (0.941880, 0.006576, 0.309171), p = (0.941880, 0.006576, 0.309171)
Body 7764: orig = (0.362465, 1.469628, 0.496239), p = (0.362465, 1.469628, 0.496239)
Body 7765: orig = (0.319941, 0.701428, 0.257055), p = (0.319941, 0.701428, 0.257055)
Body 7766: orig = (1.386760, 0.915201, 0.422722), p = (1.386760, 0.915201, 0.422722)
Body 7767: orig = (0.452869, 0.584122, 0.664490), p = (0.452869, 0.584122, 0.664490)
Body 7768: orig = (-0.047564, 1.240751, 0.450709), p = (-0.047564, 1.240751, 0.450709)
Body 7769: orig = (0.806039, 0.184021, 0.085714), p = (0.806039, 0.184021, 0.085714)
Body 7770: orig = (0.618311, 0.058668, 0.587902), p = (0.618311, 0.058668, 0.587902)
Body 7771: orig = (0.047854, 0.633315, 0.429729), p = (0.047854, 0.633315, 0.429729)
Body 7772: orig = (0.356619, 0.990095, 0.944041), p = (0.356619, 0.990095, 0.944041)
Body 7773: orig = (0.784179, 1.023765, 0.263838), p = (0.784179, 1.023765, 0.263838)
Body 7774: orig = (0.540887, 0.601075, 0.803547), p = (0.540887, 0.601075, 0.803547)
Body 7775: orig = (0.472277, 0.217128, 0.760752), p = (0.472277, 0.217128, 0.760752)
Body 7776: orig = (1.048747, 0.376121, 0.603950), p = (1.048747, 0.376121, 0.603950)
Body 7777: orig = (-0.042331, 0.529025, 0.120814), p = (-0.042331, 0.529025, 0.120814)
Body 7778: orig = (0.620506, 0.838964, 0.989204), p = (0.620506, 0.838964, 0.989204)
Body 7779: orig = (0.357812, 0.034516, 0.807295), p = (0.357812, 0.034516, 0.807295)
Body 7780: orig = (-0.422789, 0.405736, 0.406062), p = (-0.422789, 0.405736, 0.406062)
Body 7781: orig = (0.449980, 0.503481, 0.823185), p = (0.449980, 0.503481, 0.823185)
Body 7782: orig = (0.541772, 0.953357, 0.409619), p = (0.541772, 0.953357, 0.409619)
Body 7783: orig = (0.446291, 0.522534, 1.080336), p = (0.446291, 0.522534, 1.080336)
Body 7784: orig = (0.573627, 0.289236, 0.949591), p = (0.573627, 0.289236, 0.949591)
Body 7785: orig = (-0.381768, 0.405619, 0.451421), p = (-0.381768, 0.405619, 0.451421)
Body 7786: orig = (1.218083, 0.676245, 0.658056), p = (1.218083, 0.676245, 0.658056)
Body 7787: orig = (0.863889, 0.450710, 0.917821), p = (0.863889, 0.450710, 0.917821)
Body 7788: orig = (0.708155, 1.895692, -0.093300), p = (0.708155, 1.895692, -0.093300)
Body 7789: orig = (0.466738, 0.921789, 0.893119), p = (0.466738, 0.921789, 0.893119)
Body 7790: orig = (0.261703, 0.091764, 0.288678), p = (0.261703, 0.091764, 0.288678)
Body 7791: orig = (0.482024, 0.364257, 1.431261), p = (0.482024, 0.364257, 1.431261)
Body 7792: orig = (0.979735, 0.463907, -0.025864), p = (0.979735, 0.463907, -0.025864)
Body 7793: orig = (0.708297, 1.353908, 0.396545), p = (0.708297, 1.353908, 0.396545)
Body 7794: orig = (0.241459, 0.634857, -0.353202), p = (0.241459, 0.634857, -0.353202)
Body 7795: orig = (0.131013, 0.601971, 0.782323), p = (0.131013, 0.601971, 0.782323)
Body 7796: orig = (-0.043548, 0.393656, 0.137503), p = (-0.043548, 0.393656, 0.137503)
Body 7797: orig = (0.831216, -0.877909, -0.133027), p = (0.831216, -0.877909, -0.133027)
Body 7798: orig = (1.154721, 0.287593, 0.931267), p = (1.154721, 0.287593, 0.931267)
Body 7799: orig = (0.633412, 1.023549, 0.017697), p = (0.633412, 1.023549, 0.017697)
Body 7800: orig = (0.250363, 0.274846, 0.008055), p = (0.250363, 0.274846, 0.008055)
Body 7801: orig = (0.194991, 0.455140, 0.153776), p = (0.194991, 0.455140, 0.153776)
Body 7802: orig = (-0.222185, 0.736836, 0.476027), p = (-0.222185, 0.736836, 0.476027)
Body 7803: orig = (0.420026, 0.414145, 1.177810), p = (0.420026, 0.414145, 1.177810)
Body 7804: orig = (-0.377009, 0.423933, 0.845741), p = (-0.377009, 0.423933, 0.845741)
Body 7805: orig = (0.199205, 0.206476, 0.948298), p = (0.199205, 0.206476, 0.948298)
Body 7806: orig = (1.083611, 0.609083, 0.587554), p = (1.083611, 0.609083, 0.587554)
Body 7807: orig = (0.684251, -0.264075, 0.525293), p = (0.684251, -0.264075, 0.525293)
Body 7808: orig = (0.541535, 0.523643, 1.281819), p = (0.541535, 0.523643, 1.281819)
Body 7809: orig = (0.460017, 0.804007, -0.111459), p = (0.460017, 0.804007, -0.111459)
Body 7810: orig = (1.139877, 0.552400, 0.751935), p = (1.139877, 0.552400, 0.751935)
Body 7811: orig = (0.224735, 0.562541, 0.435352), p = (0.224735, 0.562541, 0.435352)
Body 7812: orig = (0.472297, 0.542194, 1.349435), p = (0.472297, 0.542194, 1.349435)
Body 7813: orig = (0.123141, 0.058127, 0.537309), p = (0.123141, 0.058127, 0.537309)
Body 7814: orig = (-0.262052, -0.105734, 0.489130), p = (-0.262052, -0.105734, 0.489130)
Body 7815: orig = (0.152901, 0.614716, 0.756270), p = (0.152901, 0.614716, 0.756270)
Body 7816: orig = (0.374485, 0.471656, -0.339718), p = (0.374485, 0.471656, -0.339718)
Body 7817: orig = (0.368034, 0.095200, 0.678063), p = (0.368034, 0.095200, 0.678063)
Body 7818: orig = (0.252265, 0.422696, 0.747032), p = (0.252265, 0.422696, 0.747032)
Body 7819: orig = (0.099203, 0.527547, 0.089572), p = (0.099203, 0.527547, 0.089572)
Body 7820: orig = (0.343241, 0.699860, 0.458279), p = (0.343241, 0.699860, 0.458279)
Body 7821: orig = (0.069983, 0.427683, 0.237356), p = (0.069983, 0.427683, 0.237356)
Body 7822: orig = (0.492556, 1.173284, 0.110816), p = (0.492556, 1.173284, 0.110816)
Body 7823: orig = (0.770217, -0.288502, 0.400508), p = (0.770217, -0.288502, 0.400508)
Body 7824: orig = (0.306315, 1.070932, 0.670055), p = (0.306315, 1.070932, 0.670055)
Body 7825: orig = (0.484547, 0.908668, 0.112825), p = (0.484547, 0.908668, 0.112825)
Body 7826: orig = (-0.013770, 0.672589, 0.714101), p = (-0.013770, 0.672589, 0.714101)
Body 7827: orig = (0.595642, 1.350179, 0.347638), p = (0.595642, 1.350179, 0.347638)
Body 7828: orig = (0.601266, 0.216441, 0.416930), p = (0.601266, 0.216441, 0.416930)
Body 7829: orig = (0.247190, 0.148711, 0.649789), p = (0.247190, 0.148711, 0.649789)
Body 7830: orig = (0.257872, 0.013065, 0.813364), p = (0.257872, 0.013065, 0.813364)
Body 7831: orig = (0.608807, 0.344224, 0.273248), p = (0.608807, 0.344224, 0.273248)
Body 7832: orig = (0.573783, 1.240508, 0.229237), p = (0.573783, 1.240508, 0.229237)
Body 7833: orig = (0.220079, 1.125393, 0.773213), p = (0.220079, 1.125393, 0.773213)
Body 7834: orig = (0.925586, 0.191976, 0.348162), p = (0.925586, 0.191976, 0.348162)
Body 7835: orig = (-0.079556, 0.922095, 0.322369), p = (-0.079556, 0.922095, 0.322369)
Body 7836: orig = (0.669172, 1.768363, 1.054139), p = (0.669172, 1.768363, 1.054139)
Body 7837: orig = (0.083774, 0.201511, 0.664346), p = (0.083774, 0.201511, 0.664346)
Body 7838: orig = (-0.276193, 0.314716, 0.534963), p = (-0.276193, 0.314716, 0.534963)
Body 7839: orig = (0.453168, 0.705151, -0.010430), p = (0.453168, 0.705151, -0.010430)
Body 7840: orig = (-0.299169, 0.251425, 0.590898), p = (-0.299169, 0.251425, 0.590898)
Body 7841: orig = (-0.266309, 0.340925, 0.307166), p = (-0.266309, 0.340925, 0.307166)
Body 7842: orig = (0.348881, 0.484024, 0.058242), p = (0.348881, 0.484024, 0.058242)
Body 7843: orig = (0.001097, 0.566781, 0.393790), p = (0.001097, 0.566781, 0.393790)
Body 7844: orig = (0.723624, 0.716486, 1.551952), p = (0.723624, 0.716486, 1.551952)
Body 7845: orig = (0.480726, 0.162191, 1.249662), p = (0.480726, 0.162191, 1.249662)
Body 7846: orig = (0.502784, 0.491132, 1.267031), p = (0.502784, 0.491132, 1.267031)
Body 7847: orig = (0.254323, 0.898284, 0.391310), p = (0.254323, 0.898284, 0.391310)
Body 7848: orig = (0.091996, 0.478175, -0.119862), p = (0.091996, 0.478175, -0.119862)
Body 7849: orig = (0.540362, 0.732983, 0.120398), p = (0.540362, 0.732983, 0.120398)
Body 7850: orig = (0.064756, 0.880008, 0.517311), p = (0.064756, 0.880008, 0.517311)
Body 7851: orig = (0.310863, 0.564072, 0.003032), p = (0.310863, 0.564072, 0.003032)
Body 7852: orig = (1.131325, 0.633907, 0.536390), p = (1.131325, 0.633907, 0.536390)
Body 7853: orig = (0.736316, 0.193863, -0.235503), p = (0.736316, 0.193863, -0.235503)
Body 7854: orig = (0.595841, 0.579911, 0.940957), p = (0.595841, 0.579911, 0.940957)
Body 7855: orig = (0.411274, 0.643924, 0.083545), p = (0.411274, 0.643924, 0.083545)
Body 7856: orig = (0.327473, 0.021590, 0.622315), p = (0.327473, 0.021590, 0.622315)
Body 7857: orig = (0.822097, 0.432306, -0.106935), p = (0.822097, 0.432306, -0.106935)
Body 7858: orig = (0.825679, 0.505310, 1.049632), p = (0.825679, 0.505310, 1.049632)
Body 7859: orig = (0.223726, 0.503284, 0.731874), p = (0.223726, 0.503284, 0.731874)
Body 7860: orig = (0.428255, -0.046618, 0.239256), p = (0.428255, -0.046618, 0.239256)
Body 7861: orig = (-0.478307, 0.668417, 0.300667), p = (-0.478307, 0.668417, 0.300667)
Body 7862: orig = (0.429919, 1.385811, 0.493765), p = (0.429919, 1.385811, 0.493765)
Body 7863: orig = (1.172640, 0.453269, 0.193910), p = (1.172640, 0.453269, 0.193910)
Body 7864: orig = (0.260662, 0.535884, 1.104336), p = (0.260662, 0.535884, 1.104336)
Body 7865: orig = (0.149394, 0.491889, 0.556293), p = (0.149394, 0.491889, 0.556293)
Body 7866: orig = (0.493334, 0.437888, -0.425569), p = (0.493334, 0.437888, -0.425569)
Body 7867: orig = (0.112718, 0.440438, 0.130158), p = (0.112718, 0.440438, 0.130158)
Body 7868: orig = (0.092308, 0.771281, 0.645846), p = (0.092308, 0.771281, 0.645846)
Body 7869: orig = (-0.159575, 0.372364, 0.394603), p = (-0.159575, 0.372364, 0.394603)
Body 7870: orig = (0.487757, 0.897520, 0.412703), p = (0.487757, 0.897520, 0.412703)
Body 7871: orig = (0.296086, -0.246041, 0.469295), p = (0.296086, -0.246041, 0.469295)
Body 7872: orig = (0.796439, 0.664615, 1.109069), p = (0.796439, 0.664615, 1.109069)
Body 7873: orig = (0.675552, -0.173725, 0.377215), p = (0.675552, -0.173725, 0.377215)
Body 7874: orig = (0.474881, 0.660475, 0.731978), p = (0.474881, 0.660475, 0.731978)
Body 7875: orig = (0.669478, 0.092323, 0.292762), p = (0.669478, 0.092323, 0.292762)
Body 7876: orig = (0.505620, 0.546917, 1.402744), p = (0.505620, 0.546917, 1.402744)
Body 7877: orig = (0.173343, 0.604042, 0.291202), p = (0.173343, 0.604042, 0.291202)
Body 7878: orig = (0.442286, -0.144719, 0.197328), p = (0.442286, -0.144719, 0.197328)
Body 7879: orig = (0.202522, 0.498239, -0.064433), p = (0.202522, 0.498239, -0.064433)
Body 7880: orig = (0.599024, 0.952101, 1.077235), p = (0.599024, 0.952101, 1.077235)
Body 7881: orig = (0.080023, 0.776322, 0.275345), p = (0.080023, 0.776322, 0.275345)
Body 7882: orig = (0.275577, 0.227183, 1.247073), p = (0.275577, 0.227183, 1.247073)
Body 7883: orig = (0.568575, 0.590880, 1.110309), p = (0.568575, 0.590880, 1.110309)
Body 7884: orig = (-0.021574, 0.425148, 0.226167), p = (-0.021574, 0.425148, 0.226167)
Body 7885: orig = (-0.072549, -0.098145, 0.602430), p = (-0.072549, -0.098145, 0.602430)
Body 7886: orig = (1.062436, 0.121908, 0.711426), p = (1.062436, 0.121908, 0.711426)
Body 7887: orig = (0.564596, 0.059089, 0.512353), p = (0.564596, 0.059089, 0.512353)
Body 7888: orig = (0.682698, -0.206883, 0.531503), p = (0.682698, -0.206883, 0.531503)
Body 7889: orig = (1.225527, 0.157887, 0.653843), p = (1.225527, 0.157887, 0.653843)
Body 7890: orig = (0.372044, 0.868693, 0.778944), p = (0.372044, 0.868693, 0.778944)
Body 7891: orig = (0.105617, -0.204313, 0.322022), p = (0.105617, -0.204313, 0.322022)
Body 7892: orig = (0.242833, -0.284909, 0.498342), p = (0.242833, -0.284909, 0.498342)
Body 7893: orig = (0.417072, 0.645529, -0.511528), p = (0.417072, 0.645529, -0.511528)
Body 7894: orig = (0.680212, -0.139410, 0.526897), p = (0.680212, -0.139410, 0.526897)
Body 7895: orig = (0.403974, 0.841607, -0.108121), p = (0.403974, 0.841607, -0.108121)
Body 7896: orig = (0.588805, 0.730098, 0.240562), p = (0.588805, 0.730098, 0.240562)
Body 7897: orig = (1.352067, 0.469098, 0.475519), p = (1.352067, 0.469098, 0.475519)
Body 7898: orig = (1.297103, 0.332966, 0.555512), p = (1.297103, 0.332966, 0.555512)
Body 7899: orig = (0.616552, 0.350728, 0.205924), p = (0.616552, 0.350728, 0.205924)
Body 7900: orig = (-0.029912, 0.362342, 0.331267), p = (-0.029912, 0.362342, 0.331267)
Body 7901: orig = (0.570695, 0.211412, 0.230478), p = (0.570695, 0.211412, 0.230478)
Body 7902: orig = (-0.105767, 0.264896, 0.226476), p = (-0.105767, 0.264896, 0.226476)
Body 7903: orig = (0.407730, 0.233049, 0.299973), p = (0.407730, 0.233049, 0.299973)
Body 7904: orig = (0.222232, 0.679596, 0.180253), p = (0.222232, 0.679596, 0.180253)
Body 7905: orig = (0.553248, 0.707633, 1.437511), p = (0.553248, 0.707633, 1.437511)
Body 7906: orig = (0.756423, 0.582627, -0.147894), p = (0.756423, 0.582627, -0.147894)
Body 7907: orig = (0.674738, 0.859930, 0.538479), p = (0.674738, 0.859930, 0.538479)
Body 7908: orig = (-0.356992, 0.538897, 0.507892), p = (-0.356992, 0.538897, 0.507892)
Body 7909: orig = (0.600878, -0.201498, 0.049151), p = (0.600878, -0.201498, 0.049151)
Body 7910: orig = (0.330405, 0.487647, 0.855052), p = (0.330405, 0.487647, 0.855052)
Body 7911: orig = (-0.258282, 0.675266, 0.405045), p = (-0.258282, 0.675266, 0.405045)
Body 7912: orig = (0.378897, 0.824620, 0.747267), p = (0.378897, 0.824620, 0.747267)
Body 7913: orig = (1.091386, 0.003625, 0.972926), p = (1.091386, 0.003625, 0.972926)
Body 7914: orig = (0.144413, 0.893386, 0.649001), p = (0.144413, 0.893386, 0.649001)
Body 7915: orig = (0.735243, 0.201410, 0.107233), p = (0.735243, 0.201410, 0.107233)
Body 7916: orig = (0.436245, 0.064123, 0.185925), p = (0.436245, 0.064123, 0.185925)
Body 7917: orig = (1.147490, -0.293038, 0.503593), p = (1.147490, -0.293038, 0.503593)
Body 7918: orig = (0.408710, -0.220066, 0.574257), p = (0.408710, -0.220066, 0.574257)
Body 7919: orig = (-0.131709, 0.400282, 0.215365), p = (-0.131709, 0.400282, 0.215365)
Body 7920: orig = (0.472198, 0.403898, -0.284858), p = (0.472198, 0.403898, -0.284858)
Body 7921: orig = (0.216059, -0.026138, 0.504531), p = (0.216059, -0.026138, 0.504531)
Body 7922: orig = (0.381299, 1.372137, 0.624882), p = (0.381299, 1.372137, 0.624882)
Body 7923: orig = (0.490146, 0.445519, 0.871291), p = (0.490146, 0.445519, 0.871291)
Body 7924: orig = (0.657990, 0.231760, 1.167099), p = (0.657990, 0.231760, 1.167099)
Body 7925: orig = (0.608172, 0.122713, 0.333599), p = (0.608172, 0.122713, 0.333599)
Body 7926: orig = (0.299561, 0.223428, -0.850153), p = (0.299561, 0.223428, -0.850153)
Body 7927: orig = (0.896987, 0.882890, 0.732193), p = (0.896987, 0.882890, 0.732193)
Body 7928: orig = (0.454070, 0.832978, 0.246064), p = (0.454070, 0.832978, 0.246064)
Body 7929: orig = (0.991987, -0.073602, 1.350001), p = (0.991987, -0.073602, 1.350001)
Body 7930: orig = (0.509437, -0.468543, 0.563824), p = (0.509437, -0.468543, 0.563824)
Body 7931: orig = (0.485199, 0.683035, 0.153765), p = (0.485199, 0.683035, 0.153765)
Body 7932: orig = (0.886145, 0.676706, 0.994653), p = (0.886145, 0.676706, 0.994653)
Body 7933: orig = (1.249237, 0.594573, 0.365054), p = (1.249237, 0.594573, 0.365054)
Body 7934: orig = (0.038967, 0.857064, 0.583156), p = (0.038967, 0.857064, 0.583156)
Body 7935: orig = (0.266012, 0.322925, 0.733115), p = (0.266012, 0.322925, 0.733115)
Body 7936: orig = (0.690603, 0.241159, 0.483752), p = (0.690603, 0.241159, 0.483752)
Body 7937: orig = (0.902657, 0.201696, 0.516239), p = (0.902657, 0.201696, 0.516239)
Body 7938: orig = (0.404611, 0.735764, 0.201172), p = (0.404611, 0.735764, 0.201172)
Body 7939: orig = (0.366512, 0.684777, -0.090014), p = (0.366512, 0.684777, -0.090014)
Body 7940: orig = (1.070843, -0.575741, 0.157906), p = (1.070843, -0.575741, 0.157906)
Body 7941: orig = (0.203318, -0.048237, 1.442448), p = (0.203318, -0.048237, 1.442448)
Body 7942: orig = (0.675517, 0.516389, 1.176280), p = (0.675517, 0.516389, 1.176280)
Body 7943: orig = (0.244681, 0.693927, -0.030987), p = (0.244681, 0.693927, -0.030987)
Body 7944: orig = (0.473198, 0.585492, 0.892084), p = (0.473198, 0.585492, 0.892084)
Body 7945: orig = (0.140005, 0.913686, 0.488262), p = (0.140005, 0.913686, 0.488262)
Body 7946: orig = (0.996335, 0.207364, 0.509339), p = (0.996335, 0.207364, 0.509339)
Body 7947: orig = (0.255125, -0.416400, 0.548919), p = (0.255125, -0.416400, 0.548919)
Body 7948: orig = (0.707773, 0.363660, -0.028874), p = (0.707773, 0.363660, -0.028874)
Body 7949: orig = (0.561805, 0.842949, 0.963637), p = (0.561805, 0.842949, 0.963637)
Body 7950: orig = (0.457855, -0.268438, 0.423530), p = (0.457855, -0.268438, 0.423530)
Body 7951: orig = (0.620062, 1.141360, 0.673175), p = (0.620062, 1.141360, 0.673175)
Body 7952: orig = (0.558082, 0.259030, 0.868187), p = (0.558082, 0.259030, 0.868187)
Body 7953: orig = (0.470887, 0.982066, 0.699950), p = (0.470887, 0.982066, 0.699950)
Body 7954: orig = (0.061671, 0.950000, 0.602670), p = (0.061671, 0.950000, 0.602670)
Body 7955: orig = (1.025665, 0.024537, 0.589149), p = (1.025665, 0.024537, 0.589149)
Body 7956: orig = (0.593494, 0.400976, -0.380861), p = (0.593494, 0.400976, -0.380861)
Body 7957: orig = (0.509250, 0.566744, 1.166784), p = (0.509250, 0.566744, 1.166784)
Body 7958: orig = (0.181392, 0.407027, 0.567498), p = (0.181392, 0.407027, 0.567498)
Body 7959: orig = (0.884324, 0.558953, -0.320895), p = (0.884324, 0.558953, -0.320895)
Body 7960: orig = (0.059115, 0.502926, -0.176682), p = (0.059115, 0.502926, -0.176682)
Body 7961: orig = (0.793382, 0.408720, 0.304956), p = (0.793382, 0.408720, 0.304956)
Body 7962: orig = (-0.036057, 0.383768, 0.679893), p = (-0.036057, 0.383768, 0.679893)
Body 7963: orig = (0.559855, 0.258747, 1.170070), p = (0.559855, 0.258747, 1.170070)
Body 7964: orig = (0.298359, 0.139622, 0.874002), p = (0.298359, 0.139622, 0.874002)
Body 7965: orig = (0.752804, 0.174423, 0.262937), p = (0.752804, 0.174423, 0.262937)
Body 7966: orig = (0.521391, 0.535004, 1.329578), p = (0.521391, 0.535004, 1.329578)
Body 7967: orig = (-1.657974, 0.404313, 1.905011), p = (-1.657974, 0.404313, 1.905011)
Body 7968: orig = (-0.058201, 1.038142, 0.664307), p = (-0.058201, 1.038142, 0.664307)
Body 7969: orig = (0.037023, 0.313738, 0.102233), p = (0.037023, 0.313738, 0.102233)
Body 7970: orig = (1.004916, 0.803585, 0.442050), p = (1.004916, 0.803585, 0.442050)
Body 7971: orig = (0.303102, 0.988375, 1.087329), p = (0.303102, 0.988375, 1.087329)
Body 7972: orig = (0.127609, 0.636265, 0.133348), p = (0.127609, 0.636265, 0.133348)
Body 7973: orig = (0.984529, 0.391925, 0.672080), p = (0.984529, 0.391925, 0.672080)
Body 7974: orig = (0.178064, 0.197464, 0.831939), p = (0.178064, 0.197464, 0.831939)
Body 7975: orig = (0.073805, 1.028241, 0.647993), p = (0.073805, 1.028241, 0.647993)
Body 7976: orig = (0.341786, 1.232125, 0.568128), p = (0.341786, 1.232125, 0.568128)
Body 7977: orig = (1.427577, 0.067840, 1.488403), p = (1.427577, 0.067840, 1.488403)
Body 7978: orig = (0.347252, 0.827647, 1.089470), p = (0.347252, 0.827647, 1.089470)
Body 7979: orig = (1.305070, 0.343567, 0.770495), p = (1.305070, 0.343567, 0.770495)
Body 7980: orig = (0.100691, 0.976522, 1.246096), p = (0.100691, 0.976522, 1.246096)
Body 7981: orig = (0.785318, 0.332228, 0.212049), p = (0.785318, 0.332228, 0.212049)
Body 7982: orig = (0.513598, -0.029839, -0.043331), p = (0.513598, -0.029839, -0.043331)
Body 7983: orig = (0.734428, 1.249388, 0.518591), p = (0.734428, 1.249388, 0.518591)
Body 7984: orig = (0.352935, 0.289401, 1.200355), p = (0.352935, 0.289401, 1.200355)
Body 7985: orig = (0.623408, -0.388480, 0.536818), p = (0.623408, -0.388480, 0.536818)
Body 7986: orig = (0.538169, 0.484504, 1.023587), p = (0.538169, 0.484504, 1.023587)
Body 7987: orig = (0.375204, 0.210712, 1.431873), p = (0.375204, 0.210712, 1.431873)
Body 7988: orig = (1.818914, -0.422056, 0.855386), p = (1.818914, -0.422056, 0.855386)
Body 7989: orig = (0.301801, 0.776157, -0.329811), p = (0.301801, 0.776157, -0.329811)
Body 7990: orig = (1.107448, 0.112887, 0.521977), p = (1.107448, 0.112887, 0.521977)
Body 7991: orig = (0.436681, 0.412668, 0.190954), p = (0.436681, 0.412668, 0.190954)
Body 7992: orig = (1.469990, 0.525227, 0.250061), p = (1.469990, 0.525227, 0.250061)
Body 7993: orig = (-0.215661, 0.702951, 0.431451), p = (-0.215661, 0.702951, 0.431451)
Body 7994: orig = (0.943957, 0.624828, 0.376835), p = (0.943957, 0.624828, 0.376835)
Body 7995: orig = (0.378213, 0.078325, 0.771702), p = (0.378213, 0.078325, 0.771702)
Body 7996: orig = (1.110829, 0.357468, 0.325126), p = (1.110829, 0.357468, 0.325126)
Body 7997: orig = (0.230590, 0.876070, 1.299331), p = (0.230590, 0.876070, 1.299331)
Body 7998: orig = (1.160572, 0.897948, 0.403865), p = (1.160572, 0.897948, 0.403865)
Body 7999: orig = (0.231205, 0.718066, 0.858094), p = (0.231205, 0.718066, 0.858094)
Body 8000: orig = (0.767203, 0.689785, 0.979622), p = (0.767203, 0.689785, 0.979622)
Body 8001: orig = (0.618412, 0.045034, 0.818867), p = (0.618412, 0.045034, 0.818867)
Body 8002: orig = (0.923749, 0.670954, 0.175198), p = (0.923749, 0.670954, 0.175198)
Body 8003: orig = (0.680940, 0.221612, 0.520684), p = (0.680940, 0.221612, 0.520684)
Body 8004: orig = (0.658190, 0.877127, 0.216179), p = (0.658190, 0.877127, 0.216179)
Body 8005: orig = (0.544633, 0.662983, 1.327355), p = (0.544633, 0.662983, 1.327355)
Body 8006: orig = (0.483616, 0.056470, 0.360057), p = (0.483616, 0.056470, 0.360057)
Body 8007: orig = (0.475407, 0.936437, -0.116744), p = (0.475407, 0.936437, -0.116744)
Body 8008: orig = (0.286455, -0.161954, 0.580346), p = (0.286455, -0.161954, 0.580346)
Body 8009: orig = (0.422887, -0.155940, 0.933600), p = (0.422887, -0.155940, 0.933600)
Body 8010: orig = (0.521829, 0.959796, 0.417677), p = (0.521829, 0.959796, 0.417677)
Body 8011: orig = (-0.017728, 0.339928, 0.175823), p = (-0.017728, 0.339928, 0.175823)
Body 8012: orig = (-0.294818, 0.761566, 0.554206), p = (-0.294818, 0.761566, 0.554206)
Body 8013: orig = (0.106419, 0.833343, 0.857080), p = (0.106419, 0.833343, 0.857080)
Body 8014: orig = (0.890010, 0.571899, 0.178655), p = (0.890010, 0.571899, 0.178655)
Body 8015: orig = (0.558943, 0.364355, 1.219071), p = (0.558943, 0.364355, 1.219071)
Body 8016: orig = (-0.184496, 0.681525, 0.127738), p = (-0.184496, 0.681525, 0.127738)
Body 8017: orig = (0.064115, 0.060346, 0.639315), p = (0.064115, 0.060346, 0.639315)
Body 8018: orig = (0.335809, 0.309827, 0.250825), p = (0.335809, 0.309827, 0.250825)
Body 8019: orig = (0.166897, 0.289958, 0.162833), p = (0.166897, 0.289958, 0.162833)
Body 8020: orig = (0.508220, 1.226394, 0.052243), p = (0.508220, 1.226394, 0.052243)
Body 8021: orig = (0.248119, 0.942778, 0.126204), p = (0.248119, 0.942778, 0.126204)
Body 8022: orig = (0.260347, 0.970769, 0.361232), p = (0.260347, 0.970769, 0.361232)
Body 8023: orig = (0.419976, -0.015993, 0.404981), p = (0.419976, -0.015993, 0.404981)
Body 8024: orig = (0.550345, -0.158296, 0.740118), p = (0.550345, -0.158296, 0.740118)
Body 8025: orig = (1.120260, 0.115544, 0.614367), p = (1.120260, 0.115544, 0.614367)
Body 8026: orig = (0.739977, 0.412229, 0.049488), p = (0.739977, 0.412229, 0.049488)
Body 8027: orig = (0.605110, -0.063797, 0.762944), p = (0.605110, -0.063797, 0.762944)
Body 8028: orig = (0.502701, 0.841686, 0.235675), p = (0.502701, 0.841686, 0.235675)
Body 8029: orig = (0.633440, 0.916929, 0.657244), p = (0.633440, 0.916929, 0.657244)
Body 8030: orig = (0.519422, 0.002053, 0.836348), p = (0.519422, 0.002053, 0.836348)
Body 8031: orig = (0.971618, 0.023782, 0.428974), p = (0.971618, 0.023782, 0.428974)
Body 8032: orig = (0.336717, 0.521670, -0.188118), p = (0.336717, 0.521670, -0.188118)
Body 8033: orig = (-0.323222, 0.417028, 0.049793), p = (-0.323222, 0.417028, 0.049793)
Body 8034: orig = (0.194474, 0.398666, 0.695690), p = (0.194474, 0.398666, 0.695690)
Body 8035: orig = (0.498740, 1.123386, -0.016970), p = (0.498740, 1.123386, -0.016970)
Body 8036: orig = (0.579711, 0.833961, 0.356704), p = (0.579711, 0.833961, 0.356704)
Body 8037: orig = (0.793787, 0.525877, 0.607613), p = (0.793787, 0.525877, 0.607613)
Body 8038: orig = (0.142742, 0.532616, -0.587524), p = (0.142742, 0.532616, -0.587524)
Body 8039: orig = (1.260868, 0.505091, 0.396103), p = (1.260868, 0.505091, 0.396103)
Body 8040: orig = (0.697633, 0.430901, 1.076359), p = (0.697633, 0.430901, 1.076359)
Body 8041: orig = (1.102885, 0.356003, 0.844110), p = (1.102885, 0.356003, 0.844110)
Body 8042: orig = (0.387045, 1.152727, 0.571749), p = (0.387045, 1.152727, 0.571749)
Body 8043: orig = (1.163844, 0.213878, 1.019519), p = (1.163844, 0.213878, 1.019519)
Body 8044: orig = (0.443480, 0.653807, -0.159465), p = (0.443480, 0.653807, -0.159465)
Body 8045: orig = (0.882162, 0.546072, 0.885678), p = (0.882162, 0.546072, 0.885678)
Body 8046: orig = (0.510169, -0.282551, 0.345139), p = (0.510169, -0.282551, 0.345139)
Body 8047: orig = (-0.138999, 0.848690, 0.694381), p = (-0.138999, 0.848690, 0.694381)
Body 8048: orig = (0.980188, 0.497962, 0.397517), p = (0.980188, 0.497962, 0.397517)
Body 8049: orig = (1.273066, 0.550099, 0.598173), p = (1.273066, 0.550099, 0.598173)
Body 8050: orig = (-0.362678, 0.352733, 0.570281), p = (-0.362678, 0.352733, 0.570281)
Body 8051: orig = (0.611667, 0.162321, -0.092244), p = (0.611667, 0.162321, -0.092244)
Body 8052: orig = (0.930862, 0.599546, 0.553104), p = (0.930862, 0.599546, 0.553104)
Body 8053: orig = (0.617787, 0.017591, 0.200682), p = (0.617787, 0.017591, 0.200682)
Body 8054: orig = (0.333052, 0.873932, 0.574513), p = (0.333052, 0.873932, 0.574513)
Body 8055: orig = (0.404241, 0.938977, 0.150261), p = (0.404241, 0.938977, 0.150261)
Body 8056: orig = (1.274374, 0.432626, 0.227418), p = (1.274374, 0.432626, 0.227418)
Body 8057: orig = (0.583827, 0.366976, -0.108424), p = (0.583827, 0.366976, -0.108424)
Body 8058: orig = (0.016691, 0.511983, 0.006884), p = (0.016691, 0.511983, 0.006884)
Body 8059: orig = (-0.020529, 0.364855, 0.461571), p = (-0.020529, 0.364855, 0.461571)
Body 8060: orig = (0.244952, 0.850123, 0.603853), p = (0.244952, 0.850123, 0.603853)
Body 8061: orig = (0.433306, -0.258514, 1.200622), p = (0.433306, -0.258514, 1.200622)
Body 8062: orig = (0.350894, 0.786203, -0.511208), p = (0.350894, 0.786203, -0.511208)
Body 8063: orig = (0.837159, 0.117313, 0.479287), p = (0.837159, 0.117313, 0.479287)
Body 8064: orig = (0.705155, -0.169851, 0.659303), p = (0.705155, -0.169851, 0.659303)
Body 8065: orig = (0.848978, 1.056662, 0.613708), p = (0.848978, 1.056662, 0.613708)
Body 8066: orig = (1.085830, 0.560512, 0.882727), p = (1.085830, 0.560512, 0.882727)
Body 8067: orig = (-0.141874, 0.724046, 0.387386), p = (-0.141874, 0.724046, 0.387386)
Body 8068: orig = (0.487146, -0.009210, 0.759967), p = (0.487146, -0.009210, 0.759967)
Body 8069: orig = (0.543205, 0.822084, 0.468586), p = (0.543205, 0.822084, 0.468586)
Body 8070: orig = (0.259437, 0.554227, -0.017932), p = (0.259437, 0.554227, -0.017932)
Body 8071: orig = (0.513915, 0.062524, 0.956113), p = (0.513915, 0.062524, 0.956113)
Body 8072: orig = (-0.174516, 0.420643, 0.483870), p = (-0.174516, 0.420643, 0.483870)
Body 8073: orig = (0.557648, 0.406453, 0.551439), p = (0.557648, 0.406453, 0.551439)
Body 8074: orig = (0.311688, 1.033739, 0.878637), p = (0.311688, 1.033739, 0.878637)
Body 8075: orig = (0.887443, 0.365445, 0.722728), p = (0.887443, 0.365445, 0.722728)
Body 8076: orig = (0.256913, 0.654267, 0.436876), p = (0.256913, 0.654267, 0.436876)
Body 8077: orig = (0.246091, 0.509746, 1.095259), p = (0.246091, 0.509746, 1.095259)
Body 8078: orig = (1.054403, 0.416378, 0.607018), p = (1.054403, 0.416378, 0.607018)
Body 8079: orig = (0.336310, 0.998513, 0.961856), p = (0.336310, 0.998513, 0.961856)
Body 8080: orig = (0.300016, 1.279607, 0.483949), p = (0.300016, 1.279607, 0.483949)
Body 8081: orig = (0.425920, 1.359651, 0.479689), p = (0.425920, 1.359651, 0.479689)
Body 8082: orig = (0.901787, 0.714230, 0.235934), p = (0.901787, 0.714230, 0.235934)
Body 8083: orig = (1.245464, 0.886802, 0.508980), p = (1.245464, 0.886802, 0.508980)
Body 8084: orig = (1.265694, 0.403414, 0.364737), p = (1.265694, 0.403414, 0.364737)
Body 8085: orig = (-0.390677, 0.661856, 0.329006), p = (-0.390677, 0.661856, 0.329006)
Body 8086: orig = (0.620550, 0.615607, 0.532094), p = (0.620550, 0.615607, 0.532094)
Body 8087: orig = (-0.106305, 0.864331, 0.527252), p = (-0.106305, 0.864331, 0.527252)
Body 8088: orig = (1.252937, 0.768656, 0.654638), p = (1.252937, 0.768656, 0.654638)
Body 8089: orig = (0.556066, 0.138874, 0.752838), p = (0.556066, 0.138874, 0.752838)
Body 8090: orig = (0.731859, 0.833755, 0.223332), p = (0.731859, 0.833755, 0.223332)
Body 8091: orig = (0.157529, 0.077726, 0.417331), p = (0.157529, 0.077726, 0.417331)
Body 8092: orig = (0.402779, 1.291716, 0.449139), p = (0.402779, 1.291716, 0.449139)
Body 8093: orig = (-0.035157, 0.183328, 0.232859), p = (-0.035157, 0.183328, 0.232859)
Body 8094: orig = (0.906658, 0.555048, -0.250808), p = (0.906658, 0.555048, -0.250808)
Body 8095: orig = (0.872826, 0.720605, 0.906293), p = (0.872826, 0.720605, 0.906293)
Body 8096: orig = (0.540187, 0.252130, 0.910954), p = (0.540187, 0.252130, 0.910954)
Body 8097: orig = (0.933789, 0.554594, 0.109722), p = (0.933789, 0.554594, 0.109722)
Body 8098: orig = (0.671148, 0.525273, 0.448530), p = (0.671148, 0.525273, 0.448530)
Body 8099: orig = (0.859453, 0.624973, 0.209150), p = (0.859453, 0.624973, 0.209150)
Body 8100: orig = (-0.125181, 0.904541, 0.279735), p = (-0.125181, 0.904541, 0.279735)
Body 8101: orig = (0.283005, 0.512782, 0.550946), p = (0.283005, 0.512782, 0.550946)
Body 8102: orig = (0.508112, 0.388927, 0.883764), p = (0.508112, 0.388927, 0.883764)
Body 8103: orig = (0.535771, 1.379841, 0.319554), p = (0.535771, 1.379841, 0.319554)
Body 8104: orig = (0.492992, 0.829395, -0.391074), p = (0.492992, 0.829395, -0.391074)
Body 8105: orig = (0.695651, 0.591555, -0.355943), p = (0.695651, 0.591555, -0.355943)
Body 8106: orig = (0.292895, 0.696906, 0.984579), p = (0.292895, 0.696906, 0.984579)
Body 8107: orig = (0.950186, 1.253198, 0.686817), p = (0.950186, 1.253198, 0.686817)
Body 8108: orig = (0.857500, 0.558988, 1.175087), p = (0.857500, 0.558988, 1.175087)
Body 8109: orig = (0.676542, 0.019671, 0.195756), p = (0.676542, 0.019671, 0.195756)
Body 8110: orig = (1.114990, 0.769631, 0.813472), p = (1.114990, 0.769631, 0.813472)
Body 8111: orig = (1.464640, 0.469203, 0.161208), p = (1.464640, 0.469203, 0.161208)
Body 8112: orig = (0.820155, 1.108138, 0.179657), p = (0.820155, 1.108138, 0.179657)
Body 8113: orig = (0.140583, 0.896077, 0.697954), p = (0.140583, 0.896077, 0.697954)
Body 8114: orig = (1.294143, -0.310189, 1.231083), p = (1.294143, -0.310189, 1.231083)
Body 8115: orig = (0.117267, 0.820814, -0.281876), p = (0.117267, 0.820814, -0.281876)
Body 8116: orig = (0.502757, 0.533262, -0.159752), p = (0.502757, 0.533262, -0.159752)
Body 8117: orig = (0.458813, 0.754061, 0.974765), p = (0.458813, 0.754061, 0.974765)
Body 8118: orig = (0.235473, 0.854388, 0.834167), p = (0.235473, 0.854388, 0.834167)
Body 8119: orig = (0.460590, -0.038707, -0.228152), p = (0.460590, -0.038707, -0.228152)
Body 8120: orig = (0.159846, 1.077145, 0.652659), p = (0.159846, 1.077145, 0.652659)
Body 8121: orig = (0.415930, 0.353321, -0.426254), p = (0.415930, 0.353321, -0.426254)
Body 8122: orig = (-0.155887, 0.137421, 0.305280), p = (-0.155887, 0.137421, 0.305280)
Body 8123: orig = (0.354778, 0.252651, -0.182015), p = (0.354778, 0.252651, -0.182015)
Body 8124: orig = (0.788920, 0.418644, 0.131218), p = (0.788920, 0.418644, 0.131218)
Body 8125: orig = (0.278722, 0.261257, 1.676241), p = (0.278722, 0.261257, 1.676241)
Body 8126: orig = (0.187226, 1.083333, 0.621029), p = (0.187226, 1.083333, 0.621029)
Body 8127: orig = (-0.146545, 0.067519, 0.357383), p = (-0.146545, 0.067519, 0.357383)
Body 8128: orig = (0.750713, 0.801691, 0.769331), p = (0.750713, 0.801691, 0.769331)
Body 8129: orig = (0.490289, 0.490924, 0.054184), p = (0.490289, 0.490924, 0.054184)
Body 8130: orig = (1.009935, 1.082604, 0.130758), p = (1.009935, 1.082604, 0.130758)
Body 8131: orig = (0.344462, 0.592812, 1.256684), p = (0.344462, 0.592812, 1.256684)
Body 8132: orig = (0.473908, 0.868174, 0.467960), p = (0.473908, 0.868174, 0.467960)
Body 8133: orig = (0.403813, 1.143569, 0.729774), p = (0.403813, 1.143569, 0.729774)
Body 8134: orig = (0.839520, 0.576274, -0.005124), p = (0.839520, 0.576274, -0.005124)
Body 8135: orig = (0.548091, 1.111804, 0.351241), p = (0.548091, 1.111804, 0.351241)
Body 8136: orig = (0.855932, 0.284318, 1.242778), p = (0.855932, 0.284318, 1.242778)
Body 8137: orig = (0.118402, 0.697481, 0.577616), p = (0.118402, 0.697481, 0.577616)
Body 8138: orig = (0.555801, 0.114040, 0.549584), p = (0.555801, 0.114040, 0.549584)
Body 8139: orig = (0.698969, 0.016983, 0.651920), p = (0.698969, 0.016983, 0.651920)
Body 8140: orig = (0.159967, 0.853350, 0.486624), p = (0.159967, 0.853350, 0.486624)
Body 8141: orig = (0.052906, 0.737841, 0.467795), p = (0.052906, 0.737841, 0.467795)
Body 8142: orig = (0.563159, 0.138534, 0.305475), p = (0.563159, 0.138534, 0.305475)
Body 8143: orig = (0.782457, 0.901151, 0.594405), p = (0.782457, 0.901151, 0.594405)
Body 8144: orig = (1.216504, 0.988804, 0.520617), p = (1.216504, 0.988804, 0.520617)
Body 8145: orig = (0.302910, 0.521219, 1.180957), p = (0.302910, 0.521219, 1.180957)
Body 8146: orig = (1.452996, 0.307815, 0.712723), p = (1.452996, 0.307815, 0.712723)
Body 8147: orig = (0.399909, 0.351659, 0.910280), p = (0.399909, 0.351659, 0.910280)
Body 8148: orig = (0.254530, 0.531297, 0.048499), p = (0.254530, 0.531297, 0.048499)
Body 8149: orig = (0.214028, -0.223803, 0.513870), p = (0.214028, -0.223803, 0.513870)
Body 8150: orig = (0.939150, 0.077916, 0.394858), p = (0.939150, 0.077916, 0.394858)
Body 8151: orig = (0.911584, 0.352910, 0.494549), p = (0.911584, 0.352910, 0.494549)
Body 8152: orig = (0.129822, 0.732724, 0.427431), p = (0.129822, 0.732724, 0.427431)
Body 8153: orig = (0.283711, 0.166583, 0.724028), p = (0.283711, 0.166583, 0.724028)
Body 8154: orig = (0.158318, -0.187746, 0.449843), p = (0.158318, -0.187746, 0.449843)
Body 8155: orig = (0.770727, 0.011536, 1.163953), p = (0.770727, 0.011536, 1.163953)
Body 8156: orig = (0.708737, 0.686771, 0.117310), p = (0.708737, 0.686771, 0.117310)
Body 8157: orig = (0.140048, 0.572930, 0.283257), p = (0.140048, 0.572930, 0.283257)
Body 8158: orig = (-0.604484, 0.468707, 0.235358), p = (-0.604484, 0.468707, 0.235358)
Body 8159: orig = (0.721958, 0.493568, 0.513279), p = (0.721958, 0.493568, 0.513279)
Body 8160: orig = (0.232622, 0.416408, 0.936990), p = (0.232622, 0.416408, 0.936990)
Body 8161: orig = (-0.364495, 0.604155, 0.614759), p = (-0.364495, 0.604155, 0.614759)
Body 8162: orig = (0.164914, 0.961728, 0.695338), p = (0.164914, 0.961728, 0.695338)
Body 8163: orig = (0.675666, 0.850286, -0.472068), p = (0.675666, 0.850286, -0.472068)
Body 8164: orig = (0.295685, 0.705042, 0.513118), p = (0.295685, 0.705042, 0.513118)
Body 8165: orig = (0.263722, 0.440276, 0.789691), p = (0.263722, 0.440276, 0.789691)
Body 8166: orig = (1.226063, 0.094825, 0.445208), p = (1.226063, 0.094825, 0.445208)
Body 8167: orig = (0.714056, 0.644010, 0.216391), p = (0.714056, 0.644010, 0.216391)
Body 8168: orig = (-0.501032, 0.132082, 1.498538), p = (-0.501032, 0.132082, 1.498538)
Body 8169: orig = (0.148043, -0.291400, 0.425462), p = (0.148043, -0.291400, 0.425462)
Body 8170: orig = (-0.338460, 0.674158, 0.559263), p = (-0.338460, 0.674158, 0.559263)
Body 8171: orig = (1.288251, 0.712757, 0.321805), p = (1.288251, 0.712757, 0.321805)
Body 8172: orig = (0.218109, 0.222182, 0.489004), p = (0.218109, 0.222182, 0.489004)
Body 8173: orig = (0.630457, -0.240321, 0.572028), p = (0.630457, -0.240321, 0.572028)
Body 8174: orig = (0.520695, 0.227531, -0.297522), p = (0.520695, 0.227531, -0.297522)
Body 8175: orig = (0.573276, 0.915328, 0.753450), p = (0.573276, 0.915328, 0.753450)
Body 8176: orig = (0.435525, 0.990745, 0.371490), p = (0.435525, 0.990745, 0.371490)
Body 8177: orig = (0.170855, -0.017327, 0.531335), p = (0.170855, -0.017327, 0.531335)
Body 8178: orig = (0.428432, 0.647507, 0.172109), p = (0.428432, 0.647507, 0.172109)
Body 8179: orig = (1.110782, 0.819696, 0.373492), p = (1.110782, 0.819696, 0.373492)
Body 8180: orig = (0.533894, 0.631102, 0.358242), p = (0.533894, 0.631102, 0.358242)
Body 8181: orig = (0.661451, -0.184390, 0.356665), p = (0.661451, -0.184390, 0.356665)
Body 8182: orig = (1.331310, 0.430001, 0.496341), p = (1.331310, 0.430001, 0.496341)
Body 8183: orig = (0.407819, 0.732180, 0.147566), p = (0.407819, 0.732180, 0.147566)
Body 8184: orig = (0.556682, 0.598924, 0.429286), p = (0.556682, 0.598924, 0.429286)
Body 8185: orig = (0.491398, 0.160697, 0.421764), p = (0.491398, 0.160697, 0.421764)
Body 8186: orig = (0.334860, 1.129396, 0.299141), p = (0.334860, 1.129396, 0.299141)
Body 8187: orig = (0.105107, 0.476399, 0.989578), p = (0.105107, 0.476399, 0.989578)
Body 8188: orig = (-0.127934, 0.778183, 0.426074), p = (-0.127934, 0.778183, 0.426074)
Body 8189: orig = (1.052913, 1.118642, 0.664395), p = (1.052913, 1.118642, 0.664395)
Body 8190: orig = (0.342949, 1.300086, 0.354777), p = (0.342949, 1.300086, 0.354777)
Body 8191: orig = (0.409509, 0.403606, 0.232669), p = (0.409509, 0.403606, 0.232669)
Body 8192: orig = (0.333282, -0.081843, 0.066297), p = (0.333282, -0.081843, 0.066297)
Body 8193: orig = (1.002908, -1.218181, -0.966958), p = (1.002908, -1.218181, -0.966958)
Body 8194: orig = (1.139094, 0.319828, 0.348173), p = (1.139094, 0.319828, 0.348173)
Body 8195: orig = (0.865395, 0.324425, -0.368267), p = (0.865395, 0.324425, -0.368267)
Body 8196: orig = (0.046101, 0.633291, 0.495441), p = (0.046101, 0.633291, 0.495441)
Body 8197: orig = (0.519600, 0.370571, 0.501591), p = (0.519600, 0.370571, 0.501591)
Body 8198: orig = (0.631712, -0.053511, 0.474466), p = (0.631712, -0.053511, 0.474466)
Body 8199: orig = (-0.129754, 0.797163, 0.361991), p = (-0.129754, 0.797163, 0.361991)
Body 8200: orig = (0.268052, -0.234183, 0.390185), p = (0.268052, -0.234183, 0.390185)
Body 8201: orig = (0.421991, 0.972445, 0.076171), p = (0.421991, 0.972445, 0.076171)
Body 8202: orig = (0.699263, 1.331673, 0.547251), p = (0.699263, 1.331673, 0.547251)
Body 8203: orig = (0.346052, 0.517581, 1.154464), p = (0.346052, 0.517581, 1.154464)
Body 8204: orig = (0.656131, 0.491909, 0.791220), p = (0.656131, 0.491909, 0.791220)
Body 8205: orig = (0.366692, 0.557069, -0.306052), p = (0.366692, 0.557069, -0.306052)
Body 8206: orig = (0.814184, 0.453013, 0.177503), p = (0.814184, 0.453013, 0.177503)
Body 8207: orig = (0.580157, 0.698299, -0.253463), p = (0.580157, 0.698299, -0.253463)
Body 8208: orig = (0.193298, 0.578736, 1.202216), p = (0.193298, 0.578736, 1.202216)
Body 8209: orig = (0.396598, 0.606912, 1.161748), p = (0.396598, 0.606912, 1.161748)
Body 8210: orig = (0.439853, -0.057847, 0.570209), p = (0.439853, -0.057847, 0.570209)
Body 8211: orig = (0.452677, 0.307501, 1.336992), p = (0.452677, 0.307501, 1.336992)
Body 8212: orig = (0.108652, 0.296696, 0.554775), p = (0.108652, 0.296696, 0.554775)
Body 8213: orig = (0.666205, -0.289755, 0.611361), p = (0.666205, -0.289755, 0.611361)
Body 8214: orig = (0.948513, 0.377102, 0.768183), p = (0.948513, 0.377102, 0.768183)
Body 8215: orig = (0.485480, 0.551709, -0.207980), p = (0.485480, 0.551709, -0.207980)
Body 8216: orig = (0.360994, 0.885013, 0.851581), p = (0.360994, 0.885013, 0.851581)
Body 8217: orig = (0.257663, 0.463095, 0.256619), p = (0.257663, 0.463095, 0.256619)
Body 8218: orig = (0.454892, 0.660850, 1.193646), p = (0.454892, 0.660850, 1.193646)
Body 8219: orig = (0.958755, -0.069696, 0.633584), p = (0.958755, -0.069696, 0.633584)
Body 8220: orig = (0.544780, 0.510579, 0.403952), p = (0.544780, 0.510579, 0.403952)
Body 8221: orig = (0.355808, 1.537862, 0.586467), p = (0.355808, 1.537862, 0.586467)
Body 8222: orig = (0.369483, 0.432829, 0.822765), p = (0.369483, 0.432829, 0.822765)
Body 8223: orig = (0.650537, 0.948789, -0.012166), p = (0.650537, 0.948789, -0.012166)
Body 8224: orig = (0.129932, 0.418326, 0.296782), p = (0.129932, 0.418326, 0.296782)
Body 8225: orig = (1.270965, 0.685932, 0.547347), p = (1.270965, 0.685932, 0.547347)
Body 8226: orig = (1.294448, 0.439316, 0.752894), p = (1.294448, 0.439316, 0.752894)
Body 8227: orig = (1.145016, 0.604987, -0.024159), p = (1.145016, 0.604987, -0.024159)
Body 8228: orig = (0.343980, -0.092883, 0.220147), p = (0.343980, -0.092883, 0.220147)
Body 8229: orig = (0.231274, 0.457120, 1.301400), p = (0.231274, 0.457120, 1.301400)
Body 8230: orig = (0.220001, 0.849842, 1.067755), p = (0.220001, 0.849842, 1.067755)
Body 8231: orig = (0.288477, 0.337952, 0.745966), p = (0.288477, 0.337952, 0.745966)
Body 8232: orig = (1.144281, 0.269883, 0.487286), p = (1.144281, 0.269883, 0.487286)
Body 8233: orig = (0.769600, 0.669398, -0.323232), p = (0.769600, 0.669398, -0.323232)
Body 8234: orig = (0.947070, 1.146782, 0.527867), p = (0.947070, 1.146782, 0.527867)
Body 8235: orig = (0.666657, 0.410531, -0.097445), p = (0.666657, 0.410531, -0.097445)
Body 8236: orig = (0.520186, -0.231405, 0.810618), p = (0.520186, -0.231405, 0.810618)
Body 8237: orig = (-0.102578, 0.373320, 0.774634), p = (-0.102578, 0.373320, 0.774634)
Body 8238: orig = (0.266032, 0.236604, 0.691698), p = (0.266032, 0.236604, 0.691698)
Body 8239: orig = (0.609848, 0.791063, 0.185367), p = (0.609848, 0.791063, 0.185367)
Body 8240: orig = (0.538169, 0.609764, 1.449867), p = (0.538169, 0.609764, 1.449867)
Body 8241: orig = (0.896392, 0.432602, 0.416688), p = (0.896392, 0.432602, 0.416688)
Body 8242: orig = (1.808675, 0.815722, 1.140342), p = (1.808675, 0.815722, 1.140342)
Body 8243: orig = (0.193405, 1.065686, 0.676443), p = (0.193405, 1.065686, 0.676443)
Body 8244: orig = (0.474191, 0.491377, -0.460618), p = (0.474191, 0.491377, -0.460618)
Body 8245: orig = (-0.281478, 0.525132, 0.744833), p = (-0.281478, 0.525132, 0.744833)
Body 8246: orig = (0.845553, 0.581735, 0.883348), p = (0.845553, 0.581735, 0.883348)
Body 8247: orig = (-0.002883, 0.921995, 0.597828), p = (-0.002883, 0.921995, 0.597828)
Body 8248: orig = (0.807996, 0.994038, 0.231259), p = (0.807996, 0.994038, 0.231259)
Body 8249: orig = (-0.194645, 0.272896, 0.176474), p = (-0.194645, 0.272896, 0.176474)
Body 8250: orig = (-0.179472, 0.619117, 0.676725), p = (-0.179472, 0.619117, 0.676725)
Body 8251: orig = (0.131795, -0.206551, 0.498261), p = (0.131795, -0.206551, 0.498261)
Body 8252: orig = (1.340661, 0.264243, 0.576879), p = (1.340661, 0.264243, 0.576879)
Body 8253: orig = (0.210494, 0.654608, 1.166158), p = (0.210494, 0.654608, 1.166158)
Body 8254: orig = (1.128881, 0.895223, 0.284038), p = (1.128881, 0.895223, 0.284038)
Body 8255: orig = (0.175518, 0.533133, 0.841693), p = (0.175518, 0.533133, 0.841693)
Body 8256: orig = (0.546560, 0.315685, -0.385135), p = (0.546560, 0.315685, -0.385135)
Body 8257: orig = (0.452107, 0.293101, -0.363461), p = (0.452107, 0.293101, -0.363461)
Body 8258: orig = (-0.141306, 0.900931, 0.436633), p = (-0.141306, 0.900931, 0.436633)
Body 8259: orig = (0.215627, 1.060934, 0.620871), p = (0.215627, 1.060934, 0.620871)
Body 8260: orig = (0.327905, 0.142712, 0.639463), p = (0.327905, 0.142712, 0.639463)
Body 8261: orig = (0.534003, 0.099541, -0.024156), p = (0.534003, 0.099541, -0.024156)
Body 8262: orig = (0.251374, 0.531920, 0.654251), p = (0.251374, 0.531920, 0.654251)
Body 8263: orig = (0.646097, -0.072256, 0.868288), p = (0.646097, -0.072256, 0.868288)
Body 8264: orig = (0.549711, -0.293190, 0.789106), p = (0.549711, -0.293190, 0.789106)
Body 8265: orig = (0.320660, 0.444384, 1.052198), p = (0.320660, 0.444384, 1.052198)
Body 8266: orig = (0.680782, 1.298702, 0.320267), p = (0.680782, 1.298702, 0.320267)
Body 8267: orig = (0.150963, 0.339854, 0.851117), p = (0.150963, 0.339854, 0.851117)
Body 8268: orig = (0.209650, 1.023406, 0.078665), p = (0.209650, 1.023406, 0.078665)
Body 8269: orig = (-0.371681, 0.722065, 0.382250), p = (-0.371681, 0.722065, 0.382250)
Body 8270: orig = (0.069765, 0.535079, 0.911390), p = (0.069765, 0.535079, 0.911390)
Body 8271: orig = (0.371192, 0.918633, 1.310117), p = (0.371192, 0.918633, 1.310117)
Body 8272: orig = (0.498646, 0.423832, -0.124391), p = (0.498646, 0.423832, -0.124391)
Body 8273: orig = (0.503451, 1.251027, 0.463269), p = (0.503451, 1.251027, 0.463269)
Body 8274: orig = (0.450925, -0.227133, 0.696384), p = (0.450925, -0.227133, 0.696384)
Body 8275: orig = (0.592277, -0.423970, 0.457646), p = (0.592277, -0.423970, 0.457646)
Body 8276: orig = (0.217330, 0.751034, 0.592640), p = (0.217330, 0.751034, 0.592640)
Body 8277: orig = (0.447364, 0.720777, -0.085528), p = (0.447364, 0.720777, -0.085528)
Body 8278: orig = (-0.173098, 0.604976, 0.346392), p = (-0.173098, 0.604976, 0.346392)
Body 8279: orig = (0.867954, 0.038949, 0.223192), p = (0.867954, 0.038949, 0.223192)
Body 8280: orig = (0.232162, 0.332627, 0.067619), p = (0.232162, 0.332627, 0.067619)
Body 8281: orig = (0.496091, 0.565416, 0.855186), p = (0.496091, 0.565416, 0.855186)
Body 8282: orig = (0.522149, 1.045134, 1.036444), p = (0.522149, 1.045134, 1.036444)
Body 8283: orig = (0.666498, 1.068637, 0.036451), p = (0.666498, 1.068637, 0.036451)
Body 8284: orig = (0.593316, 0.252294, 1.631826), p = (0.593316, 0.252294, 1.631826)
Body 8285: orig = (0.049420, 0.332566, 0.333165), p = (0.049420, 0.332566, 0.333165)
Body 8286: orig = (0.249865, -0.250826, 0.525487), p = (0.249865, -0.250826, 0.525487)
Body 8287: orig = (1.120876, 0.406589, 0.747028), p = (1.120876, 0.406589, 0.747028)
Body 8288: orig = (1.496118, 0.444304, 0.348080), p = (1.496118, 0.444304, 0.348080)
Body 8289: orig = (0.592091, 0.907895, 0.772625), p = (0.592091, 0.907895, 0.772625)
Body 8290: orig = (0.714911, 0.577627, -0.039868), p = (0.714911, 0.577627, -0.039868)
Body 8291: orig = (0.773229, 0.852783, 0.487411), p = (0.773229, 0.852783, 0.487411)
Body 8292: orig = (0.634196, 0.454190, 1.182442), p = (0.634196, 0.454190, 1.182442)
Body 8293: orig = (0.367697, 0.124109, 0.661526), p = (0.367697, 0.124109, 0.661526)
Body 8294: orig = (0.251208, 0.104241, 0.512153), p = (0.251208, 0.104241, 0.512153)
Body 8295: orig = (0.536491, -0.180250, 0.785376), p = (0.536491, -0.180250, 0.785376)
Body 8296: orig = (0.291798, 0.376667, -0.567653), p = (0.291798, 0.376667, -0.567653)
Body 8297: orig = (0.150257, 1.079255, 0.451078), p = (0.150257, 1.079255, 0.451078)
Body 8298: orig = (0.297093, 0.959388, 0.461880), p = (0.297093, 0.959388, 0.461880)
Body 8299: orig = (0.340085, 0.647225, -0.065717), p = (0.340085, 0.647225, -0.065717)
Body 8300: orig = (0.135360, 0.340204, 0.314995), p = (0.135360, 0.340204, 0.314995)
Body 8301: orig = (0.631400, 0.802543, -0.189735), p = (0.631400, 0.802543, -0.189735)
Body 8302: orig = (0.815477, 0.155845, 0.029088), p = (0.815477, 0.155845, 0.029088)
Body 8303: orig = (0.161415, 0.703400, 1.181287), p = (0.161415, 0.703400, 1.181287)
Body 8304: orig = (0.529908, 0.125844, -0.049277), p = (0.529908, 0.125844, -0.049277)
Body 8305: orig = (0.120321, 1.174071, 0.419182), p = (0.120321, 1.174071, 0.419182)
Body 8306: orig = (0.817491, 1.115561, 0.221248), p = (0.817491, 1.115561, 0.221248)
Body 8307: orig = (2.002321, 2.405445, 2.242633), p = (2.002321, 2.405445, 2.242633)
Body 8308: orig = (0.826905, 0.389959, 1.147751), p = (0.826905, 0.389959, 1.147751)
Body 8309: orig = (0.035286, 0.393216, 0.680708), p = (0.035286, 0.393216, 0.680708)
Body 8310: orig = (0.927754, 0.478595, 0.526169), p = (0.927754, 0.478595, 0.526169)
Body 8311: orig = (0.546040, 0.885868, 0.947682), p = (0.546040, 0.885868, 0.947682)
Body 8312: orig = (0.096950, 0.226438, -0.000440), p = (0.096950, 0.226438, -0.000440)
Body 8313: orig = (0.195098, 1.438524, 0.490146), p = (0.195098, 1.438524, 0.490146)
Body 8314: orig = (0.601208, 1.219160, 0.585500), p = (0.601208, 1.219160, 0.585500)
Body 8315: orig = (0.199282, 1.317325, 0.336336), p = (0.199282, 1.317325, 0.336336)
Body 8316: orig = (-0.042152, 0.313509, 0.301541), p = (-0.042152, 0.313509, 0.301541)
Body 8317: orig = (0.733473, 0.601716, -0.236324), p = (0.733473, 0.601716, -0.236324)
Body 8318: orig = (-0.020261, 1.125997, 0.531655), p = (-0.020261, 1.125997, 0.531655)
Body 8319: orig = (-0.171480, 0.446706, -0.322901), p = (-0.171480, 0.446706, -0.322901)
Body 8320: orig = (0.510729, 1.021026, 0.708742), p = (0.510729, 1.021026, 0.708742)
Body 8321: orig = (0.577125, 1.310806, 0.284120), p = (0.577125, 1.310806, 0.284120)
Body 8322: orig = (0.639373, 0.493907, 0.144556), p = (0.639373, 0.493907, 0.144556)
Body 8323: orig = (0.461280, -0.205379, 0.199868), p = (0.461280, -0.205379, 0.199868)
Body 8324: orig = (0.808767, 1.298236, 0.507383), p = (0.808767, 1.298236, 0.507383)
Body 8325: orig = (0.088267, 0.088951, 0.430529), p = (0.088267, 0.088951, 0.430529)
Body 8326: orig = (0.130185, 0.580675, -0.277976), p = (0.130185, 0.580675, -0.277976)
Body 8327: orig = (-0.286850, 0.631739, 0.380146), p = (-0.286850, 0.631739, 0.380146)
Body 8328: orig = (0.169361, 0.022035, 0.112910), p = (0.169361, 0.022035, 0.112910)
Body 8329: orig = (-0.385605, 0.434752, 0.188489), p = (-0.385605, 0.434752, 0.188489)
Body 8330: orig = (0.527477, 0.978718, 0.366794), p = (0.527477, 0.978718, 0.366794)
Body 8331: orig = (0.869142, 0.265056, 0.702629), p = (0.869142, 0.265056, 0.702629)
Body 8332: orig = (-0.155334, 0.215324, 0.667083), p = (-0.155334, 0.215324, 0.667083)
Body 8333: orig = (0.595521, 1.035767, -0.053278), p = (0.595521, 1.035767, -0.053278)
Body 8334: orig = (1.629944, 0.739214, 0.409414), p = (1.629944, 0.739214, 0.409414)
Body 8335: orig = (0.550743, 0.908429, 0.986426), p = (0.550743, 0.908429, 0.986426)
Body 8336: orig = (0.445334, 0.181087, -0.308825), p = (0.445334, 0.181087, -0.308825)
Body 8337: orig = (0.481976, -0.322687, 0.490536), p = (0.481976, -0.322687, 0.490536)
Body 8338: orig = (0.346292, 0.829968, 0.473649), p = (0.346292, 0.829968, 0.473649)
Body 8339: orig = (0.645535, 0.756601, 0.109198), p = (0.645535, 0.756601, 0.109198)
Body 8340: orig = (0.119258, 0.961201, 0.473772), p = (0.119258, 0.961201, 0.473772)
Body 8341: orig = (0.719727, 1.267624, 0.505797), p = (0.719727, 1.267624, 0.505797)
Body 8342: orig = (0.192786, -0.200250, 0.440140), p = (0.192786, -0.200250, 0.440140)
Body 8343: orig = (1.197588, 0.734587, 0.762181), p = (1.197588, 0.734587, 0.762181)
Body 8344: orig = (0.263675, 0.428300, 0.030349), p = (0.263675, 0.428300, 0.030349)
Body 8345: orig = (0.253436, 0.563361, 1.303700), p = (0.253436, 0.563361, 1.303700)
Body 8346: orig = (0.657038, 0.543328, 1.193508), p = (0.657038, 0.543328, 1.193508)
Body 8347: orig = (0.243843, 0.379619, 0.689806), p = (0.243843, 0.379619, 0.689806)
Body 8348: orig = (0.714890, 0.217477, 1.380561), p = (0.714890, 0.217477, 1.380561)
Body 8349: orig = (0.656635, 1.139164, 0.382750), p = (0.656635, 1.139164, 0.382750)
Body 8350: orig = (-0.198214, 1.593975, 0.659260), p = (-0.198214, 1.593975, 0.659260)
Body 8351: orig = (-0.075475, 0.552870, 0.844026), p = (-0.075475, 0.552870, 0.844026)
Body 8352: orig = (0.621074, 1.391019, 0.435578), p = (0.621074, 1.391019, 0.435578)
Body 8353: orig = (0.001473, 0.484128, 0.641666), p = (0.001473, 0.484128, 0.641666)
Body 8354: orig = (0.207798, 0.096981, 0.147646), p = (0.207798, 0.096981, 0.147646)
Body 8355: orig = (0.800807, 0.246013, 0.674133), p = (0.800807, 0.246013, 0.674133)
Body 8356: orig = (0.129876, 0.756797, 0.447120), p = (0.129876, 0.756797, 0.447120)
Body 8357: orig = (0.307059, -0.322551, 0.437080), p = (0.307059, -0.322551, 0.437080)
Body 8358: orig = (0.762502, 0.374483, 1.182936), p = (0.762502, 0.374483, 1.182936)
Body 8359: orig = (-0.185826, 0.506246, 0.513896), p = (-0.185826, 0.506246, 0.513896)
Body 8360: orig = (0.712297, 0.055304, 0.565210), p = (0.712297, 0.055304, 0.565210)
Body 8361: orig = (0.222204, 0.513933, 0.527232), p = (0.222204, 0.513933, 0.527232)
Body 8362: orig = (0.792037, 0.458564, 1.009073), p = (0.792037, 0.458564, 1.009073)
Body 8363: orig = (0.220486, 0.091756, -0.643223), p = (0.220486, 0.091756, -0.643223)
Body 8364: orig = (1.329900, 1.707408, 1.097285), p = (1.329900, 1.707408, 1.097285)
Body 8365: orig = (-0.329613, 0.577194, -0.615796), p = (-0.329613, 0.577194, -0.615796)
Body 8366: orig = (-0.161210, 0.518217, 0.420795), p = (-0.161210, 0.518217, 0.420795)
Body 8367: orig = (1.410568, 0.699980, 0.226170), p = (1.410568, 0.699980, 0.226170)
Body 8368: orig = (1.037582, 0.169846, 0.772066), p = (1.037582, 0.169846, 0.772066)
Body 8369: orig = (0.586623, -0.262601, 0.805540), p = (0.586623, -0.262601, 0.805540)
Body 8370: orig = (0.286842, 0.340889, 0.901932), p = (0.286842, 0.340889, 0.901932)
Body 8371: orig = (0.320890, 0.181219, 0.660953), p = (0.320890, 0.181219, 0.660953)
Body 8372: orig = (0.746768, 1.208338, 0.527979), p = (0.746768, 1.208338, 0.527979)
Body 8373: orig = (0.850434, 0.317921, 0.121471), p = (0.850434, 0.317921, 0.121471)
Body 8374: orig = (0.307702, -0.081417, 0.633734), p = (0.307702, -0.081417, 0.633734)
Body 8375: orig = (-0.067811, 0.108799, 0.560911), p = (-0.067811, 0.108799, 0.560911)
Body 8376: orig = (0.324500, 0.555542, -0.265909), p = (0.324500, 0.555542, -0.265909)
Body 8377: orig = (0.589465, 0.540927, 0.489592), p = (0.589465, 0.540927, 0.489592)
Body 8378: orig = (0.153478, 0.523302, -0.088328), p = (0.153478, 0.523302, -0.088328)
Body 8379: orig = (0.657303, 0.369576, -0.124949), p = (0.657303, 0.369576, -0.124949)
Body 8380: orig = (0.358961, 0.716085, -0.018281), p = (0.358961, 0.716085, -0.018281)
Body 8381: orig = (0.278582, 0.135347, 0.711334), p = (0.278582, 0.135347, 0.711334)
Body 8382: orig = (0.357264, -0.245117, 0.591814), p = (0.357264, -0.245117, 0.591814)
Body 8383: orig = (0.830515, 0.494124, 0.334409), p = (0.830515, 0.494124, 0.334409)
Body 8384: orig = (0.297357, 1.050258, 0.130433), p = (0.297357, 1.050258, 0.130433)
Body 8385: orig = (0.255889, 0.704871, -0.188963), p = (0.255889, 0.704871, -0.188963)
Body 8386: orig = (1.066893, 0.023530, 0.372862), p = (1.066893, 0.023530, 0.372862)
Body 8387: orig = (0.427712, 0.722064, 1.064281), p = (0.427712, 0.722064, 1.064281)
Body 8388: orig = (0.344738, 0.918051, 0.304526), p = (0.344738, 0.918051, 0.304526)
Body 8389: orig = (0.787398, 0.059657, 0.442271), p = (0.787398, 0.059657, 0.442271)
Body 8390: orig = (1.025738, 0.312537, 0.544522), p = (1.025738, 0.312537, 0.544522)
Body 8391: orig = (0.180134, 0.507657, 1.013349), p = (0.180134, 0.507657, 1.013349)
Body 8392: orig = (0.758625, -0.342152, 0.078897), p = (0.758625, -0.342152, 0.078897)
Body 8393: orig = (0.204221, 0.488128, 0.582313), p = (0.204221, 0.488128, 0.582313)
Body 8394: orig = (0.950019, 0.509616, 0.641251), p = (0.950019, 0.509616, 0.641251)
Body 8395: orig = (0.729828, 0.037872, 0.359603), p = (0.729828, 0.037872, 0.359603)
Body 8396: orig = (0.593079, 0.771762, 1.026773), p = (0.593079, 0.771762, 1.026773)
Body 8397: orig = (-0.131945, 0.828399, 0.664516), p = (-0.131945, 0.828399, 0.664516)
Body 8398: orig = (0.257685, 0.478247, 1.319742), p = (0.257685, 0.478247, 1.319742)
Body 8399: orig = (0.603033, 0.165047, 0.365464), p = (0.603033, 0.165047, 0.365464)
Body 8400: orig = (0.215807, 0.480094, -0.117234), p = (0.215807, 0.480094, -0.117234)
Body 8401: orig = (0.811316, 0.442068, 0.735068), p = (0.811316, 0.442068, 0.735068)
Body 8402: orig = (0.063420, 0.855296, 0.518206), p = (0.063420, 0.855296, 0.518206)
Body 8403: orig = (0.439272, 0.349760, 1.041840), p = (0.439272, 0.349760, 1.041840)
Body 8404: orig = (0.748442, 0.825160, 0.737445), p = (0.748442, 0.825160, 0.737445)
Body 8405: orig = (0.982020, -0.043541, 0.365894), p = (0.982020, -0.043541, 0.365894)
Body 8406: orig = (0.450654, 1.062771, 0.879017), p = (0.450654, 1.062771, 0.879017)
Body 8407: orig = (0.190161, 0.719102, -0.113359), p = (0.190161, 0.719102, -0.113359)
Body 8408: orig = (0.428909, 0.543258, 0.401381), p = (0.428909, 0.543258, 0.401381)
Body 8409: orig = (0.304539, 0.490801, 0.951969), p = (0.304539, 0.490801, 0.951969)
Body 8410: orig = (0.378889, -0.470232, 0.305687), p = (0.378889, -0.470232, 0.305687)
Body 8411: orig = (0.689666, 0.281685, 0.722265), p = (0.689666, 0.281685, 0.722265)
Body 8412: orig = (0.055657, 0.496045, 0.162438), p = (0.055657, 0.496045, 0.162438)
Body 8413: orig = (0.424520, 0.083634, 1.065225), p = (0.424520, 0.083634, 1.065225)
Body 8414: orig = (0.681926, 1.080236, 0.818954), p = (0.681926, 1.080236, 0.818954)
Body 8415: orig = (0.765750, 1.055579, 0.655435), p = (0.765750, 1.055579, 0.655435)
Body 8416: orig = (0.477390, 1.046493, 0.450055), p = (0.477390, 1.046493, 0.450055)
Body 8417: orig = (0.928498, 0.604335, 0.612688), p = (0.928498, 0.604335, 0.612688)
Body 8418: orig = (0.314588, 0.877110, 0.137320), p = (0.314588, 0.877110, 0.137320)
Body 8419: orig = (0.568441, 0.058531, 0.198104), p = (0.568441, 0.058531, 0.198104)
Body 8420: orig = (1.242843, 0.736422, 0.763070), p = (1.242843, 0.736422, 0.763070)
Body 8421: orig = (0.425970, 0.807937, 0.819126), p = (0.425970, 0.807937, 0.819126)
Body 8422: orig = (0.108241, 0.661383, 0.063948), p = (0.108241, 0.661383, 0.063948)
Body 8423: orig = (0.583663, 0.262926, -0.706525), p = (0.583663, 0.262926, -0.706525)
Body 8424: orig = (0.550158, 0.818413, 0.169599), p = (0.550158, 0.818413, 0.169599)
Body 8425: orig = (0.380178, -0.247442, 0.767478), p = (0.380178, -0.247442, 0.767478)
Body 8426: orig = (0.458327, 0.287283, 1.718178), p = (0.458327, 0.287283, 1.718178)
Body 8427: orig = (0.521004, 1.064592, 0.833727), p = (0.521004, 1.064592, 0.833727)
Body 8428: orig = (0.685416, 0.131910, 1.189769), p = (0.685416, 0.131910, 1.189769)
Body 8429: orig = (0.393410, -0.151622, 0.679461), p = (0.393410, -0.151622, 0.679461)
Body 8430: orig = (1.187768, 0.723124, 0.419355), p = (1.187768, 0.723124, 0.419355)
Body 8431: orig = (0.332309, -0.365654, 0.525478), p = (0.332309, -0.365654, 0.525478)
Body 8432: orig = (0.777204, 1.258196, 0.622960), p = (0.777204, 1.258196, 0.622960)
Body 8433: orig = (0.813703, 0.585636, -0.203567), p = (0.813703, 0.585636, -0.203567)
Body 8434: orig = (0.558563, 0.199751, 0.792845), p = (0.558563, 0.199751, 0.792845)
Body 8435: orig = (0.355327, 0.247060, 0.007577), p = (0.355327, 0.247060, 0.007577)
Body 8436: orig = (0.435838, 0.738912, -0.257022), p = (0.435838, 0.738912, -0.257022)
Body 8437: orig = (-0.376823, 0.224870, 1.153331), p = (-0.376823, 0.224870, 1.153331)
Body 8438: orig = (1.543443, -0.063827, 0.523920), p = (1.543443, -0.063827, 0.523920)
Body 8439: orig = (0.087154, 0.513332, 0.888144), p = (0.087154, 0.513332, 0.888144)
Body 8440: orig = (0.700943, 0.655065, 0.962944), p = (0.700943, 0.655065, 0.962944)
Body 8441: orig = (0.208772, 0.190829, 0.698971), p = (0.208772, 0.190829, 0.698971)
Body 8442: orig = (0.553039, -0.000129, -0.102375), p = (0.553039, -0.000129, -0.102375)
Body 8443: orig = (1.487942, 0.396763, 0.579152), p = (1.487942, 0.396763, 0.579152)
Body 8444: orig = (0.213349, 0.505148, 1.379123), p = (0.213349, 0.505148, 1.379123)
Body 8445: orig = (0.999758, 0.513019, 0.476485), p = (0.999758, 0.513019, 0.476485)
Body 8446: orig = (0.088399, 0.699880, -0.148652), p = (0.088399, 0.699880, -0.148652)
Body 8447: orig = (1.133008, 0.642582, 0.172128), p = (1.133008, 0.642582, 0.172128)
Body 8448: orig = (0.392384, -0.104258, 0.679462), p = (0.392384, -0.104258, 0.679462)
Body 8449: orig = (0.601235, 0.774856, 0.288260), p = (0.601235, 0.774856, 0.288260)
Body 8450: orig = (0.303787, 1.146679, 0.849568), p = (0.303787, 1.146679, 0.849568)
Body 8451: orig = (0.739131, 1.180590, 0.298417), p = (0.739131, 1.180590, 0.298417)
Body 8452: orig = (-0.563255, 1.401310, 0.049719), p = (-0.563255, 1.401310, 0.049719)
Body 8453: orig = (0.871773, 0.562664, 0.092075), p = (0.871773, 0.562664, 0.092075)
Body 8454: orig = (0.970413, 0.445760, 0.179695), p = (0.970413, 0.445760, 0.179695)
Body 8455: orig = (0.492698, -0.172032, 0.779980), p = (0.492698, -0.172032, 0.779980)
Body 8456: orig = (0.736730, 0.535006, 0.473234), p = (0.736730, 0.535006, 0.473234)
Body 8457: orig = (0.425622, 0.688909, 0.999485), p = (0.425622, 0.688909, 0.999485)
Body 8458: orig = (1.093344, 0.377729, 0.721131), p = (1.093344, 0.377729, 0.721131)
Body 8459: orig = (0.398205, 0.772538, 0.396210), p = (0.398205, 0.772538, 0.396210)
Body 8460: orig = (1.206183, 0.641210, 0.606753), p = (1.206183, 0.641210, 0.606753)
Body 8461: orig = (0.678678, 1.179487, 0.667606), p = (0.678678, 1.179487, 0.667606)
Body 8462: orig = (0.181226, 1.109178, 0.585134), p = (0.181226, 1.109178, 0.585134)
Body 8463: orig = (0.445994, 0.457871, 1.158243), p = (0.445994, 0.457871, 1.158243)
Body 8464: orig = (1.297992, 0.852842, 0.431517), p = (1.297992, 0.852842, 0.431517)
Body 8465: orig = (1.066412, 0.472173, 0.576880), p = (1.066412, 0.472173, 0.576880)
Body 8466: orig = (0.345352, 1.405867, 0.459728), p = (0.345352, 1.405867, 0.459728)
Body 8467: orig = (0.681501, 0.233082, 0.294495), p = (0.681501, 0.233082, 0.294495)
Body 8468: orig = (0.046253, 0.722702, 0.669784), p = (0.046253, 0.722702, 0.669784)
Body 8469: orig = (0.522930, 0.552275, -0.031805), p = (0.522930, 0.552275, -0.031805)
Body 8470: orig = (0.205334, 0.311098, 0.728197), p = (0.205334, 0.311098, 0.728197)
Body 8471: orig = (0.668765, 1.142324, 0.164860), p = (0.668765, 1.142324, 0.164860)
Body 8472: orig = (0.347770, 0.818438, 0.328454), p = (0.347770, 0.818438, 0.328454)
Body 8473: orig = (0.424368, 0.059295, 0.487802), p = (0.424368, 0.059295, 0.487802)
Body 8474: orig = (0.932847, 0.726066, 0.240758), p = (0.932847, 0.726066, 0.240758)
Body 8475: orig = (1.277802, 0.699837, 0.122575), p = (1.277802, 0.699837, 0.122575)
Body 8476: orig = (1.160243, 0.563211, 0.283872), p = (1.160243, 0.563211, 0.283872)
Body 8477: orig = (0.728546, 0.948646, 0.988564), p = (0.728546, 0.948646, 0.988564)
Body 8478: orig = (0.242554, -0.199911, 0.541156), p = (0.242554, -0.199911, 0.541156)
Body 8479: orig = (0.455838, 0.267796, -0.513423), p = (0.455838, 0.267796, -0.513423)
Body 8480: orig = (0.878020, 0.202153, 0.428094), p = (0.878020, 0.202153, 0.428094)
Body 8481: orig = (1.108289, 0.731169, 0.109109), p = (1.108289, 0.731169, 0.109109)
Body 8482: orig = (-0.490633, 0.595308, 0.590736), p = (-0.490633, 0.595308, 0.590736)
Body 8483: orig = (0.690377, 0.347331, -0.026285), p = (0.690377, 0.347331, -0.026285)
Body 8484: orig = (0.796583, 0.727778, -0.065709), p = (0.796583, 0.727778, -0.065709)
Body 8485: orig = (-0.012164, 0.631116, 0.485139), p = (-0.012164, 0.631116, 0.485139)
Body 8486: orig = (0.097431, 0.368228, 0.829756), p = (0.097431, 0.368228, 0.829756)
Body 8487: orig = (-0.488577, 0.276402, 0.530112), p = (-0.488577, 0.276402, 0.530112)
Body 8488: orig = (0.803889, 0.316316, 0.582110), p = (0.803889, 0.316316, 0.582110)
Body 8489: orig = (0.691308, 0.416401, 0.700288), p = (0.691308, 0.416401, 0.700288)
Body 8490: orig = (0.639814, 0.238773, 1.123118), p = (0.639814, 0.238773, 1.123118)
Body 8491: orig = (-0.064402, -0.204627, 0.595126), p = (-0.064402, -0.204627, 0.595126)
Body 8492: orig = (0.178506, 0.876749, 0.985331), p = (0.178506, 0.876749, 0.985331)
Body 8493: orig = (0.365709, 0.311519, 0.837256), p = (0.365709, 0.311519, 0.837256)
Body 8494: orig = (0.562564, 1.699433, 0.537316), p = (0.562564, 1.699433, 0.537316)
Body 8495: orig = (0.777042, 0.543456, 0.623913), p = (0.777042, 0.543456, 0.623913)
Body 8496: orig = (1.053265, 0.516705, 0.870928), p = (1.053265, 0.516705, 0.870928)
Body 8497: orig = (0.570138, -0.409740, 0.445785), p = (0.570138, -0.409740, 0.445785)
Body 8498: orig = (0.167565, 0.806764, 0.092864), p = (0.167565, 0.806764, 0.092864)
Body 8499: orig = (0.321602, 0.603050, 0.202082), p = (0.321602, 0.603050, 0.202082)
Body 8500: orig = (0.569453, 1.248301, 0.466011), p = (0.569453, 1.248301, 0.466011)
Body 8501: orig = (0.850245, 0.137490, 0.457099), p = (0.850245, 0.137490, 0.457099)
Body 8502: orig = (0.837366, 0.569771, 0.278418), p = (0.837366, 0.569771, 0.278418)
Body 8503: orig = (-0.102596, -0.061038, 1.360210), p = (-0.102596, -0.061038, 1.360210)
Body 8504: orig = (1.314286, 1.071496, 0.568443), p = (1.314286, 1.071496, 0.568443)
Body 8505: orig = (0.392288, 0.654586, -0.438632), p = (0.392288, 0.654586, -0.438632)
Body 8506: orig = (0.451922, 0.730688, 0.803676), p = (0.451922, 0.730688, 0.803676)
Body 8507: orig = (1.537748, 0.542317, 0.532642), p = (1.537748, 0.542317, 0.532642)
Body 8508: orig = (-0.077751, 1.547711, 0.583207), p = (-0.077751, 1.547711, 0.583207)
Body 8509: orig = (0.601361, 0.649136, 1.014451), p = (0.601361, 0.649136, 1.014451)
Body 8510: orig = (0.437709, 0.624956, 0.182658), p = (0.437709, 0.624956, 0.182658)
Body 8511: orig = (0.662878, 0.542587, 0.456253), p = (0.662878, 0.542587, 0.456253)
Body 8512: orig = (0.428760, 0.615387, -0.359480), p = (0.428760, 0.615387, -0.359480)
Body 8513: orig = (1.354018, 0.723174, 0.711433), p = (1.354018, 0.723174, 0.711433)
Body 8514: orig = (1.395542, 0.411979, 0.486015), p = (1.395542, 0.411979, 0.486015)
Body 8515: orig = (0.727166, -0.219970, 0.741188), p = (0.727166, -0.219970, 0.741188)
Body 8516: orig = (-0.361620, 0.585926, 0.552697), p = (-0.361620, 0.585926, 0.552697)
Body 8517: orig = (0.659559, 1.138611, 0.796436), p = (0.659559, 1.138611, 0.796436)
Body 8518: orig = (1.020339, 0.495233, -3.680535), p = (1.020339, 0.495233, -3.680535)
Body 8519: orig = (0.916561, 0.344604, -0.069925), p = (0.916561, 0.344604, -0.069925)
Body 8520: orig = (-0.312316, 0.581972, 0.488199), p = (-0.312316, 0.581972, 0.488199)
Body 8521: orig = (0.274196, -0.200128, 0.549823), p = (0.274196, -0.200128, 0.549823)
Body 8522: orig = (0.625119, 0.310358, 1.255479), p = (0.625119, 0.310358, 1.255479)
Body 8523: orig = (0.124701, 0.288129, 0.012078), p = (0.124701, 0.288129, 0.012078)
Body 8524: orig = (0.442490, -0.242047, 0.299194), p = (0.442490, -0.242047, 0.299194)
Body 8525: orig = (0.869896, 1.057959, 0.338248), p = (0.869896, 1.057959, 0.338248)
Body 8526: orig = (-0.040076, 0.288165, 0.114062), p = (-0.040076, 0.288165, 0.114062)
Body 8527: orig = (0.590777, 0.502640, -0.555622), p = (0.590777, 0.502640, -0.555622)
Body 8528: orig = (0.730610, 0.064928, 0.670606), p = (0.730610, 0.064928, 0.670606)
Body 8529: orig = (0.541942, 0.820314, -0.152715), p = (0.541942, 0.820314, -0.152715)
Body 8530: orig = (0.156697, 0.112575, 0.752610), p = (0.156697, 0.112575, 0.752610)
Body 8531: orig = (0.274541, 0.649268, 1.241971), p = (0.274541, 0.649268, 1.241971)
Body 8532: orig = (0.826087, 0.838639, 0.507356), p = (0.826087, 0.838639, 0.507356)
Body 8533: orig = (0.635700, 0.722725, 0.955177), p = (0.635700, 0.722725, 0.955177)
Body 8534: orig = (0.632669, -0.060943, 0.925904), p = (0.632669, -0.060943, 0.925904)
Body 8535: orig = (0.152640, 0.460653, -0.574949), p = (0.152640, 0.460653, -0.574949)
Body 8536: orig = (0.598506, -0.056275, 0.122134), p = (0.598506, -0.056275, 0.122134)
Body 8537: orig = (0.590654, 0.514096, -0.184179), p = (0.590654, 0.514096, -0.184179)
Body 8538: orig = (0.517799, 0.576315, 1.218878), p = (0.517799, 0.576315, 1.218878)
Body 8539: orig = (0.342700, 1.334091, 0.527216), p = (0.342700, 1.334091, 0.527216)
Body 8540: orig = (0.091662, 0.638955, 0.334356), p = (0.091662, 0.638955, 0.334356)
Body 8541: orig = (1.116624, 0.472364, 0.737987), p = (1.116624, 0.472364, 0.737987)
Body 8542: orig = (0.539274, 0.316438, -0.378505), p = (0.539274, 0.316438, -0.378505)
Body 8543: orig = (0.737522, 0.270783, 0.675601), p = (0.737522, 0.270783, 0.675601)
Body 8544: orig = (0.771324, 0.171458, 0.747361), p = (0.771324, 0.171458, 0.747361)
Body 8545: orig = (0.692154, 1.156330, 0.299447), p = (0.692154, 1.156330, 0.299447)
Body 8546: orig = (-0.072498, 0.323523, 0.366486), p = (-0.072498, 0.323523, 0.366486)
Body 8547: orig = (-0.264252, 0.320782, 0.267416), p = (-0.264252, 0.320782, 0.267416)
Body 8548: orig = (1.445764, 0.489670, 0.364115), p = (1.445764, 0.489670, 0.364115)
Body 8549: orig = (1.242123, 0.298874, 0.549924), p = (1.242123, 0.298874, 0.549924)
Body 8550: orig = (0.436921, 0.145201, 1.004992), p = (0.436921, 0.145201, 1.004992)
Body 8551: orig = (0.713370, 0.563483, 0.908816), p = (0.713370, 0.563483, 0.908816)
Body 8552: orig = (0.707174, 0.465969, 1.379944), p = (0.707174, 0.465969, 1.379944)
Body 8553: orig = (0.086760, 0.352802, 0.213843), p = (0.086760, 0.352802, 0.213843)
Body 8554: orig = (0.648586, 0.966744, -0.287543), p = (0.648586, 0.966744, -0.287543)
Body 8555: orig = (0.194540, 0.616811, -0.277729), p = (0.194540, 0.616811, -0.277729)
Body 8556: orig = (0.152152, 0.799034, 0.400165), p = (0.152152, 0.799034, 0.400165)
Body 8557: orig = (-7.430097, 11.595148, 25.931814), p = (-7.430097, 11.595148, 25.931814)
Body 8558: orig = (0.253887, 0.835167, 0.148042), p = (0.253887, 0.835167, 0.148042)
Body 8559: orig = (0.315826, 0.462592, 0.160509), p = (0.315826, 0.462592, 0.160509)
Body 8560: orig = (0.642249, -0.133070, 0.490057), p = (0.642249, -0.133070, 0.490057)
Body 8561: orig = (0.451519, 0.446244, -0.376433), p = (0.451519, 0.446244, -0.376433)
Body 8562: orig = (0.041528, 0.335405, 0.357561), p = (0.041528, 0.335405, 0.357561)
Body 8563: orig = (-0.276169, 0.656269, 0.480778), p = (-0.276169, 0.656269, 0.480778)
Body 8564: orig = (0.669232, 0.793628, 0.843462), p = (0.669232, 0.793628, 0.843462)
Body 8565: orig = (0.840149, 0.565473, 1.174695), p = (0.840149, 0.565473, 1.174695)
Body 8566: orig = (0.052065, 0.948230, 0.619159), p = (0.052065, 0.948230, 0.619159)
Body 8567: orig = (1.363488, 0.317792, 0.560284), p = (1.363488, 0.317792, 0.560284)
Body 8568: orig = (1.379463, 0.487818, 0.485205), p = (1.379463, 0.487818, 0.485205)
Body 8569: orig = (0.627352, -0.409215, 0.630664), p = (0.627352, -0.409215, 0.630664)
Body 8570: orig = (0.343028, 0.187758, 0.218637), p = (0.343028, 0.187758, 0.218637)
Body 8571: orig = (0.368666, 0.719159, -0.292887), p = (0.368666, 0.719159, -0.292887)
Body 8572: orig = (0.374561, 0.642372, 1.255731), p = (0.374561, 0.642372, 1.255731)
Body 8573: orig = (0.679024, 1.126189, 0.223180), p = (0.679024, 1.126189, 0.223180)
Body 8574: orig = (1.188392, 0.307103, 0.587970), p = (1.188392, 0.307103, 0.587970)
Body 8575: orig = (0.771342, 0.427321, -0.198610), p = (0.771342, 0.427321, -0.198610)
Body 8576: orig = (0.024001, 0.441372, 0.361309), p = (0.024001, 0.441372, 0.361309)
Body 8577: orig = (-0.114224, 0.407843, 0.722729), p = (-0.114224, 0.407843, 0.722729)
Body 8578: orig = (0.483952, -0.344417, 0.474775), p = (0.483952, -0.344417, 0.474775)
Body 8579: orig = (-0.053158, 0.899252, 0.978936), p = (-0.053158, 0.899252, 0.978936)
Body 8580: orig = (0.531825, 0.491952, -0.435080), p = (0.531825, 0.491952, -0.435080)
Body 8581: orig = (0.529428, 0.368292, 1.196455), p = (0.529428, 0.368292, 1.196455)
Body 8582: orig = (0.238427, 0.175024, 0.868762), p = (0.238427, 0.175024, 0.868762)
Body 8583: orig = (1.069150, 0.132327, 0.390237), p = (1.069150, 0.132327, 0.390237)
Body 8584: orig = (0.604269, 0.628042, 1.036528), p = (0.604269, 0.628042, 1.036528)
Body 8585: orig = (0.401607, 0.595034, 0.876393), p = (0.401607, 0.595034, 0.876393)
Body 8586: orig = (0.343502, 1.193926, 0.367083), p = (0.343502, 1.193926, 0.367083)
Body 8587: orig = (0.738291, 0.409602, -0.048103), p = (0.738291, 0.409602, -0.048103)
Body 8588: orig = (0.442114, 0.722785, -0.372078), p = (0.442114, 0.722785, -0.372078)
Body 8589: orig = (0.597854, 1.056251, 0.151186), p = (0.597854, 1.056251, 0.151186)
Body 8590: orig = (0.349575, 0.521868, -0.221348), p = (0.349575, 0.521868, -0.221348)
Body 8591: orig = (-0.167471, 0.312768, 0.691105), p = (-0.167471, 0.312768, 0.691105)
Body 8592: orig = (0.775475, 0.322423, -0.135033), p = (0.775475, 0.322423, -0.135033)
Body 8593: orig = (-0.023838, 0.749708, 0.331805), p = (-0.023838, 0.749708, 0.331805)
Body 8594: orig = (0.973227, 0.179110, 0.389357), p = (0.973227, 0.179110, 0.389357)
Body 8595: orig = (0.119457, 0.636541, 0.715982), p = (0.119457, 0.636541, 0.715982)
Body 8596: orig = (0.524303, 1.208288, 0.144911), p = (0.524303, 1.208288, 0.144911)
Body 8597: orig = (0.344487, 0.328538, 1.171069), p = (0.344487, 0.328538, 1.171069)
Body 8598: orig = (-0.008278, 0.440507, 0.257994), p = (-0.008278, 0.440507, 0.257994)
Body 8599: orig = (0.231770, 0.262658, 0.777254), p = (0.231770, 0.262658, 0.777254)
Body 8600: orig = (0.015483, 0.301073, 0.711942), p = (0.015483, 0.301073, 0.711942)
Body 8601: orig = (0.436563, 0.140403, 0.834778), p = (0.436563, 0.140403, 0.834778)
Body 8602: orig = (0.288964, 0.499262, 0.201972), p = (0.288964, 0.499262, 0.201972)
Body 8603: orig = (-0.344708, 0.513564, 0.627315), p = (-0.344708, 0.513564, 0.627315)
Body 8604: orig = (-0.130804, 0.432227, 0.033283), p = (-0.130804, 0.432227, 0.033283)
Body 8605: orig = (0.545161, 0.191317, 0.669419), p = (0.545161, 0.191317, 0.669419)
Body 8606: orig = (0.764630, 1.252595, 0.570268), p = (0.764630, 1.252595, 0.570268)
Body 8607: orig = (-0.272823, 0.761845, 0.485780), p = (-0.272823, 0.761845, 0.485780)
Body 8608: orig = (0.683737, 0.617532, 1.145251), p = (0.683737, 0.617532, 1.145251)
Body 8609: orig = (0.549457, 0.766907, -0.130284), p = (0.549457, 0.766907, -0.130284)
Body 8610: orig = (0.847953, 0.703870, 1.293295), p = (0.847953, 0.703870, 1.293295)
Body 8611: orig = (0.811143, 1.106004, 0.510351), p = (0.811143, 1.106004, 0.510351)
Body 8612: orig = (0.767452, 0.505552, 0.179590), p = (0.767452, 0.505552, 0.179590)
Body 8613: orig = (0.398707, 0.163037, 0.243820), p = (0.398707, 0.163037, 0.243820)
Body 8614: orig = (0.377087, 0.669297, 0.451515), p = (0.377087, 0.669297, 0.451515)
Body 8615: orig = (0.564088, 1.238446, 0.781803), p = (0.564088, 1.238446, 0.781803)
Body 8616: orig = (-0.005301, 0.987355, 0.593774), p = (-0.005301, 0.987355, 0.593774)
Body 8617: orig = (0.410724, 0.499832, 1.312765), p = (0.410724, 0.499832, 1.312765)
Body 8618: orig = (0.707860, 0.015666, 0.653388), p = (0.707860, 0.015666, 0.653388)
Body 8619: orig = (-0.117220, 0.083117, 0.656493), p = (-0.117220, 0.083117, 0.656493)
Body 8620: orig = (0.427202, 0.236720, 0.761661), p = (0.427202, 0.236720, 0.761661)
Body 8621: orig = (-0.297554, 0.386733, 0.631960), p = (-0.297554, 0.386733, 0.631960)
Body 8622: orig = (0.142812, 0.905491, 0.223935), p = (0.142812, 0.905491, 0.223935)
Body 8623: orig = (0.641030, -0.346015, 0.494502), p = (0.641030, -0.346015, 0.494502)
Body 8624: orig = (0.143805, 0.630669, 0.276241), p = (0.143805, 0.630669, 0.276241)
Body 8625: orig = (0.538484, -0.200195, 0.162439), p = (0.538484, -0.200195, 0.162439)
Body 8626: orig = (0.475098, 0.386166, 0.260240), p = (0.475098, 0.386166, 0.260240)
Body 8627: orig = (0.386619, 0.238209, 1.146833), p = (0.386619, 0.238209, 1.146833)
Body 8628: orig = (0.809622, -0.064046, 0.691137), p = (0.809622, -0.064046, 0.691137)
Body 8629: orig = (0.209050, -0.270240, 0.583544), p = (0.209050, -0.270240, 0.583544)
Body 8630: orig = (0.554016, -0.055518, 0.443661), p = (0.554016, -0.055518, 0.443661)
Body 8631: orig = (0.212487, 1.346534, 0.467449), p = (0.212487, 1.346534, 0.467449)
Body 8632: orig = (-0.206252, 0.621374, 0.874705), p = (-0.206252, 0.621374, 0.874705)
Body 8633: orig = (0.366062, -0.242452, 0.579726), p = (0.366062, -0.242452, 0.579726)
Body 8634: orig = (0.872534, 0.674732, 0.930776), p = (0.872534, 0.674732, 0.930776)
Body 8635: orig = (0.577514, 0.924554, 0.385996), p = (0.577514, 0.924554, 0.385996)
Body 8636: orig = (0.213336, 0.908680, 0.071090), p = (0.213336, 0.908680, 0.071090)
Body 8637: orig = (1.167924, 0.800539, 0.789571), p = (1.167924, 0.800539, 0.789571)
Body 8638: orig = (0.473837, 1.010256, 1.092512), p = (0.473837, 1.010256, 1.092512)
Body 8639: orig = (1.401548, 1.176444, 0.798882), p = (1.401548, 1.176444, 0.798882)
Body 8640: orig = (0.509738, 0.700185, 0.314868), p = (0.509738, 0.700185, 0.314868)
Body 8641: orig = (0.263841, 0.173715, 0.653554), p = (0.263841, 0.173715, 0.653554)
Body 8642: orig = (1.008801, 0.545645, 0.797688), p = (1.008801, 0.545645, 0.797688)
Body 8643: orig = (0.108946, 0.556788, -0.008589), p = (0.108946, 0.556788, -0.008589)
Body 8644: orig = (0.189856, 0.167172, 0.804550), p = (0.189856, 0.167172, 0.804550)
Body 8645: orig = (1.556118, 0.573307, 0.506728), p = (1.556118, 0.573307, 0.506728)
Body 8646: orig = (-0.334338, -0.240458, 0.637790), p = (-0.334338, -0.240458, 0.637790)
Body 8647: orig = (1.270452, 0.663051, 0.712567), p = (1.270452, 0.663051, 0.712567)
Body 8648: orig = (0.814556, 0.270216, 0.780215), p = (0.814556, 0.270216, 0.780215)
Body 8649: orig = (0.377488, 0.532930, -0.258191), p = (0.377488, 0.532930, -0.258191)
Body 8650: orig = (0.325535, 0.264690, 0.342744), p = (0.325535, 0.264690, 0.342744)
Body 8651: orig = (0.753657, 0.431976, -0.291459), p = (0.753657, 0.431976, -0.291459)
Body 8652: orig = (1.105517, 0.863078, 0.351231), p = (1.105517, 0.863078, 0.351231)
Body 8653: orig = (0.733379, 0.330251, -0.141525), p = (0.733379, 0.330251, -0.141525)
Body 8654: orig = (0.521101, 0.166418, 0.822520), p = (0.521101, 0.166418, 0.822520)
Body 8655: orig = (0.608351, -0.363692, 0.474337), p = (0.608351, -0.363692, 0.474337)
Body 8656: orig = (-0.112721, 0.627655, 0.479406), p = (-0.112721, 0.627655, 0.479406)
Body 8657: orig = (0.589462, 0.930720, 0.801211), p = (0.589462, 0.930720, 0.801211)
Body 8658: orig = (0.343125, -0.337949, 0.548363), p = (0.343125, -0.337949, 0.548363)
Body 8659: orig = (1.040493, 0.983354, 0.662642), p = (1.040493, 0.983354, 0.662642)
Body 8660: orig = (0.226574, 0.311635, 0.865582), p = (0.226574, 0.311635, 0.865582)
Body 8661: orig = (0.491337, 1.116726, 0.668089), p = (0.491337, 1.116726, 0.668089)
Body 8662: orig = (0.676136, 1.240136, 0.800852), p = (0.676136, 1.240136, 0.800852)
Body 8663: orig = (0.068965, 0.766785, -0.013357), p = (0.068965, 0.766785, -0.013357)
Body 8664: orig = (1.059459, 0.922645, -0.263906), p = (1.059459, 0.922645, -0.263906)
Body 8665: orig = (0.270673, 0.765328, 1.064313), p = (0.270673, 0.765328, 1.064313)
Body 8666: orig = (0.616055, 1.180039, 0.505699), p = (0.616055, 1.180039, 0.505699)
Body 8667: orig = (0.463703, -0.216674, 0.328106), p = (0.463703, -0.216674, 0.328106)
Body 8668: orig = (0.731277, 0.506628, 0.680225), p = (0.731277, 0.506628, 0.680225)
Body 8669: orig = (0.372424, 0.272874, -0.014464), p = (0.372424, 0.272874, -0.014464)
Body 8670: orig = (0.396008, 0.961329, 0.020880), p = (0.396008, 0.961329, 0.020880)
Body 8671: orig = (0.218868, 0.102829, 0.502063), p = (0.218868, 0.102829, 0.502063)
Body 8672: orig = (0.603662, 0.454633, 0.420155), p = (0.603662, 0.454633, 0.420155)
Body 8673: orig = (0.480525, 0.498435, 1.155993), p = (0.480525, 0.498435, 1.155993)
Body 8674: orig = (0.161971, 0.449330, 0.724494), p = (0.161971, 0.449330, 0.724494)
Body 8675: orig = (0.229813, 0.818667, 0.004923), p = (0.229813, 0.818667, 0.004923)
Body 8676: orig = (0.771315, 0.392876, 0.163750), p = (0.771315, 0.392876, 0.163750)
Body 8677: orig = (0.542009, 0.061432, 0.641618), p = (0.542009, 0.061432, 0.641618)
Body 8678: orig = (1.150920, 0.184630, 0.245937), p = (1.150920, 0.184630, 0.245937)
Body 8679: orig = (0.423768, 0.038321, -0.146002), p = (0.423768, 0.038321, -0.146002)
Body 8680: orig = (0.478563, 0.107598, 1.102764), p = (0.478563, 0.107598, 1.102764)
Body 8681: orig = (0.601709, 0.956315, -0.048172), p = (0.601709, 0.956315, -0.048172)
Body 8682: orig = (0.684393, 0.762781, 0.904784), p = (0.684393, 0.762781, 0.904784)
Body 8683: orig = (-0.173849, 0.604175, 0.980303), p = (-0.173849, 0.604175, 0.980303)
Body 8684: orig = (1.128559, 0.582937, 0.746364), p = (1.128559, 0.582937, 0.746364)
Body 8685: orig = (0.450390, 0.426489, -0.329999), p = (0.450390, 0.426489, -0.329999)
Body 8686: orig = (0.628333, -0.385495, 0.582332), p = (0.628333, -0.385495, 0.582332)
Body 8687: orig = (0.766862, 0.960909, 0.556336), p = (0.766862, 0.960909, 0.556336)
Body 8688: orig = (0.073483, 0.736919, 0.548952), p = (0.073483, 0.736919, 0.548952)
Body 8689: orig = (0.502102, 0.996029, 0.836026), p = (0.502102, 0.996029, 0.836026)
Body 8690: orig = (0.623658, 0.784387, 1.035698), p = (0.623658, 0.784387, 1.035698)
Body 8691: orig = (0.463614, 0.606427, 1.042667), p = (0.463614, 0.606427, 1.042667)
Body 8692: orig = (0.456492, 0.138728, 0.858535), p = (0.456492, 0.138728, 0.858535)
Body 8693: orig = (0.628913, 1.470741, 0.236434), p = (0.628913, 1.470741, 0.236434)
Body 8694: orig = (0.421045, -0.222073, 0.577724), p = (0.421045, -0.222073, 0.577724)
Body 8695: orig = (0.411408, 1.404363, 0.480675), p = (0.411408, 1.404363, 0.480675)
Body 8696: orig = (0.224581, 0.508557, 1.256449), p = (0.224581, 0.508557, 1.256449)
Body 8697: orig = (0.599901, 0.863098, 0.787793), p = (0.599901, 0.863098, 0.787793)
Body 8698: orig = (0.815115, -0.017159, 0.479722), p = (0.815115, -0.017159, 0.479722)
Body 8699: orig = (0.098945, 1.017536, 0.496038), p = (0.098945, 1.017536, 0.496038)
Body 8700: orig = (0.956892, 0.396613, -0.057958), p = (0.956892, 0.396613, -0.057958)
Body 8701: orig = (0.773952, 0.068274, 0.216605), p = (0.773952, 0.068274, 0.216605)
Body 8702: orig = (0.327032, 0.671316, -0.338870), p = (0.327032, 0.671316, -0.338870)
Body 8703: orig = (0.954987, 0.252704, 0.380752), p = (0.954987, 0.252704, 0.380752)
Body 8704: orig = (0.010201, 0.001570, -2.103857), p = (0.010201, 0.001570, -2.103857)
Body 8705: orig = (0.361721, 0.328451, 0.877074), p = (0.361721, 0.328451, 0.877074)
Body 8706: orig = (0.647159, -0.360202, 0.372238), p = (0.647159, -0.360202, 0.372238)
Body 8707: orig = (-0.154247, 0.271100, 0.478822), p = (-0.154247, 0.271100, 0.478822)
Body 8708: orig = (0.726569, 0.441991, 0.608517), p = (0.726569, 0.441991, 0.608517)
Body 8709: orig = (-0.388979, 0.791541, 0.310253), p = (-0.388979, 0.791541, 0.310253)
Body 8710: orig = (0.202953, 0.561914, 0.651019), p = (0.202953, 0.561914, 0.651019)
Body 8711: orig = (0.576350, 0.266684, 0.964017), p = (0.576350, 0.266684, 0.964017)
Body 8712: orig = (1.132917, 0.837953, 0.533015), p = (1.132917, 0.837953, 0.533015)
Body 8713: orig = (0.941255, -0.277082, 0.222759), p = (0.941255, -0.277082, 0.222759)
Body 8714: orig = (0.925441, 0.306497, 0.487703), p = (0.925441, 0.306497, 0.487703)
Body 8715: orig = (0.421984, 0.612798, 0.608399), p = (0.421984, 0.612798, 0.608399)
Body 8716: orig = (0.259057, 0.588097, -0.290206), p = (0.259057, 0.588097, -0.290206)
Body 8717: orig = (0.715629, -0.158287, 0.326202), p = (0.715629, -0.158287, 0.326202)
Body 8718: orig = (1.424653, 0.501477, 0.404084), p = (1.424653, 0.501477, 0.404084)
Body 8719: orig = (0.553694, 0.201331, 0.869681), p = (0.553694, 0.201331, 0.869681)
Body 8720: orig = (0.570155, 1.097918, 0.046667), p = (0.570155, 1.097918, 0.046667)
Body 8721: orig = (0.814818, 0.242968, 0.904184), p = (0.814818, 0.242968, 0.904184)
Body 8722: orig = (0.995498, -0.021524, 0.546732), p = (0.995498, -0.021524, 0.546732)
Body 8723: orig = (0.470303, -0.420456, 0.638868), p = (0.470303, -0.420456, 0.638868)
Body 8724: orig = (-0.197219, 0.653820, 0.338463), p = (-0.197219, 0.653820, 0.338463)
Body 8725: orig = (0.427395, 0.394176, 0.049004), p = (0.427395, 0.394176, 0.049004)
Body 8726: orig = (0.434850, -0.095448, 0.894446), p = (0.434850, -0.095448, 0.894446)
Body 8727: orig = (0.940610, 0.749587, 0.545150), p = (0.940610, 0.749587, 0.545150)
Body 8728: orig = (0.666202, 0.224930, 0.761261), p = (0.666202, 0.224930, 0.761261)
Body 8729: orig = (0.025645, -0.173866, 0.453527), p = (0.025645, -0.173866, 0.453527)
Body 8730: orig = (1.280889, 0.320486, 0.449075), p = (1.280889, 0.320486, 0.449075)
Body 8731: orig = (0.781904, 0.847126, 0.538063), p = (0.781904, 0.847126, 0.538063)
Body 8732: orig = (0.732221, 0.390136, 1.046356), p = (0.732221, 0.390136, 1.046356)
Body 8733: orig = (1.050633, 0.841917, 0.578455), p = (1.050633, 0.841917, 0.578455)
Body 8734: orig = (0.555894, 0.834981, 1.000117), p = (0.555894, 0.834981, 1.000117)
Body 8735: orig = (0.079069, 0.876856, 0.812008), p = (0.079069, 0.876856, 0.812008)
Body 8736: orig = (0.631019, 0.223757, -0.113378), p = (0.631019, 0.223757, -0.113378)
Body 8737: orig = (0.590738, 0.463550, 0.943740), p = (0.590738, 0.463550, 0.943740)
Body 8738: orig = (0.651768, 0.893673, -0.387554), p = (0.651768, 0.893673, -0.387554)
Body 8739: orig = (1.070479, 0.708881, 0.536754), p = (1.070479, 0.708881, 0.536754)
Body 8740: orig = (0.398180, 0.568917, 0.176056), p = (0.398180, 0.568917, 0.176056)
Body 8741: orig = (0.028896, 0.802694, 0.656733), p = (0.028896, 0.802694, 0.656733)
Body 8742: orig = (-0.287202, 0.759460, 0.210134), p = (-0.287202, 0.759460, 0.210134)
Body 8743: orig = (0.634742, 0.708976, 0.199364), p = (0.634742, 0.708976, 0.199364)
Body 8744: orig = (0.413358, 0.380800, 0.258165), p = (0.413358, 0.380800, 0.258165)
Body 8745: orig = (0.882277, 0.255503, 0.481335), p = (0.882277, 0.255503, 0.481335)
Body 8746: orig = (0.219261, 0.740356, -0.311686), p = (0.219261, 0.740356, -0.311686)
Body 8747: orig = (1.034515, 1.512766, 0.586812), p = (1.034515, 1.512766, 0.586812)
Body 8748: orig = (-0.025863, 0.883403, 0.631693), p = (-0.025863, 0.883403, 0.631693)
Body 8749: orig = (0.543065, 0.034122, 0.786587), p = (0.543065, 0.034122, 0.786587)
Body 8750: orig = (0.293881, 0.471558, 0.653843), p = (0.293881, 0.471558, 0.653843)
Body 8751: orig = (0.557403, 0.227256, 0.069939), p = (0.557403, 0.227256, 0.069939)
Body 8752: orig = (-0.035400, 0.543114, 0.515910), p = (-0.035400, 0.543114, 0.515910)
Body 8753: orig = (0.598575, 0.177364, 0.735635), p = (0.598575, 0.177364, 0.735635)
Body 8754: orig = (-0.030987, 0.235610, 0.422747), p = (-0.030987, 0.235610, 0.422747)
Body 8755: orig = (0.419956, 0.091209, 0.514375), p = (0.419956, 0.091209, 0.514375)
Body 8756: orig = (1.295527, 0.766063, 0.431269), p = (1.295527, 0.766063, 0.431269)
Body 8757: orig = (-0.078296, 0.468908, 0.400924), p = (-0.078296, 0.468908, 0.400924)
Body 8758: orig = (0.791143, 1.050851, 0.057666), p = (0.791143, 1.050851, 0.057666)
Body 8759: orig = (0.344409, 0.428157, 0.809695), p = (0.344409, 0.428157, 0.809695)
Body 8760: orig = (0.915663, 0.690662, 0.986638), p = (0.915663, 0.690662, 0.986638)
Body 8761: orig = (0.498856, 0.550116, 0.479985), p = (0.498856, 0.550116, 0.479985)
Body 8762: orig = (0.992603, 0.520769, 0.173867), p = (0.992603, 0.520769, 0.173867)
Body 8763: orig = (1.204508, 0.689919, 0.092500), p = (1.204508, 0.689919, 0.092500)
Body 8764: orig = (0.482144, 0.841453, 0.497512), p = (0.482144, 0.841453, 0.497512)
Body 8765: orig = (0.570194, -0.215292, 0.935983), p = (0.570194, -0.215292, 0.935983)
Body 8766: orig = (-0.258858, 0.732500, 0.606469), p = (-0.258858, 0.732500, 0.606469)
Body 8767: orig = (0.970450, 0.385541, -0.158522), p = (0.970450, 0.385541, -0.158522)
Body 8768: orig = (0.715522, -0.123448, 0.533772), p = (0.715522, -0.123448, 0.533772)
Body 8769: orig = (1.723738, 0.506761, -0.930500), p = (1.723738, 0.506761, -0.930500)
Body 8770: orig = (0.049302, 0.475202, 0.790687), p = (0.049302, 0.475202, 0.790687)
Body 8771: orig = (0.492297, 0.869980, 0.226201), p = (0.492297, 0.869980, 0.226201)
Body 8772: orig = (0.743466, 0.592346, -0.305273), p = (0.743466, 0.592346, -0.305273)
Body 8773: orig = (0.851018, 0.476376, 1.147614), p = (0.851018, 0.476376, 1.147614)
Body 8774: orig = (0.826990, 0.321332, 0.610328), p = (0.826990, 0.321332, 0.610328)
Body 8775: orig = (1.240002, 0.732052, 0.309399), p = (1.240002, 0.732052, 0.309399)
Body 8776: orig = (0.721487, 0.545636, 0.700276), p = (0.721487, 0.545636, 0.700276)
Body 8777: orig = (0.494487, 0.570622, 1.269655), p = (0.494487, 0.570622, 1.269655)
Body 8778: orig = (-0.510676, 0.406856, 0.306778), p = (-0.510676, 0.406856, 0.306778)
Body 8779: orig = (0.018439, 0.774416, 0.488346), p = (0.018439, 0.774416, 0.488346)
Body 8780: orig = (0.776284, 0.611926, -0.540880), p = (0.776284, 0.611926, -0.540880)
Body 8781: orig = (0.969263, 0.543117, 0.243749), p = (0.969263, 0.543117, 0.243749)
Body 8782: orig = (0.543364, 0.726594, 1.016821), p = (0.543364, 0.726594, 1.016821)
Body 8783: orig = (0.380221, 0.933310, 0.909461), p = (0.380221, 0.933310, 0.909461)
Body 8784: orig = (0.394335, 0.219882, -0.085458), p = (0.394335, 0.219882, -0.085458)
Body 8785: orig = (0.080365, 0.712929, -0.157543), p = (0.080365, 0.712929, -0.157543)
Body 8786: orig = (1.217731, 0.471661, 0.879133), p = (1.217731, 0.471661, 0.879133)
Body 8787: orig = (1.224930, 0.701792, 0.447811), p = (1.224930, 0.701792, 0.447811)
Body 8788: orig = (0.684207, 0.486226, 0.785928), p = (0.684207, 0.486226, 0.785928)
Body 8789: orig = (0.418202, 0.667643, 0.093424), p = (0.418202, 0.667643, 0.093424)
Body 8790: orig = (1.077453, 0.062438, 0.689281), p = (1.077453, 0.062438, 0.689281)
Body 8791: orig = (0.541198, 0.319397, -0.418862), p = (0.541198, 0.319397, -0.418862)
Body 8792: orig = (0.240482, 0.314102, 1.184075), p = (0.240482, 0.314102, 1.184075)
Body 8793: orig = (0.935884, 0.541170, -0.077125), p = (0.935884, 0.541170, -0.077125)
Body 8794: orig = (1.069130, 0.804328, 0.692849), p = (1.069130, 0.804328, 0.692849)
Body 8795: orig = (0.746740, 0.749065, -0.094787), p = (0.746740, 0.749065, -0.094787)
Body 8796: orig = (0.344200, 0.972043, 0.769276), p = (0.344200, 0.972043, 0.769276)
Body 8797: orig = (0.663180, -0.378372, 0.474997), p = (0.663180, -0.378372, 0.474997)
Body 8798: orig = (0.028048, 0.460744, 0.516342), p = (0.028048, 0.460744, 0.516342)
Body 8799: orig = (0.191169, 0.825671, 0.119696), p = (0.191169, 0.825671, 0.119696)
Body 8800: orig = (0.076742, 0.453802, 0.562282), p = (0.076742, 0.453802, 0.562282)
Body 8801: orig = (0.825549, 0.719365, 0.073710), p = (0.825549, 0.719365, 0.073710)
Body 8802: orig = (0.445102, 0.260559, -0.095466), p = (0.445102, 0.260559, -0.095466)
Body 8803: orig = (-0.246844, 0.497830, 0.763563), p = (-0.246844, 0.497830, 0.763563)
Body 8804: orig = (-0.009997, 0.798752, 0.555918), p = (-0.009997, 0.798752, 0.555918)
Body 8805: orig = (0.557299, 0.601738, 0.815507), p = (0.557299, 0.601738, 0.815507)
Body 8806: orig = (1.488979, 0.847290, 0.473521), p = (1.488979, 0.847290, 0.473521)
Body 8807: orig = (0.507446, 0.549700, -0.184562), p = (0.507446, 0.549700, -0.184562)
Body 8808: orig = (0.340587, -0.332031, 0.597202), p = (0.340587, -0.332031, 0.597202)
Body 8809: orig = (0.439909, 0.506752, 0.692416), p = (0.439909, 0.506752, 0.692416)
Body 8810: orig = (0.491692, 0.872737, 0.708937), p = (0.491692, 0.872737, 0.708937)
Body 8811: orig = (-0.095997, 0.487056, 0.854428), p = (-0.095997, 0.487056, 0.854428)
Body 8812: orig = (-1.062405, 0.635656, -0.155521), p = (-1.062405, 0.635656, -0.155521)
Body 8813: orig = (1.085021, 0.649537, -0.144547), p = (1.085021, 0.649537, -0.144547)
Body 8814: orig = (1.118194, 0.129617, 0.473708), p = (1.118194, 0.129617, 0.473708)
Body 8815: orig = (0.741755, 0.723724, 0.504937), p = (0.741755, 0.723724, 0.504937)
Body 8816: orig = (0.572798, 0.354297, -0.004242), p = (0.572798, 0.354297, -0.004242)
Body 8817: orig = (1.316914, 0.320964, 0.514784), p = (1.316914, 0.320964, 0.514784)
Body 8818: orig = (0.413397, 1.558748, 0.605219), p = (0.413397, 1.558748, 0.605219)
Body 8819: orig = (0.910608, 0.559948, -0.127088), p = (0.910608, 0.559948, -0.127088)
Body 8820: orig = (0.407685, 0.558959, 0.078593), p = (0.407685, 0.558959, 0.078593)
Body 8821: orig = (0.498830, 0.131359, 0.680384), p = (0.498830, 0.131359, 0.680384)
Body 8822: orig = (-0.002093, 0.618008, 0.374449), p = (-0.002093, 0.618008, 0.374449)
Body 8823: orig = (0.742710, -0.048004, 0.446321), p = (0.742710, -0.048004, 0.446321)
Body 8824: orig = (-0.093436, 0.365987, 0.268837), p = (-0.093436, 0.365987, 0.268837)
Body 8825: orig = (0.400598, 0.547866, -0.439812), p = (0.400598, 0.547866, -0.439812)
Body 8826: orig = (0.197656, 0.235649, 0.313822), p = (0.197656, 0.235649, 0.313822)
Body 8827: orig = (-0.008417, 0.288526, 0.226458), p = (-0.008417, 0.288526, 0.226458)
Body 8828: orig = (0.998155, 0.769282, 0.803850), p = (0.998155, 0.769282, 0.803850)
Body 8829: orig = (-0.725569, -0.594556, -1.174094), p = (-0.725569, -0.594556, -1.174094)
Body 8830: orig = (1.033954, 0.438991, 0.265177), p = (1.033954, 0.438991, 0.265177)
Body 8831: orig = (0.048481, 0.535568, 0.645066), p = (0.048481, 0.535568, 0.645066)
Body 8832: orig = (0.051741, 0.321710, 0.659042), p = (0.051741, 0.321710, 0.659042)
Body 8833: orig = (-0.017429, -0.001751, 0.649129), p = (-0.017429, -0.001751, 0.649129)
Body 8834: orig = (0.843300, 0.583547, 0.039235), p = (0.843300, 0.583547, 0.039235)
Body 8835: orig = (1.262711, 0.567369, 0.398742), p = (1.262711, 0.567369, 0.398742)
Body 8836: orig = (0.025893, 0.900301, 0.358374), p = (0.025893, 0.900301, 0.358374)
Body 8837: orig = (0.587547, 0.478686, -0.315228), p = (0.587547, 0.478686, -0.315228)
Body 8838: orig = (0.730286, 0.679673, -0.186543), p = (0.730286, 0.679673, -0.186543)
Body 8839: orig = (0.377855, 0.416447, 0.955861), p = (0.377855, 0.416447, 0.955861)
Body 8840: orig = (-0.047602, 0.124220, 0.475533), p = (-0.047602, 0.124220, 0.475533)
Body 8841: orig = (0.821248, -0.057876, 0.323089), p = (0.821248, -0.057876, 0.323089)
Body 8842: orig = (0.110400, 1.361700, 1.236939), p = (0.110400, 1.361700, 1.236939)
Body 8843: orig = (0.495187, 1.318246, 0.346489), p = (0.495187, 1.318246, 0.346489)
Body 8844: orig = (0.773372, 0.382025, 0.493861), p = (0.773372, 0.382025, 0.493861)
Body 8845: orig = (0.268770, 0.725268, 0.015137), p = (0.268770, 0.725268, 0.015137)
Body 8846: orig = (0.688646, 0.427074, 1.238341), p = (0.688646, 0.427074, 1.238341)
Body 8847: orig = (0.733160, 0.576630, -0.102364), p = (0.733160, 0.576630, -0.102364)
Body 8848: orig = (0.849103, 0.632939, -0.231510), p = (0.849103, 0.632939, -0.231510)
Body 8849: orig = (0.118053, 0.468151, 0.129862), p = (0.118053, 0.468151, 0.129862)
Body 8850: orig = (0.346719, -0.034186, 0.548119), p = (0.346719, -0.034186, 0.548119)
Body 8851: orig = (1.304357, 0.310238, 0.654185), p = (1.304357, 0.310238, 0.654185)
Body 8852: orig = (1.072270, 0.982340, 0.696101), p = (1.072270, 0.982340, 0.696101)
Body 8853: orig = (0.300466, 1.235440, 0.091909), p = (0.300466, 1.235440, 0.091909)
Body 8854: orig = (0.313418, -0.490914, 0.574419), p = (0.313418, -0.490914, 0.574419)
Body 8855: orig = (0.816156, 0.606104, 1.031789), p = (0.816156, 0.606104, 1.031789)
Body 8856: orig = (0.588517, -0.095541, 0.790750), p = (0.588517, -0.095541, 0.790750)
Body 8857: orig = (0.232177, 1.057542, 0.215784), p = (0.232177, 1.057542, 0.215784)
Body 8858: orig = (0.784284, 0.492518, 0.828662), p = (0.784284, 0.492518, 0.828662)
Body 8859: orig = (0.873478, 0.608354, 0.229943), p = (0.873478, 0.608354, 0.229943)
Body 8860: orig = (0.253794, 0.822367, 0.519185), p = (0.253794, 0.822367, 0.519185)
Body 8861: orig = (-0.042000, 0.008654, 0.654233), p = (-0.042000, 0.008654, 0.654233)
Body 8862: orig = (0.408195, 0.399789, -0.301172), p = (0.408195, 0.399789, -0.301172)
Body 8863: orig = (-0.319782, 2.335773, 1.045601), p = (-0.319782, 2.335773, 1.045601)
Body 8864: orig = (0.656403, 1.059189, -0.433259), p = (0.656403, 1.059189, -0.433259)
Body 8865: orig = (0.682021, 0.246035, 1.037196), p = (0.682021, 0.246035, 1.037196)
Body 8866: orig = (0.199920, 0.298078, 0.630173), p = (0.199920, 0.298078, 0.630173)
Body 8867: orig = (0.457791, 0.593866, 0.434104), p = (0.457791, 0.593866, 0.434104)
Body 8868: orig = (0.368859, 0.128546, 0.376271), p = (0.368859, 0.128546, 0.376271)
Body 8869: orig = (-0.084953, 0.867172, 0.720396), p = (-0.084953, 0.867172, 0.720396)
Body 8870: orig = (0.800013, 1.298952, 0.543039), p = (0.800013, 1.298952, 0.543039)
Body 8871: orig = (0.485258, 0.817941, 0.832714), p = (0.485258, 0.817941, 0.832714)
Body 8872: orig = (0.507614, 0.979019, 1.020590), p = (0.507614, 0.979019, 1.020590)
Body 8873: orig = (0.532228, 0.629855, 0.010049), p = (0.532228, 0.629855, 0.010049)
Body 8874: orig = (0.511650, 0.292772, 1.392969), p = (0.511650, 0.292772, 1.392969)
Body 8875: orig = (0.665542, 0.031713, 0.864955), p = (0.665542, 0.031713, 0.864955)
Body 8876: orig = (0.834847, 0.800032, 0.176126), p = (0.834847, 0.800032, 0.176126)
Body 8877: orig = (0.486787, 0.200844, 0.763390), p = (0.486787, 0.200844, 0.763390)
Body 8878: orig = (0.744769, 0.120885, 0.363168), p = (0.744769, 0.120885, 0.363168)
Body 8879: orig = (-0.150322, 0.570306, 0.799993), p = (-0.150322, 0.570306, 0.799993)
Body 8880: orig = (0.146319, 1.217808, 0.304326), p = (0.146319, 1.217808, 0.304326)
Body 8881: orig = (0.412205, -0.009924, 0.117110), p = (0.412205, -0.009924, 0.117110)
Body 8882: orig = (0.168434, 0.399263, 0.165529), p = (0.168434, 0.399263, 0.165529)
Body 8883: orig = (0.565104, 0.664177, 0.831011), p = (0.565104, 0.664177, 0.831011)
Body 8884: orig = (0.420216, 0.481458, 1.405924), p = (0.420216, 0.481458, 1.405924)
Body 8885: orig = (0.608798, 0.257926, 0.768325), p = (0.608798, 0.257926, 0.768325)
Body 8886: orig = (0.134923, 0.862586, 0.664893), p = (0.134923, 0.862586, 0.664893)
Body 8887: orig = (0.681914, 0.414947, 1.304165), p = (0.681914, 0.414947, 1.304165)
Body 8888: orig = (1.450577, 0.530864, 0.720678), p = (1.450577, 0.530864, 0.720678)
Body 8889: orig = (0.289036, 0.160396, 0.344401), p = (0.289036, 0.160396, 0.344401)
Body 8890: orig = (0.313497, -0.062745, 0.665560), p = (0.313497, -0.062745, 0.665560)
Body 8891: orig = (0.440844, 0.875729, 1.056075), p = (0.440844, 0.875729, 1.056075)
Body 8892: orig = (0.501291, 0.479047, -0.343824), p = (0.501291, 0.479047, -0.343824)
Body 8893: orig = (0.471828, 0.760282, -0.115988), p = (0.471828, 0.760282, -0.115988)
Body 8894: orig = (0.408657, 0.621917, -0.363675), p = (0.408657, 0.621917, -0.363675)
Body 8895: orig = (0.608529, 0.241772, 1.387619), p = (0.608529, 0.241772, 1.387619)
Body 8896: orig = (0.637070, -2.476029, 3.866726), p = (0.637070, -2.476029, 3.866726)
Body 8897: orig = (0.267927, 0.283302, 0.706566), p = (0.267927, 0.283302, 0.706566)
Body 8898: orig = (0.137103, 0.581386, 1.164217), p = (0.137103, 0.581386, 1.164217)
Body 8899: orig = (1.442336, 0.590324, 0.512330), p = (1.442336, 0.590324, 0.512330)
Body 8900: orig = (0.279494, 0.789843, 0.926213), p = (0.279494, 0.789843, 0.926213)
Body 8901: orig = (0.389190, 1.596594, 0.495936), p = (0.389190, 1.596594, 0.495936)
Body 8902: orig = (0.387294, 0.455128, 1.432222), p = (0.387294, 0.455128, 1.432222)
Body 8903: orig = (0.149446, 1.254843, 0.522159), p = (0.149446, 1.254843, 0.522159)
Body 8904: orig = (1.293869, 0.320293, 0.354131), p = (1.293869, 0.320293, 0.354131)
Body 8905: orig = (-6.163733, 4.082302, 1.441330), p = (-6.163733, 4.082302, 1.441330)
Body 8906: orig = (0.528950, 0.717518, -0.212203), p = (0.528950, 0.717518, -0.212203)
Body 8907: orig = (1.030988, 0.603065, 0.761443), p = (1.030988, 0.603065, 0.761443)
Body 8908: orig = (-0.046866, 0.466654, 0.231214), p = (-0.046866, 0.466654, 0.231214)
Body 8909: orig = (0.273208, 0.283352, 1.288814), p = (0.273208, 0.283352, 1.288814)
Body 8910: orig = (0.480767, 0.080659, 1.212500), p = (0.480767, 0.080659, 1.212500)
Body 8911: orig = (0.349186, 0.955460, 0.788903), p = (0.349186, 0.955460, 0.788903)
Body 8912: orig = (-0.040278, 0.615856, 0.922306), p = (-0.040278, 0.615856, 0.922306)
Body 8913: orig = (1.193047, 0.345218, 0.683050), p = (1.193047, 0.345218, 0.683050)
Body 8914: orig = (0.485920, 0.008087, 0.894012), p = (0.485920, 0.008087, 0.894012)
Body 8915: orig = (-0.135548, 0.358477, 0.755591), p = (-0.135548, 0.358477, 0.755591)
Body 8916: orig = (0.487141, 0.147164, 0.598156), p = (0.487141, 0.147164, 0.598156)
Body 8917: orig = (0.060574, 0.511963, 1.164624), p = (0.060574, 0.511963, 1.164624)
Body 8918: orig = (1.144757, 0.344780, 0.566614), p = (1.144757, 0.344780, 0.566614)
Body 8919: orig = (0.239690, -0.154630, 0.343299), p = (0.239690, -0.154630, 0.343299)
Body 8920: orig = (-0.013668, -0.425316, 0.354359), p = (-0.013668, -0.425316, 0.354359)
Body 8921: orig = (0.752207, 0.724411, 0.079723), p = (0.752207, 0.724411, 0.079723)
Body 8922: orig = (-0.265336, 0.432605, 0.469799), p = (-0.265336, 0.432605, 0.469799)
Body 8923: orig = (0.099336, 0.815593, 0.190237), p = (0.099336, 0.815593, 0.190237)
Body 8924: orig = (0.076821, 0.180384, 0.247194), p = (0.076821, 0.180384, 0.247194)
Body 8925: orig = (0.459253, -0.048039, 0.542898), p = (0.459253, -0.048039, 0.542898)
Body 8926: orig = (0.494397, 0.492313, -0.205047), p = (0.494397, 0.492313, -0.205047)
Body 8927: orig = (-0.308922, -0.139273, 0.628313), p = (-0.308922, -0.139273, 0.628313)
Body 8928: orig = (-0.007500, 0.427640, 0.599831), p = (-0.007500, 0.427640, 0.599831)
Body 8929: orig = (-0.171421, 0.695264, 0.402963), p = (-0.171421, 0.695264, 0.402963)
Body 8930: orig = (0.951585, 0.467078, 0.042318), p = (0.951585, 0.467078, 0.042318)
Body 8931: orig = (0.413835, 0.182755, 0.304173), p = (0.413835, 0.182755, 0.304173)
Body 8932: orig = (0.418114, 0.098336, 0.983970), p = (0.418114, 0.098336, 0.983970)
Body 8933: orig = (0.138370, 0.560587, 1.150227), p = (0.138370, 0.560587, 1.150227)
Body 8934: orig = (0.716350, 1.031771, 0.930546), p = (0.716350, 1.031771, 0.930546)
Body 8935: orig = (0.439472, 0.187957, 0.338086), p = (0.439472, 0.187957, 0.338086)
Body 8936: orig = (0.149306, 0.819753, 1.314055), p = (0.149306, 0.819753, 1.314055)
Body 8937: orig = (-0.076219, 0.609333, -0.055640), p = (-0.076219, 0.609333, -0.055640)
Body 8938: orig = (-0.153912, 0.703339, 0.814041), p = (-0.153912, 0.703339, 0.814041)
Body 8939: orig = (0.507981, 0.446055, 0.671443), p = (0.507981, 0.446055, 0.671443)
Body 8940: orig = (0.020408, 0.182658, 0.229236), p = (0.020408, 0.182658, 0.229236)
Body 8941: orig = (0.027191, 0.649978, 0.875079), p = (0.027191, 0.649978, 0.875079)
Body 8942: orig = (0.489581, 0.923750, 0.813911), p = (0.489581, 0.923750, 0.813911)
Body 8943: orig = (-0.076058, 0.392208, 0.221121), p = (-0.076058, 0.392208, 0.221121)
Body 8944: orig = (0.127092, 0.067628, 0.524825), p = (0.127092, 0.067628, 0.524825)
Body 8945: orig = (1.304820, 0.183388, 0.061286), p = (1.304820, 0.183388, 0.061286)
Body 8946: orig = (1.441730, -0.417113, -2.216889), p = (1.441730, -0.417113, -2.216889)
Body 8947: orig = (0.585471, -0.152857, 0.654866), p = (0.585471, -0.152857, 0.654866)
Body 8948: orig = (0.574457, 0.319751, -0.179359), p = (0.574457, 0.319751, -0.179359)
Body 8949: orig = (0.496743, 0.800442, 0.005156), p = (0.496743, 0.800442, 0.005156)
Body 8950: orig = (0.238189, 0.707596, 0.927746), p = (0.238189, 0.707596, 0.927746)
Body 8951: orig = (1.080366, 0.514110, 0.777770), p = (1.080366, 0.514110, 0.777770)
Body 8952: orig = (1.251883, 0.361649, 0.617943), p = (1.251883, 0.361649, 0.617943)
Body 8953: orig = (1.037929, 0.156561, 0.722532), p = (1.037929, 0.156561, 0.722532)
Body 8954: orig = (0.759989, 0.526389, 0.477448), p = (0.759989, 0.526389, 0.477448)
Body 8955: orig = (0.669336, 0.583445, 0.076069), p = (0.669336, 0.583445, 0.076069)
Body 8956: orig = (0.153897, 0.681385, 0.008006), p = (0.153897, 0.681385, 0.008006)
Body 8957: orig = (0.348411, 0.979454, 0.490440), p = (0.348411, 0.979454, 0.490440)
Body 8958: orig = (0.541777, 0.710242, -0.157733), p = (0.541777, 0.710242, -0.157733)
Body 8959: orig = (0.235205, 0.210360, 0.408360), p = (0.235205, 0.210360, 0.408360)
Body 8960: orig = (0.754950, 0.784535, 0.779100), p = (0.754950, 0.784535, 0.779100)
Body 8961: orig = (0.628043, -0.332905, 0.609207), p = (0.628043, -0.332905, 0.609207)
Body 8962: orig = (0.350355, -0.097655, 0.292802), p = (0.350355, -0.097655, 0.292802)
Body 8963: orig = (-0.065848, 0.426298, 0.510974), p = (-0.065848, 0.426298, 0.510974)
Body 8964: orig = (0.221960, 0.570521, 0.077978), p = (0.221960, 0.570521, 0.077978)
Body 8965: orig = (0.646154, 0.805139, 0.366707), p = (0.646154, 0.805139, 0.366707)
Body 8966: orig = (0.057096, 0.402842, 0.678582), p = (0.057096, 0.402842, 0.678582)
Body 8967: orig = (-0.667340, 0.376717, 0.212714), p = (-0.667340, 0.376717, 0.212714)
Body 8968: orig = (0.019642, 0.685542, 0.235790), p = (0.019642, 0.685542, 0.235790)
Body 8969: orig = (1.366093, 0.463702, 0.450377), p = (1.366093, 0.463702, 0.450377)
Body 8970: orig = (0.791666, 0.375431, 0.994960), p = (0.791666, 0.375431, 0.994960)
Body 8971: orig = (-0.132148, 0.575044, 0.872528), p = (-0.132148, 0.575044, 0.872528)
Body 8972: orig = (0.335142, 0.704213, -0.104186), p = (0.335142, 0.704213, -0.104186)
Body 8973: orig = (0.382452, 0.306669, 0.454800), p = (0.382452, 0.306669, 0.454800)
Body 8974: orig = (1.111501, 0.646675, 0.362387), p = (1.111501, 0.646675, 0.362387)
Body 8975: orig = (0.035866, 0.545965, 0.287272), p = (0.035866, 0.545965, 0.287272)
Body 8976: orig = (0.443772, 0.099408, 0.630297), p = (0.443772, 0.099408, 0.630297)
Body 8977: orig = (0.526730, -0.119389, 0.224062), p = (0.526730, -0.119389, 0.224062)
Body 8978: orig = (1.105411, 1.295618, 0.720993), p = (1.105411, 1.295618, 0.720993)
Body 8979: orig = (0.051268, 0.696384, 0.206141), p = (0.051268, 0.696384, 0.206141)
Body 8980: orig = (-0.171867, 0.103892, 0.737903), p = (-0.171867, 0.103892, 0.737903)
Body 8981: orig = (1.159118, 0.150936, 0.703885), p = (1.159118, 0.150936, 0.703885)
Body 8982: orig = (-0.206082, 0.306217, 0.057360), p = (-0.206082, 0.306217, 0.057360)
Body 8983: orig = (0.157016, 0.389952, 0.858954), p = (0.157016, 0.389952, 0.858954)
Body 8984: orig = (0.772299, 0.550393, 0.865979), p = (0.772299, 0.550393, 0.865979)
Body 8985: orig = (0.138245, 0.559055, 0.790141), p = (0.138245, 0.559055, 0.790141)
Body 8986: orig = (-0.260176, 0.267807, 0.296083), p = (-0.260176, 0.267807, 0.296083)
Body 8987: orig = (0.660054, 1.198737, 0.470692), p = (0.660054, 1.198737, 0.470692)
Body 8988: orig = (0.361375, 0.590050, 0.835423), p = (0.361375, 0.590050, 0.835423)
Body 8989: orig = (0.936801, -0.161374, 0.176446), p = (0.936801, -0.161374, 0.176446)
Body 8990: orig = (1.058269, 0.241446, 0.934561), p = (1.058269, 0.241446, 0.934561)
Body 8991: orig = (0.000592, 0.679545, 0.313759), p = (0.000592, 0.679545, 0.313759)
Body 8992: orig = (1.011568, 0.048673, 0.536872), p = (1.011568, 0.048673, 0.536872)
Body 8993: orig = (0.152815, 0.240405, -0.009103), p = (0.152815, 0.240405, -0.009103)
Body 8994: orig = (0.992351, 0.802300, 0.317197), p = (0.992351, 0.802300, 0.317197)
Body 8995: orig = (0.369879, 0.174557, 0.421360), p = (0.369879, 0.174557, 0.421360)
Body 8996: orig = (0.092832, 0.714017, 0.413080), p = (0.092832, 0.714017, 0.413080)
Body 8997: orig = (0.516492, 0.866943, 1.102685), p = (0.516492, 0.866943, 1.102685)
Body 8998: orig = (0.611316, 0.575239, 1.329460), p = (0.611316, 0.575239, 1.329460)
Body 8999: orig = (0.633152, 0.604066, 1.357265), p = (0.633152, 0.604066, 1.357265)
Body 9000: orig = (-0.306905, 0.562289, 0.632098), p = (-0.306905, 0.562289, 0.632098)
Body 9001: orig = (0.116040, 0.282857, 0.080751), p = (0.116040, 0.282857, 0.080751)
Body 9002: orig = (1.251407, 0.437144, 0.786293), p = (1.251407, 0.437144, 0.786293)
Body 9003: orig = (0.198230, 0.737275, -0.032388), p = (0.198230, 0.737275, -0.032388)
Body 9004: orig = (0.782015, 0.252892, 1.535825), p = (0.782015, 0.252892, 1.535825)
Body 9005: orig = (0.128377, 0.932421, 0.311982), p = (0.128377, 0.932421, 0.311982)
Body 9006: orig = (0.548094, 0.408415, 1.464030), p = (0.548094, 0.408415, 1.464030)
Body 9007: orig = (1.206755, 0.648395, 0.193597), p = (1.206755, 0.648395, 0.193597)
Body 9008: orig = (-0.340339, 0.584370, 0.614179), p = (-0.340339, 0.584370, 0.614179)
Body 9009: orig = (0.194477, 0.986087, 0.657862), p = (0.194477, 0.986087, 0.657862)
Body 9010: orig = (0.912745, 1.032545, 0.326937), p = (0.912745, 1.032545, 0.326937)
Body 9011: orig = (0.330496, 0.796789, 0.222895), p = (0.330496, 0.796789, 0.222895)
Body 9012: orig = (0.329271, 1.133533, 0.637974), p = (0.329271, 1.133533, 0.637974)
Body 9013: orig = (0.290716, 0.523609, -0.268044), p = (0.290716, 0.523609, -0.268044)
Body 9014: orig = (0.030634, 1.499806, 1.864626), p = (0.030634, 1.499806, 1.864626)
Body 9015: orig = (0.839093, 0.703451, 0.740426), p = (0.839093, 0.703451, 0.740426)
Body 9016: orig = (0.513054, 0.762343, 1.252266), p = (0.513054, 0.762343, 1.252266)
Body 9017: orig = (1.715910, 0.938176, 0.493892), p = (1.715910, 0.938176, 0.493892)
Body 9018: orig = (0.129977, 0.766939, 0.328921), p = (0.129977, 0.766939, 0.328921)
Body 9019: orig = (0.415213, 0.780530, 1.310072), p = (0.415213, 0.780530, 1.310072)
Body 9020: orig = (1.161655, 0.748681, 0.088114), p = (1.161655, 0.748681, 0.088114)
Body 9021: orig = (-0.414180, 0.277010, 0.808598), p = (-0.414180, 0.277010, 0.808598)
Body 9022: orig = (0.548131, 1.319453, 0.568176), p = (0.548131, 1.319453, 0.568176)
Body 9023: orig = (0.375835, 0.103323, 0.175041), p = (0.375835, 0.103323, 0.175041)
Body 9024: orig = (0.000204, 0.380228, 0.698186), p = (0.000204, 0.380228, 0.698186)
Body 9025: orig = (0.555731, 0.354487, -0.303495), p = (0.555731, 0.354487, -0.303495)
Body 9026: orig = (0.463264, 0.108933, 1.035855), p = (0.463264, 0.108933, 1.035855)
Body 9027: orig = (0.899418, 0.002957, 0.433908), p = (0.899418, 0.002957, 0.433908)
Body 9028: orig = (0.179324, 0.633050, 0.921181), p = (0.179324, 0.633050, 0.921181)
Body 9029: orig = (1.105131, 0.123823, 0.365696), p = (1.105131, 0.123823, 0.365696)
Body 9030: orig = (0.416231, -0.385963, 0.635087), p = (0.416231, -0.385963, 0.635087)
Body 9031: orig = (0.662335, 0.677083, -0.593495), p = (0.662335, 0.677083, -0.593495)
Body 9032: orig = (0.794022, 0.743175, 0.843797), p = (0.794022, 0.743175, 0.843797)
Body 9033: orig = (0.878222, 0.097375, 0.414186), p = (0.878222, 0.097375, 0.414186)
Body 9034: orig = (0.239468, 0.806434, 0.046363), p = (0.239468, 0.806434, 0.046363)
Body 9035: orig = (0.671362, 0.249952, 1.358709), p = (0.671362, 0.249952, 1.358709)
Body 9036: orig = (1.079332, 0.290056, 0.313642), p = (1.079332, 0.290056, 0.313642)
Body 9037: orig = (0.306515, 1.423943, 0.351617), p = (0.306515, 1.423943, 0.351617)
Body 9038: orig = (0.863656, 0.492723, 0.276219), p = (0.863656, 0.492723, 0.276219)
Body 9039: orig = (-0.127199, 0.681000, 0.649189), p = (-0.127199, 0.681000, 0.649189)
Body 9040: orig = (-0.292418, 0.510266, 0.276234), p = (-0.292418, 0.510266, 0.276234)
Body 9041: orig = (0.200017, 0.480355, -0.132594), p = (0.200017, 0.480355, -0.132594)
Body 9042: orig = (1.198422, 0.378246, 0.791842), p = (1.198422, 0.378246, 0.791842)
Body 9043: orig = (1.049730, 0.425142, 0.183850), p = (1.049730, 0.425142, 0.183850)
Body 9044: orig = (0.310672, 0.059237, 0.639591), p = (0.310672, 0.059237, 0.639591)
Body 9045: orig = (0.170232, 0.531154, -0.293355), p = (0.170232, 0.531154, -0.293355)
Body 9046: orig = (0.307407, 0.400040, 0.105089), p = (0.307407, 0.400040, 0.105089)
Body 9047: orig = (0.598095, 0.225999, -0.039884), p = (0.598095, 0.225999, -0.039884)
Body 9048: orig = (0.442991, 0.728486, 0.022935), p = (0.442991, 0.728486, 0.022935)
Body 9049: orig = (1.175871, 0.413362, 0.555837), p = (1.175871, 0.413362, 0.555837)
Body 9050: orig = (0.757011, 0.543227, -0.359297), p = (0.757011, 0.543227, -0.359297)
Body 9051: orig = (0.127408, 0.228600, 0.337874), p = (0.127408, 0.228600, 0.337874)
Body 9052: orig = (0.403394, 0.855473, 0.492112), p = (0.403394, 0.855473, 0.492112)
Body 9053: orig = (-0.194542, 0.799532, 0.398572), p = (-0.194542, 0.799532, 0.398572)
Body 9054: orig = (0.742389, 0.084621, 0.243352), p = (0.742389, 0.084621, 0.243352)
Body 9055: orig = (0.131838, 0.710868, 0.113479), p = (0.131838, 0.710868, 0.113479)
Body 9056: orig = (0.610703, 0.505211, 1.072865), p = (0.610703, 0.505211, 1.072865)
Body 9057: orig = (0.969044, 0.003259, 0.508015), p = (0.969044, 0.003259, 0.508015)
Body 9058: orig = (0.433360, 0.770159, 0.358107), p = (0.433360, 0.770159, 0.358107)
Body 9059: orig = (-0.092708, 0.731241, 0.439389), p = (-0.092708, 0.731241, 0.439389)
Body 9060: orig = (0.894183, 0.633598, 0.589250), p = (0.894183, 0.633598, 0.589250)
Body 9061: orig = (0.589886, 0.789875, 0.389724), p = (0.589886, 0.789875, 0.389724)
Body 9062: orig = (0.730227, 0.445628, 0.150683), p = (0.730227, 0.445628, 0.150683)
Body 9063: orig = (0.629825, -0.442055, 0.631282), p = (0.629825, -0.442055, 0.631282)
Body 9064: orig = (-0.120649, 0.585293, 0.845827), p = (-0.120649, 0.585293, 0.845827)
Body 9065: orig = (0.261917, 0.490264, -0.460769), p = (0.261917, 0.490264, -0.460769)
Body 9066: orig = (0.978774, 0.619535, 1.012264), p = (0.978774, 0.619535, 1.012264)
Body 9067: orig = (0.915651, 0.048977, 0.921363), p = (0.915651, 0.048977, 0.921363)
Body 9068: orig = (0.445552, 0.286143, -0.340700), p = (0.445552, 0.286143, -0.340700)
Body 9069: orig = (-0.088024, 0.755125, 0.517423), p = (-0.088024, 0.755125, 0.517423)
Body 9070: orig = (-0.519869, 0.552284, 0.501715), p = (-0.519869, 0.552284, 0.501715)
Body 9071: orig = (0.646260, 0.900322, 1.339882), p = (0.646260, 0.900322, 1.339882)
Body 9072: orig = (1.413159, 0.631179, 0.287640), p = (1.413159, 0.631179, 0.287640)
Body 9073: orig = (0.869463, 0.444491, 0.199743), p = (0.869463, 0.444491, 0.199743)
Body 9074: orig = (0.793515, 0.327694, 1.219828), p = (0.793515, 0.327694, 1.219828)
Body 9075: orig = (0.538395, 1.118870, 0.731179), p = (0.538395, 1.118870, 0.731179)
Body 9076: orig = (0.433162, 0.660792, -0.246313), p = (0.433162, 0.660792, -0.246313)
Body 9077: orig = (1.047041, -0.012910, 0.544666), p = (1.047041, -0.012910, 0.544666)
Body 9078: orig = (0.200298, 0.482000, 1.021961), p = (0.200298, 0.482000, 1.021961)
Body 9079: orig = (-0.130383, 0.086290, -0.518711), p = (-0.130383, 0.086290, -0.518711)
Body 9080: orig = (0.549578, 0.298328, 0.510111), p = (0.549578, 0.298328, 0.510111)
Body 9081: orig = (0.746081, 1.047541, 0.740322), p = (0.746081, 1.047541, 0.740322)
Body 9082: orig = (0.037128, 0.228763, 0.394840), p = (0.037128, 0.228763, 0.394840)
Body 9083: orig = (0.182637, 0.433212, 0.777668), p = (0.182637, 0.433212, 0.777668)
Body 9084: orig = (0.665652, 0.743722, 0.659752), p = (0.665652, 0.743722, 0.659752)
Body 9085: orig = (0.110632, 0.350701, -0.186808), p = (0.110632, 0.350701, -0.186808)
Body 9086: orig = (0.552372, 0.802512, 1.028838), p = (0.552372, 0.802512, 1.028838)
Body 9087: orig = (-0.238569, 0.353523, 0.446210), p = (-0.238569, 0.353523, 0.446210)
Body 9088: orig = (0.275653, 0.498039, 0.463210), p = (0.275653, 0.498039, 0.463210)
Body 9089: orig = (0.215399, 0.627343, 0.033579), p = (0.215399, 0.627343, 0.033579)
Body 9090: orig = (0.522454, 0.144027, 0.584955), p = (0.522454, 0.144027, 0.584955)
Body 9091: orig = (0.442073, 0.602152, 1.148487), p = (0.442073, 0.602152, 1.148487)
Body 9092: orig = (0.302548, 0.342523, 0.036000), p = (0.302548, 0.342523, 0.036000)
Body 9093: orig = (-0.197757, 0.804407, 0.417575), p = (-0.197757, 0.804407, 0.417575)
Body 9094: orig = (0.517365, 0.269241, 0.864309), p = (0.517365, 0.269241, 0.864309)
Body 9095: orig = (0.387434, 0.298722, 1.046620), p = (0.387434, 0.298722, 1.046620)
Body 9096: orig = (1.288334, 0.302026, 0.034462), p = (1.288334, 0.302026, 0.034462)
Body 9097: orig = (-0.018318, 0.339155, 0.464801), p = (-0.018318, 0.339155, 0.464801)
Body 9098: orig = (0.963500, 0.449420, 0.402330), p = (0.963500, 0.449420, 0.402330)
Body 9099: orig = (0.627039, 0.632817, 0.131951), p = (0.627039, 0.632817, 0.131951)
Body 9100: orig = (0.884215, 0.365166, 0.246252), p = (0.884215, 0.365166, 0.246252)
Body 9101: orig = (0.479093, 1.216068, 0.423480), p = (0.479093, 1.216068, 0.423480)
Body 9102: orig = (0.487840, 0.433091, 1.032404), p = (0.487840, 0.433091, 1.032404)
Body 9103: orig = (1.432844, 0.587635, 0.443701), p = (1.432844, 0.587635, 0.443701)
Body 9104: orig = (0.804541, 0.848868, 0.976644), p = (0.804541, 0.848868, 0.976644)
Body 9105: orig = (0.393218, 0.736845, 0.832122), p = (0.393218, 0.736845, 0.832122)
Body 9106: orig = (0.259518, -0.065805, 0.171736), p = (0.259518, -0.065805, 0.171736)
Body 9107: orig = (0.932444, 0.473604, -0.105568), p = (0.932444, 0.473604, -0.105568)
Body 9108: orig = (0.219697, 0.621175, 0.033010), p = (0.219697, 0.621175, 0.033010)
Body 9109: orig = (0.847105, 1.060744, 0.450301), p = (0.847105, 1.060744, 0.450301)
Body 9110: orig = (0.950525, 0.291287, 0.570739), p = (0.950525, 0.291287, 0.570739)
Body 9111: orig = (0.722870, 0.563873, 0.926112), p = (0.722870, 0.563873, 0.926112)
Body 9112: orig = (0.590988, 0.234355, 0.669969), p = (0.590988, 0.234355, 0.669969)
Body 9113: orig = (6.214223, 1.063571, 1.565393), p = (6.214223, 1.063571, 1.565393)
Body 9114: orig = (0.905321, 0.765231, 0.303627), p = (0.905321, 0.765231, 0.303627)
Body 9115: orig = (1.052816, 0.745444, 0.629175), p = (1.052816, 0.745444, 0.629175)
Body 9116: orig = (0.847463, 0.416106, 0.961971), p = (0.847463, 0.416106, 0.961971)
Body 9117: orig = (0.574523, 0.749780, 0.817281), p = (0.574523, 0.749780, 0.817281)
Body 9118: orig = (1.096381, 0.297968, 0.618367), p = (1.096381, 0.297968, 0.618367)
Body 9119: orig = (0.999011, 0.152786, 0.753792), p = (0.999011, 0.152786, 0.753792)
Body 9120: orig = (0.277735, 0.302198, 0.420877), p = (0.277735, 0.302198, 0.420877)
Body 9121: orig = (0.742939, 1.342635, 0.457216), p = (0.742939, 1.342635, 0.457216)
Body 9122: orig = (0.119693, 1.568605, 0.633144), p = (0.119693, 1.568605, 0.633144)
Body 9123: orig = (0.520443, -0.191705, 0.763427), p = (0.520443, -0.191705, 0.763427)
Body 9124: orig = (-0.505144, 1.617707, 1.609306), p = (-0.505144, 1.617707, 1.609306)
Body 9125: orig = (1.014271, 1.103240, 0.722946), p = (1.014271, 1.103240, 0.722946)
Body 9126: orig = (0.509410, -0.679131, 1.926025), p = (0.509410, -0.679131, 1.926025)
Body 9127: orig = (0.640156, -0.273213, 0.665712), p = (0.640156, -0.273213, 0.665712)
Body 9128: orig = (0.866129, 0.305768, 0.352874), p = (0.866129, 0.305768, 0.352874)
Body 9129: orig = (0.452037, -0.035256, 0.488070), p = (0.452037, -0.035256, 0.488070)
Body 9130: orig = (-0.375861, 0.399159, 0.363578), p = (-0.375861, 0.399159, 0.363578)
Body 9131: orig = (0.837186, 0.252168, 0.380222), p = (0.837186, 0.252168, 0.380222)
Body 9132: orig = (0.284356, 0.246453, -0.521930), p = (0.284356, 0.246453, -0.521930)
Body 9133: orig = (0.286485, 1.099420, 0.755774), p = (0.286485, 1.099420, 0.755774)
Body 9134: orig = (0.216986, -0.060186, 0.738334), p = (0.216986, -0.060186, 0.738334)
Body 9135: orig = (1.309358, 0.162814, 0.393348), p = (1.309358, 0.162814, 0.393348)
Body 9136: orig = (0.312795, 0.490578, 1.275022), p = (0.312795, 0.490578, 1.275022)
Body 9137: orig = (0.255627, -0.252996, 0.639873), p = (0.255627, -0.252996, 0.639873)
Body 9138: orig = (0.328682, -0.046822, 0.160356), p = (0.328682, -0.046822, 0.160356)
Body 9139: orig = (-0.010282, 0.593870, 0.529851), p = (-0.010282, 0.593870, 0.529851)
Body 9140: orig = (0.118038, 0.856167, 1.119487), p = (0.118038, 0.856167, 1.119487)
Body 9141: orig = (0.138905, 0.332456, 0.078514), p = (0.138905, 0.332456, 0.078514)
Body 9142: orig = (0.214031, 1.167531, 0.227896), p = (0.214031, 1.167531, 0.227896)
Body 9143: orig = (0.820778, 1.063248, 0.624313), p = (0.820778, 1.063248, 0.624313)
Body 9144: orig = (0.687292, -0.173159, 0.491214), p = (0.687292, -0.173159, 0.491214)
Body 9145: orig = (-0.173888, 0.348241, 0.397103), p = (-0.173888, 0.348241, 0.397103)
Body 9146: orig = (0.790921, -0.126155, 0.293255), p = (0.790921, -0.126155, 0.293255)
Body 9147: orig = (0.381324, -0.413061, 0.631234), p = (0.381324, -0.413061, 0.631234)
Body 9148: orig = (0.046643, 0.605077, 0.185537), p = (0.046643, 0.605077, 0.185537)
Body 9149: orig = (0.708930, -0.051280, 0.293351), p = (0.708930, -0.051280, 0.293351)
Body 9150: orig = (0.272108, 0.281256, 0.902462), p = (0.272108, 0.281256, 0.902462)
Body 9151: orig = (0.867007, 0.028110, 0.852801), p = (0.867007, 0.028110, 0.852801)
Body 9152: orig = (0.724954, 0.960021, 0.680552), p = (0.724954, 0.960021, 0.680552)
Body 9153: orig = (0.877466, -0.085820, 0.970607), p = (0.877466, -0.085820, 0.970607)
Body 9154: orig = (0.661907, 0.367052, 1.100948), p = (0.661907, 0.367052, 1.100948)
Body 9155: orig = (0.456217, 0.878054, 0.842279), p = (0.456217, 0.878054, 0.842279)
Body 9156: orig = (0.948112, 0.560311, 0.569369), p = (0.948112, 0.560311, 0.569369)
Body 9157: orig = (0.436200, -0.085167, 0.235763), p = (0.436200, -0.085167, 0.235763)
Body 9158: orig = (0.634618, -0.224919, 0.346837), p = (0.634618, -0.224919, 0.346837)
Body 9159: orig = (0.037655, 0.688766, 0.768448), p = (0.037655, 0.688766, 0.768448)
Body 9160: orig = (0.233038, 0.485262, 0.253518), p = (0.233038, 0.485262, 0.253518)
Body 9161: orig = (0.631005, 0.480176, 0.969339), p = (0.631005, 0.480176, 0.969339)
Body 9162: orig = (0.544468, 1.105326, 0.339475), p = (0.544468, 1.105326, 0.339475)
Body 9163: orig = (1.020637, 0.001553, 0.678149), p = (1.020637, 0.001553, 0.678149)
Body 9164: orig = (0.750589, 0.559861, 1.136264), p = (0.750589, 0.559861, 1.136264)
Body 9165: orig = (1.269651, 0.566740, 0.427987), p = (1.269651, 0.566740, 0.427987)
Body 9166: orig = (0.300626, -0.335501, 0.495362), p = (0.300626, -0.335501, 0.495362)
Body 9167: orig = (0.515265, 1.208726, 0.480186), p = (0.515265, 1.208726, 0.480186)
Body 9168: orig = (0.051749, -0.050799, 0.553614), p = (0.051749, -0.050799, 0.553614)
Body 9169: orig = (0.382913, 0.304050, 0.429813), p = (0.382913, 0.304050, 0.429813)
Body 9170: orig = (0.785784, 1.263486, 0.583468), p = (0.785784, 1.263486, 0.583468)
Body 9171: orig = (0.440019, 0.304962, 0.950128), p = (0.440019, 0.304962, 0.950128)
Body 9172: orig = (0.720025, -0.232844, 0.234925), p = (0.720025, -0.232844, 0.234925)
Body 9173: orig = (0.484691, 0.684730, 0.080376), p = (0.484691, 0.684730, 0.080376)
Body 9174: orig = (0.595247, 1.017714, 0.886826), p = (0.595247, 1.017714, 0.886826)
Body 9175: orig = (0.566615, 0.763643, 0.337377), p = (0.566615, 0.763643, 0.337377)
Body 9176: orig = (0.566926, -0.046867, 0.791748), p = (0.566926, -0.046867, 0.791748)
Body 9177: orig = (0.999157, 0.351838, 0.662646), p = (0.999157, 0.351838, 0.662646)
Body 9178: orig = (0.900362, -0.020128, 1.372719), p = (0.900362, -0.020128, 1.372719)
Body 9179: orig = (0.342393, 0.266189, 0.262089), p = (0.342393, 0.266189, 0.262089)
Body 9180: orig = (0.813861, -0.095014, 0.581732), p = (0.813861, -0.095014, 0.581732)
Body 9181: orig = (0.423422, 0.403842, 0.956143), p = (0.423422, 0.403842, 0.956143)
Body 9182: orig = (0.966293, 0.042282, 0.903968), p = (0.966293, 0.042282, 0.903968)
Body 9183: orig = (0.447231, 0.718790, -0.023660), p = (0.447231, 0.718790, -0.023660)
Body 9184: orig = (0.291440, 1.279008, 0.784246), p = (0.291440, 1.279008, 0.784246)
Body 9185: orig = (0.367006, 0.471840, -0.271389), p = (0.367006, 0.471840, -0.271389)
Body 9186: orig = (0.522380, 0.918950, 0.883582), p = (0.522380, 0.918950, 0.883582)
Body 9187: orig = (0.511990, 0.338875, 0.611023), p = (0.511990, 0.338875, 0.611023)
Body 9188: orig = (0.351760, 0.330904, 0.032569), p = (0.351760, 0.330904, 0.032569)
Body 9189: orig = (0.016730, 0.184273, 0.525891), p = (0.016730, 0.184273, 0.525891)
Body 9190: orig = (0.425246, 0.317824, 1.370684), p = (0.425246, 0.317824, 1.370684)
Body 9191: orig = (1.032218, 0.530541, 0.948403), p = (1.032218, 0.530541, 0.948403)
Body 9192: orig = (0.451145, -0.532293, 0.534264), p = (0.451145, -0.532293, 0.534264)
Body 9193: orig = (0.362210, 0.223111, 0.690781), p = (0.362210, 0.223111, 0.690781)
Body 9194: orig = (0.503567, 0.038049, 0.893457), p = (0.503567, 0.038049, 0.893457)
Body 9195: orig = (0.638057, 0.846887, 0.494975), p = (0.638057, 0.846887, 0.494975)
Body 9196: orig = (0.558464, -0.368270, 0.329883), p = (0.558464, -0.368270, 0.329883)
Body 9197: orig = (0.689978, 1.059782, 0.444700), p = (0.689978, 1.059782, 0.444700)
Body 9198: orig = (0.451423, 0.191964, 0.218834), p = (0.451423, 0.191964, 0.218834)
Body 9199: orig = (0.404718, 0.750954, 0.077903), p = (0.404718, 0.750954, 0.077903)
Body 9200: orig = (1.392650, 0.578188, 0.533364), p = (1.392650, 0.578188, 0.533364)
Body 9201: orig = (0.756553, 0.411089, 0.539652), p = (0.756553, 0.411089, 0.539652)
Body 9202: orig = (0.496616, 1.053797, 0.339572), p = (0.496616, 1.053797, 0.339572)
Body 9203: orig = (0.488368, 0.886347, 0.073879), p = (0.488368, 0.886347, 0.073879)
Body 9204: orig = (0.999371, 0.994022, 0.508959), p = (0.999371, 0.994022, 0.508959)
Body 9205: orig = (0.474586, -0.369282, 0.629379), p = (0.474586, -0.369282, 0.629379)
Body 9206: orig = (0.081940, 0.204374, 1.130114), p = (0.081940, 0.204374, 1.130114)
Body 9207: orig = (-0.166304, 0.678117, 0.995934), p = (-0.166304, 0.678117, 0.995934)
Body 9208: orig = (0.393892, 0.792931, -0.073562), p = (0.393892, 0.792931, -0.073562)
Body 9209: orig = (0.556765, 0.551065, 1.356803), p = (0.556765, 0.551065, 1.356803)
Body 9210: orig = (0.556504, 0.292776, -0.107061), p = (0.556504, 0.292776, -0.107061)
Body 9211: orig = (0.340980, 0.519295, 0.235520), p = (0.340980, 0.519295, 0.235520)
Body 9212: orig = (1.178126, 0.381563, 0.813824), p = (1.178126, 0.381563, 0.813824)
Body 9213: orig = (0.517837, 0.555300, 0.145773), p = (0.517837, 0.555300, 0.145773)
Body 9214: orig = (-0.330129, 0.491923, 0.570436), p = (-0.330129, 0.491923, 0.570436)
Body 9215: orig = (0.813674, 1.011858, 0.203601), p = (0.813674, 1.011858, 0.203601)
Body 9216: orig = (0.482812, 0.923436, 1.225897), p = (0.482812, 0.923436, 1.225897)
Body 9217: orig = (1.283064, 0.412375, 0.548641), p = (1.283064, 0.412375, 0.548641)
Body 9218: orig = (0.451746, 0.769345, 0.619092), p = (0.451746, 0.769345, 0.619092)
Body 9219: orig = (0.384994, 0.586875, 1.301334), p = (0.384994, 0.586875, 1.301334)
Body 9220: orig = (0.159962, 0.528278, 0.458760), p = (0.159962, 0.528278, 0.458760)
Body 9221: orig = (0.647468, -0.169464, 0.727913), p = (0.647468, -0.169464, 0.727913)
Body 9222: orig = (0.582072, 0.552212, 0.961613), p = (0.582072, 0.552212, 0.961613)
Body 9223: orig = (1.343507, 0.272001, 0.579366), p = (1.343507, 0.272001, 0.579366)
Body 9224: orig = (0.710331, 1.238625, 0.474385), p = (0.710331, 1.238625, 0.474385)
Body 9225: orig = (0.311402, 0.618180, -0.127036), p = (0.311402, 0.618180, -0.127036)
Body 9226: orig = (0.734799, 0.085331, 0.994787), p = (0.734799, 0.085331, 0.994787)
Body 9227: orig = (0.319447, 0.034958, 0.444661), p = (0.319447, 0.034958, 0.444661)
Body 9228: orig = (0.052941, 0.362739, 0.267159), p = (0.052941, 0.362739, 0.267159)
Body 9229: orig = (1.328275, 0.504950, 0.756800), p = (1.328275, 0.504950, 0.756800)
Body 9230: orig = (0.289272, 0.071794, -0.099986), p = (0.289272, 0.071794, -0.099986)
Body 9231: orig = (0.240203, 0.718305, 0.119594), p = (0.240203, 0.718305, 0.119594)
Body 9232: orig = (0.430617, 0.180718, 0.894421), p = (0.430617, 0.180718, 0.894421)
Body 9233: orig = (0.810151, 1.033393, -0.284152), p = (0.810151, 1.033393, -0.284152)
Body 9234: orig = (0.811376, 0.561683, 0.989393), p = (0.811376, 0.561683, 0.989393)
Body 9235: orig = (-0.347443, 0.458053, 0.716908), p = (-0.347443, 0.458053, 0.716908)
Body 9236: orig = (0.633353, 0.074546, 0.402212), p = (0.633353, 0.074546, 0.402212)
Body 9237: orig = (0.575914, 0.567333, 1.258237), p = (0.575914, 0.567333, 1.258237)
Body 9238: orig = (0.529446, 1.188371, 0.355520), p = (0.529446, 1.188371, 0.355520)
Body 9239: orig = (0.476716, 0.934910, 0.293101), p = (0.476716, 0.934910, 0.293101)
Body 9240: orig = (0.296621, 0.964594, 0.482255), p = (0.296621, 0.964594, 0.482255)
Body 9241: orig = (1.353657, 0.326917, 0.484543), p = (1.353657, 0.326917, 0.484543)
Body 9242: orig = (0.416363, 0.893122, 0.380057), p = (0.416363, 0.893122, 0.380057)
Body 9243: orig = (0.659075, 0.627026, 1.297122), p = (0.659075, 0.627026, 1.297122)
Body 9244: orig = (-0.267710, 1.194297, 1.483773), p = (-0.267710, 1.194297, 1.483773)
Body 9245: orig = (0.305379, 0.582040, 0.209365), p = (0.305379, 0.582040, 0.209365)
Body 9246: orig = (0.821382, 0.275951, 0.330169), p = (0.821382, 0.275951, 0.330169)
Body 9247: orig = (-0.326834, 0.567606, 0.309045), p = (-0.326834, 0.567606, 0.309045)
Body 9248: orig = (0.662266, 0.594809, 1.293666), p = (0.662266, 0.594809, 1.293666)
Body 9249: orig = (-0.117317, 0.661725, 0.350820), p = (-0.117317, 0.661725, 0.350820)
Body 9250: orig = (0.629480, 0.103999, -0.126430), p = (0.629480, 0.103999, -0.126430)
Body 9251: orig = (0.444454, 1.258863, 0.788030), p = (0.444454, 1.258863, 0.788030)
Body 9252: orig = (0.590904, -0.033652, 0.423947), p = (0.590904, -0.033652, 0.423947)
Body 9253: orig = (0.377458, 0.666176, 1.362697), p = (0.377458, 0.666176, 1.362697)
Body 9254: orig = (1.379021, 0.505453, 0.228370), p = (1.379021, 0.505453, 0.228370)
Body 9255: orig = (0.443451, -0.011283, 0.418118), p = (0.443451, -0.011283, 0.418118)
Body 9256: orig = (-0.245843, 0.714772, 0.389664), p = (-0.245843, 0.714772, 0.389664)
Body 9257: orig = (0.332868, 0.164799, 0.472598), p = (0.332868, 0.164799, 0.472598)
Body 9258: orig = (1.041248, 0.263993, -0.049977), p = (1.041248, 0.263993, -0.049977)
Body 9259: orig = (0.257191, 0.780859, 0.230294), p = (0.257191, 0.780859, 0.230294)
Body 9260: orig = (0.430848, 0.618007, 0.408892), p = (0.430848, 0.618007, 0.408892)
Body 9261: orig = (0.057772, 0.688383, 0.565807), p = (0.057772, 0.688383, 0.565807)
Body 9262: orig = (0.728477, 1.256673, 0.504719), p = (0.728477, 1.256673, 0.504719)
Body 9263: orig = (0.261357, 0.311279, 0.290473), p = (0.261357, 0.311279, 0.290473)
Body 9264: orig = (1.908119, 0.271295, 1.312503), p = (1.908119, 0.271295, 1.312503)
Body 9265: orig = (0.507873, -0.300537, 1.114976), p = (0.507873, -0.300537, 1.114976)
Body 9266: orig = (0.800729, 0.433610, -0.024026), p = (0.800729, 0.433610, -0.024026)
Body 9267: orig = (0.539433, -0.002516, 0.099087), p = (0.539433, -0.002516, 0.099087)
Body 9268: orig = (0.845563, -0.132288, 0.422344), p = (0.845563, -0.132288, 0.422344)
Body 9269: orig = (0.527308, 0.332472, 1.133672), p = (0.527308, 0.332472, 1.133672)
Body 9270: orig = (0.712630, 0.687624, 0.279292), p = (0.712630, 0.687624, 0.279292)
Body 9271: orig = (0.281528, 0.522061, -0.420595), p = (0.281528, 0.522061, -0.420595)
Body 9272: orig = (0.469699, -0.124822, 0.667146), p = (0.469699, -0.124822, 0.667146)
Body 9273: orig = (0.634116, 0.867304, -0.033510), p = (0.634116, 0.867304, -0.033510)
Body 9274: orig = (0.740705, -0.069059, 0.195970), p = (0.740705, -0.069059, 0.195970)
Body 9275: orig = (-0.004262, 0.333052, 1.082920), p = (-0.004262, 0.333052, 1.082920)
Body 9276: orig = (0.268135, 0.450427, 0.811011), p = (0.268135, 0.450427, 0.811011)
Body 9277: orig = (0.873698, 0.456007, 0.255905), p = (0.873698, 0.456007, 0.255905)
Body 9278: orig = (0.894460, 0.741187, 0.902615), p = (0.894460, 0.741187, 0.902615)
Body 9279: orig = (1.245540, 0.352179, 0.507286), p = (1.245540, 0.352179, 0.507286)
Body 9280: orig = (0.505654, 0.628039, 1.332406), p = (0.505654, 0.628039, 1.332406)
Body 9281: orig = (0.857475, 0.971415, 0.282367), p = (0.857475, 0.971415, 0.282367)
Body 9282: orig = (0.556880, 0.167430, 1.063693), p = (0.556880, 0.167430, 1.063693)
Body 9283: orig = (0.643558, -0.302887, 0.533582), p = (0.643558, -0.302887, 0.533582)
Body 9284: orig = (0.541988, 0.667869, 1.476379), p = (0.541988, 0.667869, 1.476379)
Body 9285: orig = (-0.276931, 0.372564, 0.489975), p = (-0.276931, 0.372564, 0.489975)
Body 9286: orig = (0.615015, 0.835307, -0.131462), p = (0.615015, 0.835307, -0.131462)
Body 9287: orig = (-0.029313, 0.534473, 0.382614), p = (-0.029313, 0.534473, 0.382614)
Body 9288: orig = (-0.191775, 0.133062, 0.818285), p = (-0.191775, 0.133062, 0.818285)
Body 9289: orig = (0.143609, 0.951746, 0.572002), p = (0.143609, 0.951746, 0.572002)
Body 9290: orig = (1.296162, 0.292531, 0.737615), p = (1.296162, 0.292531, 0.737615)
Body 9291: orig = (0.361733, 0.400858, 1.114342), p = (0.361733, 0.400858, 1.114342)
Body 9292: orig = (0.532952, -0.604516, 1.154128), p = (0.532952, -0.604516, 1.154128)
Body 9293: orig = (0.870314, 0.520846, 0.358362), p = (0.870314, 0.520846, 0.358362)
Body 9294: orig = (0.096834, 0.448264, 0.943927), p = (0.096834, 0.448264, 0.943927)
Body 9295: orig = (-0.160303, 0.751456, 0.199119), p = (-0.160303, 0.751456, 0.199119)
Body 9296: orig = (0.798676, 0.611056, -0.074300), p = (0.798676, 0.611056, -0.074300)
Body 9297: orig = (0.350448, 0.061413, 0.555133), p = (0.350448, 0.061413, 0.555133)
Body 9298: orig = (0.523099, 0.575712, 0.660321), p = (0.523099, 0.575712, 0.660321)
Body 9299: orig = (0.599128, 0.286626, 0.279778), p = (0.599128, 0.286626, 0.279778)
Body 9300: orig = (0.486305, -0.029170, 0.914217), p = (0.486305, -0.029170, 0.914217)
Body 9301: orig = (0.929253, 0.050819, 0.713510), p = (0.929253, 0.050819, 0.713510)
Body 9302: orig = (-2.866245, -0.712405, 4.682109), p = (-2.866245, -0.712405, 4.682109)
Body 9303: orig = (1.187533, 0.145257, 0.174614), p = (1.187533, 0.145257, 0.174614)
Body 9304: orig = (0.267589, 0.397066, 0.883948), p = (0.267589, 0.397066, 0.883948)
Body 9305: orig = (1.106353, 0.540672, 0.886144), p = (1.106353, 0.540672, 0.886144)
Body 9306: orig = (1.099763, 0.683394, 0.100855), p = (1.099763, 0.683394, 0.100855)
Body 9307: orig = (0.348433, 1.163221, 0.682059), p = (0.348433, 1.163221, 0.682059)
Body 9308: orig = (0.321018, 0.461328, -0.548132), p = (0.321018, 0.461328, -0.548132)
Body 9309: orig = (-0.347271, 0.339812, 0.468780), p = (-0.347271, 0.339812, 0.468780)
Body 9310: orig = (0.819150, -0.011937, 0.480662), p = (0.819150, -0.011937, 0.480662)
Body 9311: orig = (0.091256, 0.298085, 0.923921), p = (0.091256, 0.298085, 0.923921)
Body 9312: orig = (0.715900, 0.945409, 0.704114), p = (0.715900, 0.945409, 0.704114)
Body 9313: orig = (0.332064, 0.290310, -0.358636), p = (0.332064, 0.290310, -0.358636)
Body 9314: orig = (0.435911, 0.298854, 0.760729), p = (0.435911, 0.298854, 0.760729)
Body 9315: orig = (0.127693, 0.047049, 0.688017), p = (0.127693, 0.047049, 0.688017)
Body 9316: orig = (1.025103, 0.332230, 0.478403), p = (1.025103, 0.332230, 0.478403)
Body 9317: orig = (0.729964, 0.167814, 0.862884), p = (0.729964, 0.167814, 0.862884)
Body 9318: orig = (0.216923, 0.685952, 0.037827), p = (0.216923, 0.685952, 0.037827)
Body 9319: orig = (0.549618, -0.149862, 0.465669), p = (0.549618, -0.149862, 0.465669)
Body 9320: orig = (0.693581, 0.664362, 0.680413), p = (0.693581, 0.664362, 0.680413)
Body 9321: orig = (0.591113, 0.787870, 0.631568), p = (0.591113, 0.787870, 0.631568)
Body 9322: orig = (0.076947, -0.050696, 0.546179), p = (0.076947, -0.050696, 0.546179)
Body 9323: orig = (-0.265553, 0.623451, 0.756218), p = (-0.265553, 0.623451, 0.756218)
Body 9324: orig = (0.848692, 1.022323, 0.060519), p = (0.848692, 1.022323, 0.060519)
Body 9325: orig = (0.135515, -0.082367, 0.814940), p = (0.135515, -0.082367, 0.814940)
Body 9326: orig = (0.698214, 0.682340, -0.030577), p = (0.698214, 0.682340, -0.030577)
Body 9327: orig = (0.317786, 0.406749, 0.095887), p = (0.317786, 0.406749, 0.095887)
Body 9328: orig = (0.624334, 0.638944, 0.054838), p = (0.624334, 0.638944, 0.054838)
Body 9329: orig = (0.524015, 0.770680, 0.848481), p = (0.524015, 0.770680, 0.848481)
Body 9330: orig = (0.663945, -0.014411, 0.634560), p = (0.663945, -0.014411, 0.634560)
Body 9331: orig = (-0.184735, 0.345481, 0.409335), p = (-0.184735, 0.345481, 0.409335)
Body 9332: orig = (0.487934, 0.753941, -0.292975), p = (0.487934, 0.753941, -0.292975)
Body 9333: orig = (0.394864, 0.896848, 0.969148), p = (0.394864, 0.896848, 0.969148)
Body 9334: orig = (0.190150, 0.691135, 1.018171), p = (0.190150, 0.691135, 1.018171)
Body 9335: orig = (1.135085, 0.379709, 1.459799), p = (1.135085, 0.379709, 1.459799)
Body 9336: orig = (-0.026958, 0.257308, 0.812839), p = (-0.026958, 0.257308, 0.812839)
Body 9337: orig = (1.244542, 0.562597, 0.889524), p = (1.244542, 0.562597, 0.889524)
Body 9338: orig = (0.691403, -0.068659, 0.792828), p = (0.691403, -0.068659, 0.792828)
Body 9339: orig = (0.237634, 0.060510, 0.539601), p = (0.237634, 0.060510, 0.539601)
Body 9340: orig = (0.455699, 0.604773, 0.461941), p = (0.455699, 0.604773, 0.461941)
Body 9341: orig = (0.309163, -0.104281, 0.460342), p = (0.309163, -0.104281, 0.460342)
Body 9342: orig = (0.250176, 0.391344, 0.827645), p = (0.250176, 0.391344, 0.827645)
Body 9343: orig = (-0.187504, 0.232164, 0.689399), p = (-0.187504, 0.232164, 0.689399)
Body 9344: orig = (1.093321, 0.021982, 0.853827), p = (1.093321, 0.021982, 0.853827)
Body 9345: orig = (0.509102, 0.565886, 1.495066), p = (0.509102, 0.565886, 1.495066)
Body 9346: orig = (0.194470, -0.305858, 0.521659), p = (0.194470, -0.305858, 0.521659)
Body 9347: orig = (-0.333878, 0.378458, 0.176201), p = (-0.333878, 0.378458, 0.176201)
Body 9348: orig = (0.436274, -0.451720, 0.453022), p = (0.436274, -0.451720, 0.453022)
Body 9349: orig = (0.599003, 0.503398, 0.514229), p = (0.599003, 0.503398, 0.514229)
Body 9350: orig = (0.380562, 0.616126, -0.025123), p = (0.380562, 0.616126, -0.025123)
Body 9351: orig = (0.629871, 0.043358, 0.281615), p = (0.629871, 0.043358, 0.281615)
Body 9352: orig = (0.033977, 0.467533, 0.062088), p = (0.033977, 0.467533, 0.062088)
Body 9353: orig = (-0.201404, 0.713851, 0.526258), p = (-0.201404, 0.713851, 0.526258)
Body 9354: orig = (0.978681, 0.453631, 0.505703), p = (0.978681, 0.453631, 0.505703)
Body 9355: orig = (0.310187, 0.852849, 0.930111), p = (0.310187, 0.852849, 0.930111)
Body 9356: orig = (-0.145837, 0.269613, 0.679949), p = (-0.145837, 0.269613, 0.679949)
Body 9357: orig = (0.584895, 0.589794, 0.567818), p = (0.584895, 0.589794, 0.567818)
Body 9358: orig = (0.613014, 0.761338, 0.753263), p = (0.613014, 0.761338, 0.753263)
Body 9359: orig = (0.310730, 0.862283, 0.227213), p = (0.310730, 0.862283, 0.227213)
Body 9360: orig = (0.213125, 0.735526, 1.106844), p = (0.213125, 0.735526, 1.106844)
Body 9361: orig = (0.715770, 0.748964, 0.271634), p = (0.715770, 0.748964, 0.271634)
Body 9362: orig = (0.741805, -0.083293, 0.347255), p = (0.741805, -0.083293, 0.347255)
Body 9363: orig = (0.454487, 0.179553, -0.113695), p = (0.454487, 0.179553, -0.113695)
Body 9364: orig = (-0.052346, 0.372640, 0.293951), p = (-0.052346, 0.372640, 0.293951)
Body 9365: orig = (0.412433, -0.107532, 0.784543), p = (0.412433, -0.107532, 0.784543)
Body 9366: orig = (0.853780, 0.551497, 0.149041), p = (0.853780, 0.551497, 0.149041)
Body 9367: orig = (0.714492, 0.665373, 1.081056), p = (0.714492, 0.665373, 1.081056)
Body 9368: orig = (-0.074111, 0.444087, 0.768115), p = (-0.074111, 0.444087, 0.768115)
Body 9369: orig = (0.155746, 0.367134, 0.327309), p = (0.155746, 0.367134, 0.327309)
Body 9370: orig = (0.614289, 0.674669, 0.408419), p = (0.614289, 0.674669, 0.408419)
Body 9371: orig = (0.404269, 0.357729, 0.333828), p = (0.404269, 0.357729, 0.333828)
Body 9372: orig = (0.463915, 0.504214, 1.075226), p = (0.463915, 0.504214, 1.075226)
Body 9373: orig = (1.547232, 0.423441, 0.525216), p = (1.547232, 0.423441, 0.525216)
Body 9374: orig = (-0.046528, 0.874722, 0.672309), p = (-0.046528, 0.874722, 0.672309)
Body 9375: orig = (0.306708, 1.259497, 0.496677), p = (0.306708, 1.259497, 0.496677)
Body 9376: orig = (0.471681, 0.329765, -0.223403), p = (0.471681, 0.329765, -0.223403)
Body 9377: orig = (0.832573, 0.330895, 0.468124), p = (0.832573, 0.330895, 0.468124)
Body 9378: orig = (0.363898, 0.557600, 0.491591), p = (0.363898, 0.557600, 0.491591)
Body 9379: orig = (0.364439, -0.246673, 0.462327), p = (0.364439, -0.246673, 0.462327)
Body 9380: orig = (-0.360748, 0.460906, 0.669271), p = (-0.360748, 0.460906, 0.669271)
Body 9381: orig = (0.377955, 1.272726, 0.428675), p = (0.377955, 1.272726, 0.428675)
Body 9382: orig = (0.290804, 0.428048, 1.292627), p = (0.290804, 0.428048, 1.292627)
Body 9383: orig = (1.454344, 0.478078, 0.407870), p = (1.454344, 0.478078, 0.407870)
Body 9384: orig = (0.496829, 0.746504, 0.428803), p = (0.496829, 0.746504, 0.428803)
Body 9385: orig = (1.188521, 0.579161, 1.108765), p = (1.188521, 0.579161, 1.108765)
Body 9386: orig = (0.291762, 1.256700, 0.387435), p = (0.291762, 1.256700, 0.387435)
Body 9387: orig = (0.322232, 0.377637, 0.752418), p = (0.322232, 0.377637, 0.752418)
Body 9388: orig = (0.338214, 1.464355, 0.568992), p = (0.338214, 1.464355, 0.568992)
Body 9389: orig = (1.185950, 0.335031, 0.566907), p = (1.185950, 0.335031, 0.566907)
Body 9390: orig = (0.610360, 0.686395, 0.922848), p = (0.610360, 0.686395, 0.922848)
Body 9391: orig = (0.210298, 0.300916, 0.016432), p = (0.210298, 0.300916, 0.016432)
Body 9392: orig = (0.649584, 0.590187, -0.211774), p = (0.649584, 0.590187, -0.211774)
Body 9393: orig = (0.634733, 0.535498, 0.510569), p = (0.634733, 0.535498, 0.510569)
Body 9394: orig = (0.218128, 0.621771, -0.203615), p = (0.218128, 0.621771, -0.203615)
Body 9395: orig = (0.531884, 0.608440, 0.071157), p = (0.531884, 0.608440, 0.071157)
Body 9396: orig = (0.930745, 1.001649, 0.521806), p = (0.930745, 1.001649, 0.521806)
Body 9397: orig = (0.780740, 0.788570, -0.211753), p = (0.780740, 0.788570, -0.211753)
Body 9398: orig = (0.772165, 0.089899, 0.442730), p = (0.772165, 0.089899, 0.442730)
Body 9399: orig = (-0.162933, 0.153249, -0.095921), p = (-0.162933, 0.153249, -0.095921)
Body 9400: orig = (0.258202, 0.204135, 0.887490), p = (0.258202, 0.204135, 0.887490)
Body 9401: orig = (0.689078, 0.140674, 0.872957), p = (0.689078, 0.140674, 0.872957)
Body 9402: orig = (0.544035, 1.518376, 0.147285), p = (0.544035, 1.518376, 0.147285)
Body 9403: orig = (0.255124, 0.597549, 0.236448), p = (0.255124, 0.597549, 0.236448)
Body 9404: orig = (0.008197, 0.936058, 0.758503), p = (0.008197, 0.936058, 0.758503)
Body 9405: orig = (-0.276945, 0.218341, 0.341197), p = (-0.276945, 0.218341, 0.341197)
Body 9406: orig = (0.394519, 1.695466, 0.337737), p = (0.394519, 1.695466, 0.337737)
Body 9407: orig = (0.260647, 0.685314, 1.112732), p = (0.260647, 0.685314, 1.112732)
Body 9408: orig = (1.063767, 0.290430, 0.661094), p = (1.063767, 0.290430, 0.661094)
Body 9409: orig = (1.520383, 0.438069, 0.756153), p = (1.520383, 0.438069, 0.756153)
Body 9410: orig = (0.477577, 0.911042, -0.038518), p = (0.477577, 0.911042, -0.038518)
Body 9411: orig = (0.607240, -0.214504, 0.631454), p = (0.607240, -0.214504, 0.631454)
Body 9412: orig = (0.904401, 0.105188, 0.532996), p = (0.904401, 0.105188, 0.532996)
Body 9413: orig = (-0.345948, 0.744441, 0.448414), p = (-0.345948, 0.744441, 0.448414)
Body 9414: orig = (0.605375, 0.617925, -0.140273), p = (0.605375, 0.617925, -0.140273)
Body 9415: orig = (1.484677, 1.008842, 0.439923), p = (1.484677, 1.008842, 0.439923)
Body 9416: orig = (0.162437, 1.026311, 0.448261), p = (0.162437, 1.026311, 0.448261)
Body 9417: orig = (0.475896, 0.878645, 1.078294), p = (0.475896, 0.878645, 1.078294)
Body 9418: orig = (0.258963, -0.156408, 0.460129), p = (0.258963, -0.156408, 0.460129)
Body 9419: orig = (0.570571, 0.672415, 1.096344), p = (0.570571, 0.672415, 1.096344)
Body 9420: orig = (1.157030, 0.546113, 0.023710), p = (1.157030, 0.546113, 0.023710)
Body 9421: orig = (0.352295, -0.105515, 0.296099), p = (0.352295, -0.105515, 0.296099)
Body 9422: orig = (0.677726, 0.512168, 1.339683), p = (0.677726, 0.512168, 1.339683)
Body 9423: orig = (0.488379, -0.289695, 0.417728), p = (0.488379, -0.289695, 0.417728)
Body 9424: orig = (0.535362, 0.029367, 0.996708), p = (0.535362, 0.029367, 0.996708)
Body 9425: orig = (0.258306, 0.510856, -0.416746), p = (0.258306, 0.510856, -0.416746)
Body 9426: orig = (0.913202, 0.723381, 0.476703), p = (0.913202, 0.723381, 0.476703)
Body 9427: orig = (0.396942, 0.639239, 1.375943), p = (0.396942, 0.639239, 1.375943)
Body 9428: orig = (0.561716, 0.213917, 0.092120), p = (0.561716, 0.213917, 0.092120)
Body 9429: orig = (0.307874, 0.871833, 0.088237), p = (0.307874, 0.871833, 0.088237)
Body 9430: orig = (-0.279761, 0.650046, 0.453963), p = (-0.279761, 0.650046, 0.453963)
Body 9431: orig = (0.663671, 0.454016, 0.667428), p = (0.663671, 0.454016, 0.667428)
Body 9432: orig = (1.080551, 0.536273, 0.065894), p = (1.080551, 0.536273, 0.065894)
Body 9433: orig = (0.440786, 0.653321, 0.468982), p = (0.440786, 0.653321, 0.468982)
Body 9434: orig = (0.534394, -0.038661, 0.844249), p = (0.534394, -0.038661, 0.844249)
Body 9435: orig = (-0.111101, 0.576909, 0.717683), p = (-0.111101, 0.576909, 0.717683)
Body 9436: orig = (0.646894, 1.347372, 0.392603), p = (0.646894, 1.347372, 0.392603)
Body 9437: orig = (0.858073, -0.014511, 0.506094), p = (0.858073, -0.014511, 0.506094)
Body 9438: orig = (-0.409516, 0.167284, 0.662998), p = (-0.409516, 0.167284, 0.662998)
Body 9439: orig = (0.589205, 0.613016, 0.688080), p = (0.589205, 0.613016, 0.688080)
Body 9440: orig = (-0.117730, 0.613373, 0.387706), p = (-0.117730, 0.613373, 0.387706)
Body 9441: orig = (0.319764, 0.615446, 0.311345), p = (0.319764, 0.615446, 0.311345)
Body 9442: orig = (1.017330, 1.160618, 0.591098), p = (1.017330, 1.160618, 0.591098)
Body 9443: orig = (0.622003, 0.655631, 0.601133), p = (0.622003, 0.655631, 0.601133)
Body 9444: orig = (0.572592, 1.001449, 0.826179), p = (0.572592, 1.001449, 0.826179)
Body 9445: orig = (0.028905, -0.048764, 0.776195), p = (0.028905, -0.048764, 0.776195)
Body 9446: orig = (0.454154, -0.139972, 0.705204), p = (0.454154, -0.139972, 0.705204)
Body 9447: orig = (0.330107, 0.327947, 1.026899), p = (0.330107, 0.327947, 1.026899)
Body 9448: orig = (-0.915705, -0.949787, 0.308011), p = (-0.915705, -0.949787, 0.308011)
Body 9449: orig = (0.188330, 0.501037, 1.192338), p = (0.188330, 0.501037, 1.192338)
Body 9450: orig = (0.173031, 0.633867, 1.039508), p = (0.173031, 0.633867, 1.039508)
Body 9451: orig = (0.677679, 0.706862, 0.012090), p = (0.677679, 0.706862, 0.012090)
Body 9452: orig = (0.584467, 0.957730, -0.048897), p = (0.584467, 0.957730, -0.048897)
Body 9453: orig = (1.392372, 0.602952, 0.745614), p = (1.392372, 0.602952, 0.745614)
Body 9454: orig = (0.884137, 0.658840, 0.805081), p = (0.884137, 0.658840, 0.805081)
Body 9455: orig = (0.497622, 0.680900, 1.286513), p = (0.497622, 0.680900, 1.286513)
Body 9456: orig = (0.816097, -0.021064, 0.386946), p = (0.816097, -0.021064, 0.386946)
Body 9457: orig = (0.684748, 0.946155, 0.386657), p = (0.684748, 0.946155, 0.386657)
Body 9458: orig = (0.608380, 0.049557, 0.757130), p = (0.608380, 0.049557, 0.757130)
Body 9459: orig = (0.826733, 1.006864, 0.084362), p = (0.826733, 1.006864, 0.084362)
Body 9460: orig = (0.678138, 1.289377, 0.554038), p = (0.678138, 1.289377, 0.554038)
Body 9461: orig = (-0.034849, 0.520429, 0.783301), p = (-0.034849, 0.520429, 0.783301)
Body 9462: orig = (0.366524, 1.203731, 0.202068), p = (0.366524, 1.203731, 0.202068)
Body 9463: orig = (1.129469, 0.140705, 0.653686), p = (1.129469, 0.140705, 0.653686)
Body 9464: orig = (0.432958, 0.548887, -0.403899), p = (0.432958, 0.548887, -0.403899)
Body 9465: orig = (0.302874, 0.691112, -0.155105), p = (0.302874, 0.691112, -0.155105)
Body 9466: orig = (0.529873, 0.666096, 0.742305), p = (0.529873, 0.666096, 0.742305)
Body 9467: orig = (0.695159, 0.486805, 0.244426), p = (0.695159, 0.486805, 0.244426)
Body 9468: orig = (0.335200, -0.168905, 0.138502), p = (0.335200, -0.168905, 0.138502)
Body 9469: orig = (1.029277, 0.167548, 0.933704), p = (1.029277, 0.167548, 0.933704)
Body 9470: orig = (0.435071, 0.457367, 1.284741), p = (0.435071, 0.457367, 1.284741)
Body 9471: orig = (0.392609, 1.297409, 0.435303), p = (0.392609, 1.297409, 0.435303)
Body 9472: orig = (1.119982, 1.230198, 0.184665), p = (1.119982, 1.230198, 0.184665)
Body 9473: orig = (0.693799, 1.282561, 0.783281), p = (0.693799, 1.282561, 0.783281)
Body 9474: orig = (0.496741, -0.198959, 0.303157), p = (0.496741, -0.198959, 0.303157)
Body 9475: orig = (-0.171033, 0.758454, 0.166272), p = (-0.171033, 0.758454, 0.166272)
Body 9476: orig = (0.151413, 0.602294, 0.811860), p = (0.151413, 0.602294, 0.811860)
Body 9477: orig = (0.423008, -0.339223, 0.391458), p = (0.423008, -0.339223, 0.391458)
Body 9478: orig = (0.312375, 0.285501, -0.020613), p = (0.312375, 0.285501, -0.020613)
Body 9479: orig = (0.911530, 0.372905, 0.497487), p = (0.911530, 0.372905, 0.497487)
Body 9480: orig = (0.302864, 1.177258, 0.185227), p = (0.302864, 1.177258, 0.185227)
Body 9481: orig = (0.584127, 0.440824, 0.691106), p = (0.584127, 0.440824, 0.691106)
Body 9482: orig = (0.129801, 0.281816, -0.018257), p = (0.129801, 0.281816, -0.018257)
Body 9483: orig = (0.085251, 0.092369, 0.815460), p = (0.085251, 0.092369, 0.815460)
Body 9484: orig = (0.835399, 1.028507, 0.244788), p = (0.835399, 1.028507, 0.244788)
Body 9485: orig = (1.168376, 0.849219, 0.455151), p = (1.168376, 0.849219, 0.455151)
Body 9486: orig = (0.186471, 1.062485, 0.652909), p = (0.186471, 1.062485, 0.652909)
Body 9487: orig = (0.547007, 0.352122, 0.685382), p = (0.547007, 0.352122, 0.685382)
Body 9488: orig = (0.486452, 0.836685, 0.483423), p = (0.486452, 0.836685, 0.483423)
Body 9489: orig = (1.457779, 1.671771, 0.206045), p = (1.457779, 1.671771, 0.206045)
Body 9490: orig = (0.354306, 0.457798, 1.068063), p = (0.354306, 0.457798, 1.068063)
Body 9491: orig = (0.393623, -0.184418, 0.287535), p = (0.393623, -0.184418, 0.287535)
Body 9492: orig = (1.014437, 0.310884, 0.390460), p = (1.014437, 0.310884, 0.390460)
Body 9493: orig = (-1.918246, -0.582144, 0.964654), p = (-1.918246, -0.582144, 0.964654)
Body 9494: orig = (0.333379, 0.755738, 0.115652), p = (0.333379, 0.755738, 0.115652)
Body 9495: orig = (0.527859, 0.283030, 0.857083), p = (0.527859, 0.283030, 0.857083)
Body 9496: orig = (-0.166512, 0.569560, 0.285066), p = (-0.166512, 0.569560, 0.285066)
Body 9497: orig = (0.290576, 0.793753, 0.756090), p = (0.290576, 0.793753, 0.756090)
Body 9498: orig = (0.100782, 0.541795, 0.165997), p = (0.100782, 0.541795, 0.165997)
Body 9499: orig = (0.517118, 0.325972, -0.033350), p = (0.517118, 0.325972, -0.033350)
Body 9500: orig = (1.131332, 1.042279, 0.538071), p = (1.131332, 1.042279, 0.538071)
Body 9501: orig = (0.197819, 1.132650, 0.544303), p = (0.197819, 1.132650, 0.544303)
Body 9502: orig = (1.053931, 0.542993, 0.317393), p = (1.053931, 0.542993, 0.317393)
Body 9503: orig = (0.743097, 0.396410, 0.961616), p = (0.743097, 0.396410, 0.961616)
Body 9504: orig = (-0.320611, 0.561910, 0.349295), p = (-0.320611, 0.561910, 0.349295)
Body 9505: orig = (0.964150, 0.381010, 0.324430), p = (0.964150, 0.381010, 0.324430)
Body 9506: orig = (0.790159, 0.812193, 0.523341), p = (0.790159, 0.812193, 0.523341)
Body 9507: orig = (0.854893, 0.916039, 0.432348), p = (0.854893, 0.916039, 0.432348)
Body 9508: orig = (0.357608, 0.372789, 0.965477), p = (0.357608, 0.372789, 0.965477)
Body 9509: orig = (1.114789, 0.618424, 0.236383), p = (1.114789, 0.618424, 0.236383)
Body 9510: orig = (0.572184, 0.516317, 0.460642), p = (0.572184, 0.516317, 0.460642)
Body 9511: orig = (-0.016404, 0.348092, 0.890053), p = (-0.016404, 0.348092, 0.890053)
Body 9512: orig = (0.201134, 0.510217, 0.716585), p = (0.201134, 0.510217, 0.716585)
Body 9513: orig = (0.342061, 0.464966, 0.243353), p = (0.342061, 0.464966, 0.243353)
Body 9514: orig = (0.568767, 1.356779, 0.450969), p = (0.568767, 1.356779, 0.450969)
Body 9515: orig = (0.301534, 1.099890, 0.821033), p = (0.301534, 1.099890, 0.821033)
Body 9516: orig = (0.322858, 0.549870, 1.243601), p = (0.322858, 0.549870, 1.243601)
Body 9517: orig = (0.036206, 0.723723, 0.509357), p = (0.036206, 0.723723, 0.509357)
Body 9518: orig = (0.893202, 0.963943, 0.240594), p = (0.893202, 0.963943, 0.240594)
Body 9519: orig = (1.062435, 0.352006, 0.430784), p = (1.062435, 0.352006, 0.430784)
Body 9520: orig = (-0.206275, 0.506813, 0.143282), p = (-0.206275, 0.506813, 0.143282)
Body 9521: orig = (0.458686, 0.267260, 0.119893), p = (0.458686, 0.267260, 0.119893)
Body 9522: orig = (0.617622, -0.138547, 0.574904), p = (0.617622, -0.138547, 0.574904)
Body 9523: orig = (0.477131, 0.796652, 1.112293), p = (0.477131, 0.796652, 1.112293)
Body 9524: orig = (0.696806, 0.240690, 0.623993), p = (0.696806, 0.240690, 0.623993)
Body 9525: orig = (0.732513, 0.975385, 0.516688), p = (0.732513, 0.975385, 0.516688)
Body 9526: orig = (0.625189, 0.658624, -0.076954), p = (0.625189, 0.658624, -0.076954)
Body 9527: orig = (0.384033, 1.177459, 0.057823), p = (0.384033, 1.177459, 0.057823)
Body 9528: orig = (0.409269, 0.062170, 0.048946), p = (0.409269, 0.062170, 0.048946)
Body 9529: orig = (0.273166, 0.753046, -0.196452), p = (0.273166, 0.753046, -0.196452)
Body 9530: orig = (0.580251, 0.115453, 0.868562), p = (0.580251, 0.115453, 0.868562)
Body 9531: orig = (0.975157, 0.681927, 1.360573), p = (0.975157, 0.681927, 1.360573)
Body 9532: orig = (0.717252, -0.140050, 0.798827), p = (0.717252, -0.140050, 0.798827)
Body 9533: orig = (-0.024569, 0.227978, 0.436273), p = (-0.024569, 0.227978, 0.436273)
Body 9534: orig = (0.557930, -0.103017, 0.584512), p = (0.557930, -0.103017, 0.584512)
Body 9535: orig = (0.071858, 0.795754, 0.697757), p = (0.071858, 0.795754, 0.697757)
Body 9536: orig = (0.307520, 0.648355, 0.335630), p = (0.307520, 0.648355, 0.335630)
Body 9537: orig = (0.378973, 1.021965, 0.853119), p = (0.378973, 1.021965, 0.853119)
Body 9538: orig = (-0.073120, 0.292447, 0.546389), p = (-0.073120, 0.292447, 0.546389)
Body 9539: orig = (0.539464, 0.037868, 1.759728), p = (0.539464, 0.037868, 1.759728)
Body 9540: orig = (0.221266, 0.229410, -0.231531), p = (0.221266, 0.229410, -0.231531)
Body 9541: orig = (0.308803, 0.620899, 0.366777), p = (0.308803, 0.620899, 0.366777)
Body 9542: orig = (0.043402, 1.008547, 0.421398), p = (0.043402, 1.008547, 0.421398)
Body 9543: orig = (0.634086, 0.401171, -0.316174), p = (0.634086, 0.401171, -0.316174)
Body 9544: orig = (0.493937, 1.019054, 0.738709), p = (0.493937, 1.019054, 0.738709)
Body 9545: orig = (-0.024000, -0.075928, 0.110024), p = (-0.024000, -0.075928, 0.110024)
Body 9546: orig = (0.256395, 0.403126, 0.982478), p = (0.256395, 0.403126, 0.982478)
Body 9547: orig = (0.615454, 0.862554, -0.334760), p = (0.615454, 0.862554, -0.334760)
Body 9548: orig = (0.511388, 0.262169, -0.267697), p = (0.511388, 0.262169, -0.267697)
Body 9549: orig = (0.542906, 0.840865, 1.015459), p = (0.542906, 0.840865, 1.015459)
Body 9550: orig = (0.802690, 0.098444, 0.782623), p = (0.802690, 0.098444, 0.782623)
Body 9551: orig = (1.025211, 0.315336, 0.549912), p = (1.025211, 0.315336, 0.549912)
Body 9552: orig = (0.029718, 1.420225, 0.272545), p = (0.029718, 1.420225, 0.272545)
Body 9553: orig = (0.684139, 0.511979, 0.699221), p = (0.684139, 0.511979, 0.699221)
Body 9554: orig = (1.366232, 0.567782, 0.732686), p = (1.366232, 0.567782, 0.732686)
Body 9555: orig = (0.129428, 0.735948, 0.333387), p = (0.129428, 0.735948, 0.333387)
Body 9556: orig = (0.042082, -0.130370, 0.597350), p = (0.042082, -0.130370, 0.597350)
Body 9557: orig = (1.010386, 0.506271, 0.372570), p = (1.010386, 0.506271, 0.372570)
Body 9558: orig = (1.240916, 0.871556, 0.243379), p = (1.240916, 0.871556, 0.243379)
Body 9559: orig = (0.671974, -0.203452, 0.819633), p = (0.671974, -0.203452, 0.819633)
Body 9560: orig = (-0.217143, 0.405591, 0.746928), p = (-0.217143, 0.405591, 0.746928)
Body 9561: orig = (0.128841, 0.550029, 1.097376), p = (0.128841, 0.550029, 1.097376)
Body 9562: orig = (-0.336750, 0.496632, 0.573337), p = (-0.336750, 0.496632, 0.573337)
Body 9563: orig = (-0.075871, 0.505774, 0.926824), p = (-0.075871, 0.505774, 0.926824)
Body 9564: orig = (0.557297, 0.638297, 0.523922), p = (0.557297, 0.638297, 0.523922)
Body 9565: orig = (0.709852, 0.594677, 0.131706), p = (0.709852, 0.594677, 0.131706)
Body 9566: orig = (0.429066, 0.632671, 0.326320), p = (0.429066, 0.632671, 0.326320)
Body 9567: orig = (0.574984, 0.300652, -0.356426), p = (0.574984, 0.300652, -0.356426)
Body 9568: orig = (0.745156, 1.618141, 0.699862), p = (0.745156, 1.618141, 0.699862)
Body 9569: orig = (0.703101, 0.828709, 0.750876), p = (0.703101, 0.828709, 0.750876)
Body 9570: orig = (1.097789, 0.585967, 0.070345), p = (1.097789, 0.585967, 0.070345)
Body 9571: orig = (0.727266, -0.096561, -0.036573), p = (0.727266, -0.096561, -0.036573)
Body 9572: orig = (0.241486, 0.536887, 0.420591), p = (0.241486, 0.536887, 0.420591)
Body 9573: orig = (0.886786, 0.674230, 0.352602), p = (0.886786, 0.674230, 0.352602)
Body 9574: orig = (-0.292053, 0.395304, 0.825213), p = (-0.292053, 0.395304, 0.825213)
Body 9575: orig = (-0.483147, 0.545435, 0.230709), p = (-0.483147, 0.545435, 0.230709)
Body 9576: orig = (0.462069, 0.767889, 0.522917), p = (0.462069, 0.767889, 0.522917)
Body 9577: orig = (0.893120, -0.250743, 0.642429), p = (0.893120, -0.250743, 0.642429)
Body 9578: orig = (0.529210, 0.388198, -0.448582), p = (0.529210, 0.388198, -0.448582)
Body 9579: orig = (0.741529, 0.729317, 0.328069), p = (0.741529, 0.729317, 0.328069)
Body 9580: orig = (0.509028, 0.684880, -0.301231), p = (0.509028, 0.684880, -0.301231)
Body 9581: orig = (0.235647, 0.828915, 1.116460), p = (0.235647, 0.828915, 1.116460)
Body 9582: orig = (0.481940, 0.395808, 1.230543), p = (0.481940, 0.395808, 1.230543)
Body 9583: orig = (0.385655, 0.631912, 1.157376), p = (0.385655, 0.631912, 1.157376)
Body 9584: orig = (1.331660, 0.512854, 0.626995), p = (1.331660, 0.512854, 0.626995)
Body 9585: orig = (0.409670, 0.620561, 1.423397), p = (0.409670, 0.620561, 1.423397)
Body 9586: orig = (0.724465, -0.339771, 0.612350), p = (0.724465, -0.339771, 0.612350)
Body 9587: orig = (0.540300, 0.678366, 0.205402), p = (0.540300, 0.678366, 0.205402)
Body 9588: orig = (0.237617, 0.273118, -0.038265), p = (0.237617, 0.273118, -0.038265)
Body 9589: orig = (-0.362399, 0.291697, 0.627050), p = (-0.362399, 0.291697, 0.627050)
Body 9590: orig = (0.915816, 0.232480, 0.202827), p = (0.915816, 0.232480, 0.202827)
Body 9591: orig = (0.967435, 0.793583, 0.119210), p = (0.967435, 0.793583, 0.119210)
Body 9592: orig = (0.753387, 0.357742, -0.198353), p = (0.753387, 0.357742, -0.198353)
Body 9593: orig = (0.471475, 0.631906, 0.812537), p = (0.471475, 0.631906, 0.812537)
Body 9594: orig = (1.083797, 0.048683, 0.749592), p = (1.083797, 0.048683, 0.749592)
Body 9595: orig = (0.792537, 1.220985, 0.588550), p = (0.792537, 1.220985, 0.588550)
Body 9596: orig = (1.198697, 0.287339, 0.485744), p = (1.198697, 0.287339, 0.485744)
Body 9597: orig = (0.913918, 0.691988, 0.664062), p = (0.913918, 0.691988, 0.664062)
Body 9598: orig = (1.369579, 0.435180, 0.935395), p = (1.369579, 0.435180, 0.935395)
Body 9599: orig = (0.232251, 0.671524, 0.063300), p = (0.232251, 0.671524, 0.063300)
Body 9600: orig = (0.389300, 0.619604, 0.083840), p = (0.389300, 0.619604, 0.083840)
Body 9601: orig = (1.051651, 0.265801, 0.246858), p = (1.051651, 0.265801, 0.246858)
Body 9602: orig = (0.427185, -0.327170, 0.703686), p = (0.427185, -0.327170, 0.703686)
Body 9603: orig = (0.554002, 0.816426, 0.086199), p = (0.554002, 0.816426, 0.086199)
Body 9604: orig = (0.421551, 0.498649, 0.346906), p = (0.421551, 0.498649, 0.346906)
Body 9605: orig = (0.602378, -1.226265, 0.147439), p = (0.602378, -1.226265, 0.147439)
Body 9606: orig = (0.920906, 0.719261, 0.609490), p = (0.920906, 0.719261, 0.609490)
Body 9607: orig = (0.053460, 0.774760, 0.412142), p = (0.053460, 0.774760, 0.412142)
Body 9608: orig = (0.403693, -0.027472, 0.791459), p = (0.403693, -0.027472, 0.791459)
Body 9609: orig = (-0.431684, 0.372159, 0.574929), p = (-0.431684, 0.372159, 0.574929)
Body 9610: orig = (0.528352, 0.624892, 0.101870), p = (0.528352, 0.624892, 0.101870)
Body 9611: orig = (0.671007, 0.960037, 0.993131), p = (0.671007, 0.960037, 0.993131)
Body 9612: orig = (-0.881071, 1.148417, 1.382298), p = (-0.881071, 1.148417, 1.382298)
Body 9613: orig = (0.589872, 0.770867, 0.264610), p = (0.589872, 0.770867, 0.264610)
Body 9614: orig = (0.555473, 0.098156, 0.097108), p = (0.555473, 0.098156, 0.097108)
Body 9615: orig = (0.062775, -0.090327, 0.572790), p = (0.062775, -0.090327, 0.572790)
Body 9616: orig = (0.425906, 0.877942, -0.208439), p = (0.425906, 0.877942, -0.208439)
Body 9617: orig = (0.009214, 0.401156, 0.138792), p = (0.009214, 0.401156, 0.138792)
Body 9618: orig = (1.168779, 0.387165, 0.670098), p = (1.168779, 0.387165, 0.670098)
Body 9619: orig = (0.893025, 0.476571, 0.904563), p = (0.893025, 0.476571, 0.904563)
Body 9620: orig = (0.022051, 0.733368, -0.146089), p = (0.022051, 0.733368, -0.146089)
Body 9621: orig = (0.259151, 0.117584, 1.047777), p = (0.259151, 0.117584, 1.047777)
Body 9622: orig = (0.251268, -0.281897, 0.453737), p = (0.251268, -0.281897, 0.453737)
Body 9623: orig = (1.239751, 0.618103, 0.800546), p = (1.239751, 0.618103, 0.800546)
Body 9624: orig = (0.333834, 0.843719, 0.836748), p = (0.333834, 0.843719, 0.836748)
Body 9625: orig = (0.593165, -0.083249, 0.677486), p = (0.593165, -0.083249, 0.677486)
Body 9626: orig = (1.635819, 0.326147, 2.309818), p = (1.635819, 0.326147, 2.309818)
Body 9627: orig = (0.568379, 0.466441, 0.406814), p = (0.568379, 0.466441, 0.406814)
Body 9628: orig = (0.360599, 0.311238, 0.821312), p = (0.360599, 0.311238, 0.821312)
Body 9629: orig = (0.459988, 0.825455, 0.830054), p = (0.459988, 0.825455, 0.830054)
Body 9630: orig = (0.304316, 0.490563, 1.111564), p = (0.304316, 0.490563, 1.111564)
Body 9631: orig = (0.714739, -0.402689, 0.425186), p = (0.714739, -0.402689, 0.425186)
Body 9632: orig = (0.989834, 0.598928, 0.258249), p = (0.989834, 0.598928, 0.258249)
Body 9633: orig = (0.790619, 0.364644, 0.589073), p = (0.790619, 0.364644, 0.589073)
Body 9634: orig = (0.450137, 0.593539, 1.116379), p = (0.450137, 0.593539, 1.116379)
Body 9635: orig = (0.043866, 0.570134, 0.855366), p = (0.043866, 0.570134, 0.855366)
Body 9636: orig = (0.771090, -0.033128, 0.625054), p = (0.771090, -0.033128, 0.625054)
Body 9637: orig = (0.278744, 1.258619, 0.350208), p = (0.278744, 1.258619, 0.350208)
Body 9638: orig = (0.418306, -0.227841, 0.333381), p = (0.418306, -0.227841, 0.333381)
Body 9639: orig = (0.485865, -0.251114, 0.671308), p = (0.485865, -0.251114, 0.671308)
Body 9640: orig = (0.738192, 0.198824, 0.530156), p = (0.738192, 0.198824, 0.530156)
Body 9641: orig = (0.658069, 0.616831, 1.118335), p = (0.658069, 0.616831, 1.118335)
Body 9642: orig = (0.558490, 0.971429, 0.496669), p = (0.558490, 0.971429, 0.496669)
Body 9643: orig = (0.247833, 0.631643, 0.053263), p = (0.247833, 0.631643, 0.053263)
Body 9644: orig = (0.299889, 0.683675, 0.247861), p = (0.299889, 0.683675, 0.247861)
Body 9645: orig = (1.411959, 0.596171, 0.474472), p = (1.411959, 0.596171, 0.474472)
Body 9646: orig = (1.103811, 0.741472, 0.703197), p = (1.103811, 0.741472, 0.703197)
Body 9647: orig = (0.546892, 0.699996, -0.258182), p = (0.546892, 0.699996, -0.258182)
Body 9648: orig = (0.349764, 0.642589, 1.306367), p = (0.349764, 0.642589, 1.306367)
Body 9649: orig = (0.675059, 0.308476, 0.832663), p = (0.675059, 0.308476, 0.832663)
Body 9650: orig = (0.547357, 0.441436, 0.237458), p = (0.547357, 0.441436, 0.237458)
Body 9651: orig = (-0.052805, 0.591742, 0.664396), p = (-0.052805, 0.591742, 0.664396)
Body 9652: orig = (1.027001, 0.808218, 0.401064), p = (1.027001, 0.808218, 0.401064)
Body 9653: orig = (0.552604, 0.572772, -0.344623), p = (0.552604, 0.572772, -0.344623)
Body 9654: orig = (0.410323, 0.934324, 0.131535), p = (0.410323, 0.934324, 0.131535)
Body 9655: orig = (0.350836, 0.108201, -0.024237), p = (0.350836, 0.108201, -0.024237)
Body 9656: orig = (0.829367, 0.132969, 0.577019), p = (0.829367, 0.132969, 0.577019)
Body 9657: orig = (0.400181, 0.711723, -0.013645), p = (0.400181, 0.711723, -0.013645)
Body 9658: orig = (0.475467, 0.867610, 1.016271), p = (0.475467, 0.867610, 1.016271)
Body 9659: orig = (0.268064, 0.547362, 0.922267), p = (0.268064, 0.547362, 0.922267)
Body 9660: orig = (0.955225, 0.649907, 0.292622), p = (0.955225, 0.649907, 0.292622)
Body 9661: orig = (0.623739, 0.772242, 0.458058), p = (0.623739, 0.772242, 0.458058)
Body 9662: orig = (0.222232, 0.555331, -0.370295), p = (0.222232, 0.555331, -0.370295)
Body 9663: orig = (0.702121, 0.957622, 0.231655), p = (0.702121, 0.957622, 0.231655)
Body 9664: orig = (0.272299, 0.468553, -0.093314), p = (0.272299, 0.468553, -0.093314)
Body 9665: orig = (0.638185, 0.326554, 1.343534), p = (0.638185, 0.326554, 1.343534)
Body 9666: orig = (0.463860, -0.410451, 0.371394), p = (0.463860, -0.410451, 0.371394)
Body 9667: orig = (0.183156, 1.064530, 0.307596), p = (0.183156, 1.064530, 0.307596)
Body 9668: orig = (0.724965, 1.393113, 0.308415), p = (0.724965, 1.393113, 0.308415)
Body 9669: orig = (1.136385, -0.020298, 0.443286), p = (1.136385, -0.020298, 0.443286)
Body 9670: orig = (0.792973, 0.262788, 0.482624), p = (0.792973, 0.262788, 0.482624)
Body 9671: orig = (0.413773, -0.290035, 0.517883), p = (0.413773, -0.290035, 0.517883)
Body 9672: orig = (0.265492, 0.521146, 0.326950), p = (0.265492, 0.521146, 0.326950)
Body 9673: orig = (1.301576, 0.152531, 0.306888), p = (1.301576, 0.152531, 0.306888)
Body 9674: orig = (0.552035, 0.660783, 0.755312), p = (0.552035, 0.660783, 0.755312)
Body 9675: orig = (0.615048, 0.927559, 0.733173), p = (0.615048, 0.927559, 0.733173)
Body 9676: orig = (0.314048, -0.333760, 0.631890), p = (0.314048, -0.333760, 0.631890)
Body 9677: orig = (0.278484, 0.254485, 0.953345), p = (0.278484, 0.254485, 0.953345)
Body 9678: orig = (0.226854, 0.014202, 0.550406), p = (0.226854, 0.014202, 0.550406)
Body 9679: orig = (0.191178, 0.782590, 0.876178), p = (0.191178, 0.782590, 0.876178)
Body 9680: orig = (0.594029, 0.738180, -0.357807), p = (0.594029, 0.738180, -0.357807)
Body 9681: orig = (0.414988, 1.417598, 0.453629), p = (0.414988, 1.417598, 0.453629)
Body 9682: orig = (0.338584, 0.137473, 0.571128), p = (0.338584, 0.137473, 0.571128)
Body 9683: orig = (0.245423, 1.102868, 0.231261), p = (0.245423, 1.102868, 0.231261)
Body 9684: orig = (1.320446, 0.502205, 0.194163), p = (1.320446, 0.502205, 0.194163)
Body 9685: orig = (0.632393, 0.215952, 0.069298), p = (0.632393, 0.215952, 0.069298)
Body 9686: orig = (0.485815, -0.101495, 0.383129), p = (0.485815, -0.101495, 0.383129)
Body 9687: orig = (0.110578, 0.556829, 0.083384), p = (0.110578, 0.556829, 0.083384)
Body 9688: orig = (1.689737, 0.786854, 0.630871), p = (1.689737, 0.786854, 0.630871)
Body 9689: orig = (1.125890, 0.290360, 0.728988), p = (1.125890, 0.290360, 0.728988)
Body 9690: orig = (0.525963, 0.218418, -0.335039), p = (0.525963, 0.218418, -0.335039)
Body 9691: orig = (0.219632, 0.344466, 0.717191), p = (0.219632, 0.344466, 0.717191)
Body 9692: orig = (0.320438, 0.977005, 0.788291), p = (0.320438, 0.977005, 0.788291)
Body 9693: orig = (-0.064950, 0.516813, 0.576779), p = (-0.064950, 0.516813, 0.576779)
Body 9694: orig = (0.477730, 0.565280, 1.343425), p = (0.477730, 0.565280, 1.343425)
Body 9695: orig = (0.089223, -0.374271, 0.559736), p = (0.089223, -0.374271, 0.559736)
Body 9696: orig = (0.379322, 0.218526, 0.985915), p = (0.379322, 0.218526, 0.985915)
Body 9697: orig = (0.531859, 0.677721, 1.260472), p = (0.531859, 0.677721, 1.260472)
Body 9698: orig = (1.375902, 0.357755, 0.472537), p = (1.375902, 0.357755, 0.472537)
Body 9699: orig = (5.938953, -3.180116, 0.530045), p = (5.938953, -3.180116, 0.530045)
Body 9700: orig = (0.234779, 1.183876, 0.379665), p = (0.234779, 1.183876, 0.379665)
Body 9701: orig = (0.778879, -0.127208, 0.324082), p = (0.778879, -0.127208, 0.324082)
Body 9702: orig = (0.270971, 0.504221, 1.247486), p = (0.270971, 0.504221, 1.247486)
Body 9703: orig = (0.361260, 0.758818, -0.107823), p = (0.361260, 0.758818, -0.107823)
Body 9704: orig = (0.889419, 0.383850, 0.915506), p = (0.889419, 0.383850, 0.915506)
Body 9705: orig = (0.699630, 0.988639, 0.773012), p = (0.699630, 0.988639, 0.773012)
Body 9706: orig = (0.191110, -0.174511, 0.731476), p = (0.191110, -0.174511, 0.731476)
Body 9707: orig = (0.380187, 1.270640, 0.741133), p = (0.380187, 1.270640, 0.741133)
Body 9708: orig = (0.660127, 0.909786, 0.089798), p = (0.660127, 0.909786, 0.089798)
Body 9709: orig = (0.161003, -0.062890, 0.296510), p = (0.161003, -0.062890, 0.296510)
Body 9710: orig = (0.638874, 0.535937, 1.043363), p = (0.638874, 0.535937, 1.043363)
Body 9711: orig = (-0.228011, 0.171698, 0.343885), p = (-0.228011, 0.171698, 0.343885)
Body 9712: orig = (0.351984, 0.250568, 0.694715), p = (0.351984, 0.250568, 0.694715)
Body 9713: orig = (0.856240, 0.676226, 0.997280), p = (0.856240, 0.676226, 0.997280)
Body 9714: orig = (-0.042797, 0.448508, 0.303612), p = (-0.042797, 0.448508, 0.303612)
Body 9715: orig = (0.790005, 0.851944, 0.661397), p = (0.790005, 0.851944, 0.661397)
Body 9716: orig = (0.461935, 0.256628, -0.391188), p = (0.461935, 0.256628, -0.391188)
Body 9717: orig = (0.628846, 1.185707, 0.586932), p = (0.628846, 1.185707, 0.586932)
Body 9718: orig = (1.600736, -0.056099, -0.329011), p = (1.600736, -0.056099, -0.329011)
Body 9719: orig = (0.112543, -0.016532, 0.457558), p = (0.112543, -0.016532, 0.457558)
Body 9720: orig = (-0.447335, 0.374147, 0.177534), p = (-0.447335, 0.374147, 0.177534)
Body 9721: orig = (1.100272, 0.242683, 0.370258), p = (1.100272, 0.242683, 0.370258)
Body 9722: orig = (0.182215, -0.024938, 0.368607), p = (0.182215, -0.024938, 0.368607)
Body 9723: orig = (0.439537, 0.472802, 1.327693), p = (0.439537, 0.472802, 1.327693)
Body 9724: orig = (0.471724, -0.287263, 0.453070), p = (0.471724, -0.287263, 0.453070)
Body 9725: orig = (0.439849, 0.968774, 0.938671), p = (0.439849, 0.968774, 0.938671)
Body 9726: orig = (0.297875, 0.684306, 0.260326), p = (0.297875, 0.684306, 0.260326)
Body 9727: orig = (0.942979, 0.181032, 0.420516), p = (0.942979, 0.181032, 0.420516)
Body 9728: orig = (0.763490, 0.218268, 1.179482), p = (0.763490, 0.218268, 1.179482)
Body 9729: orig = (-0.055601, 0.015093, 0.873065), p = (-0.055601, 0.015093, 0.873065)
Body 9730: orig = (-0.330649, 0.637386, 0.573704), p = (-0.330649, 0.637386, 0.573704)
Body 9731: orig = (1.332788, 0.437673, 0.331035), p = (1.332788, 0.437673, 0.331035)
Body 9732: orig = (0.057361, 0.230770, 0.766645), p = (0.057361, 0.230770, 0.766645)
Body 9733: orig = (0.358767, 0.474714, 1.018521), p = (0.358767, 0.474714, 1.018521)
Body 9734: orig = (0.139127, 0.262743, 0.902534), p = (0.139127, 0.262743, 0.902534)
Body 9735: orig = (0.317997, 0.219971, 0.671866), p = (0.317997, 0.219971, 0.671866)
Body 9736: orig = (0.559445, 1.004019, 0.996622), p = (0.559445, 1.004019, 0.996622)
Body 9737: orig = (1.109315, 0.989630, 0.587392), p = (1.109315, 0.989630, 0.587392)
Body 9738: orig = (0.719155, 0.375714, -0.206528), p = (0.719155, 0.375714, -0.206528)
Body 9739: orig = (-0.005975, 0.750213, -0.287226), p = (-0.005975, 0.750213, -0.287226)
Body 9740: orig = (0.356316, 1.233604, 0.655349), p = (0.356316, 1.233604, 0.655349)
Body 9741: orig = (0.508702, 0.397330, 0.162016), p = (0.508702, 0.397330, 0.162016)
Body 9742: orig = (0.893894, 0.355033, 0.551941), p = (0.893894, 0.355033, 0.551941)
Body 9743: orig = (0.664566, 0.836727, 0.407166), p = (0.664566, 0.836727, 0.407166)
Body 9744: orig = (1.369681, 0.488309, 0.291118), p = (1.369681, 0.488309, 0.291118)
Body 9745: orig = (0.811799, 1.038966, 0.768838), p = (0.811799, 1.038966, 0.768838)
Body 9746: orig = (0.705761, 0.034229, 0.392669), p = (0.705761, 0.034229, 0.392669)
Body 9747: orig = (0.058071, 0.458319, 0.199459), p = (0.058071, 0.458319, 0.199459)
Body 9748: orig = (0.528332, -0.126082, 0.047647), p = (0.528332, -0.126082, 0.047647)
Body 9749: orig = (0.456865, 1.208614, 0.736758), p = (0.456865, 1.208614, 0.736758)
Body 9750: orig = (-0.450079, 0.737654, -0.378655), p = (-0.450079, 0.737654, -0.378655)
Body 9751: orig = (0.790517, 0.649615, 0.687521), p = (0.790517, 0.649615, 0.687521)
Body 9752: orig = (0.510362, 0.874914, 0.096984), p = (0.510362, 0.874914, 0.096984)
Body 9753: orig = (0.521324, 0.813771, -0.206268), p = (0.521324, 0.813771, -0.206268)
Body 9754: orig = (0.421597, 0.232878, 1.159032), p = (0.421597, 0.232878, 1.159032)
Body 9755: orig = (0.400966, 0.713492, 0.244567), p = (0.400966, 0.713492, 0.244567)
Body 9756: orig = (0.367357, 0.420700, 0.846883), p = (0.367357, 0.420700, 0.846883)
Body 9757: orig = (-0.403096, 0.643852, 0.551085), p = (-0.403096, 0.643852, 0.551085)
Body 9758: orig = (0.560841, -0.209649, 0.426281), p = (0.560841, -0.209649, 0.426281)
Body 9759: orig = (0.126021, 0.318905, 0.693728), p = (0.126021, 0.318905, 0.693728)
Body 9760: orig = (0.117605, 0.298660, -0.078641), p = (0.117605, 0.298660, -0.078641)
Body 9761: orig = (0.501051, 0.900187, 0.685637), p = (0.501051, 0.900187, 0.685637)
Body 9762: orig = (0.733011, -0.214935, 0.401403), p = (0.733011, -0.214935, 0.401403)
Body 9763: orig = (0.550671, 1.305744, 0.670271), p = (0.550671, 1.305744, 0.670271)
Body 9764: orig = (0.976113, 0.346525, 1.047974), p = (0.976113, 0.346525, 1.047974)
Body 9765: orig = (0.580806, -0.401259, 0.466239), p = (0.580806, -0.401259, 0.466239)
Body 9766: orig = (0.606621, 0.491640, 1.113211), p = (0.606621, 0.491640, 1.113211)
Body 9767: orig = (0.333092, 0.127724, 0.465064), p = (0.333092, 0.127724, 0.465064)
Body 9768: orig = (0.985726, 0.246271, 0.743316), p = (0.985726, 0.246271, 0.743316)
Body 9769: orig = (0.463788, 0.898752, 0.462717), p = (0.463788, 0.898752, 0.462717)
Body 9770: orig = (0.074454, 0.115709, 0.477577), p = (0.074454, 0.115709, 0.477577)
Body 9771: orig = (-0.150390, 0.365393, 0.788764), p = (-0.150390, 0.365393, 0.788764)
Body 9772: orig = (0.558063, 0.163768, 0.458345), p = (0.558063, 0.163768, 0.458345)
Body 9773: orig = (0.338351, -0.064467, 0.873380), p = (0.338351, -0.064467, 0.873380)
Body 9774: orig = (0.321606, 0.524310, 0.358702), p = (0.321606, 0.524310, 0.358702)
Body 9775: orig = (0.751489, 1.075947, 0.263342), p = (0.751489, 1.075947, 0.263342)
Body 9776: orig = (0.353621, 0.249921, -0.092113), p = (0.353621, 0.249921, -0.092113)
Body 9777: orig = (0.268017, 0.435510, -0.236838), p = (0.268017, 0.435510, -0.236838)
Body 9778: orig = (0.535850, 0.572962, 1.390270), p = (0.535850, 0.572962, 1.390270)
Body 9779: orig = (1.313839, 0.213761, 0.275281), p = (1.313839, 0.213761, 0.275281)
Body 9780: orig = (1.244069, 0.902833, 0.406966), p = (1.244069, 0.902833, 0.406966)
Body 9781: orig = (0.613182, -0.056832, 0.861727), p = (0.613182, -0.056832, 0.861727)
Body 9782: orig = (-0.128622, 0.432647, 0.468836), p = (-0.128622, 0.432647, 0.468836)
Body 9783: orig = (0.750097, 1.398525, 0.499837), p = (0.750097, 1.398525, 0.499837)
Body 9784: orig = (-0.448363, 0.519716, 0.460574), p = (-0.448363, 0.519716, 0.460574)
Body 9785: orig = (0.344450, 0.753599, -0.032926), p = (0.344450, 0.753599, -0.032926)
Body 9786: orig = (0.681459, 0.115619, 0.667557), p = (0.681459, 0.115619, 0.667557)
Body 9787: orig = (0.462652, 1.168490, 0.838999), p = (0.462652, 1.168490, 0.838999)
Body 9788: orig = (0.343397, 0.945159, 0.848620), p = (0.343397, 0.945159, 0.848620)
Body 9789: orig = (-0.244674, 0.490214, 0.686431), p = (-0.244674, 0.490214, 0.686431)
Body 9790: orig = (-0.157357, 0.203053, 0.180834), p = (-0.157357, 0.203053, 0.180834)
Body 9791: orig = (0.676477, -0.212649, 0.595069), p = (0.676477, -0.212649, 0.595069)
Body 9792: orig = (-0.320251, 0.781554, 0.527231), p = (-0.320251, 0.781554, 0.527231)
Body 9793: orig = (0.641408, 0.191589, 0.106046), p = (0.641408, 0.191589, 0.106046)
Body 9794: orig = (0.263338, 0.800952, 0.456991), p = (0.263338, 0.800952, 0.456991)
Body 9795: orig = (0.516701, 0.653924, 1.165971), p = (0.516701, 0.653924, 1.165971)
Body 9796: orig = (0.609586, 0.121960, 0.804259), p = (0.609586, 0.121960, 0.804259)
Body 9797: orig = (0.078875, 0.620689, 0.447896), p = (0.078875, 0.620689, 0.447896)
Body 9798: orig = (-0.161998, 0.035863, 0.574506), p = (-0.161998, 0.035863, 0.574506)
Body 9799: orig = (0.704964, 1.070713, 0.851985), p = (0.704964, 1.070713, 0.851985)
Body 9800: orig = (0.499538, 0.540610, -0.034728), p = (0.499538, 0.540610, -0.034728)
Body 9801: orig = (1.309004, 0.541893, 0.486585), p = (1.309004, 0.541893, 0.486585)
Body 9802: orig = (-0.097843, 0.358763, 0.899161), p = (-0.097843, 0.358763, 0.899161)
Body 9803: orig = (0.702941, -0.187945, 0.177542), p = (0.702941, -0.187945, 0.177542)
Body 9804: orig = (0.979344, 0.784032, 0.224615), p = (0.979344, 0.784032, 0.224615)
Body 9805: orig = (0.527811, 0.323609, 0.757193), p = (0.527811, 0.323609, 0.757193)
Body 9806: orig = (0.225147, 0.709752, 0.324954), p = (0.225147, 0.709752, 0.324954)
Body 9807: orig = (0.553702, 0.048657, 0.112681), p = (0.553702, 0.048657, 0.112681)
Body 9808: orig = (0.911425, 0.536864, -0.049313), p = (0.911425, 0.536864, -0.049313)
Body 9809: orig = (0.322639, 0.088326, 1.093712), p = (0.322639, 0.088326, 1.093712)
Body 9810: orig = (1.414426, 0.038846, 0.095296), p = (1.414426, 0.038846, 0.095296)
Body 9811: orig = (0.740541, 0.751256, -0.352506), p = (0.740541, 0.751256, -0.352506)
Body 9812: orig = (0.383083, -0.137675, 0.731152), p = (0.383083, -0.137675, 0.731152)
Body 9813: orig = (0.338827, 0.230382, 0.656415), p = (0.338827, 0.230382, 0.656415)
Body 9814: orig = (0.774866, 0.190461, 1.075010), p = (0.774866, 0.190461, 1.075010)
Body 9815: orig = (-0.116039, 0.439366, 0.812965), p = (-0.116039, 0.439366, 0.812965)
Body 9816: orig = (1.330964, 0.441612, 0.305525), p = (1.330964, 0.441612, 0.305525)
Body 9817: orig = (0.560973, 0.225086, 0.806029), p = (0.560973, 0.225086, 0.806029)
Body 9818: orig = (1.300176, 0.342889, 0.215070), p = (1.300176, 0.342889, 0.215070)
Body 9819: orig = (0.556751, 0.693337, -0.374332), p = (0.556751, 0.693337, -0.374332)
Body 9820: orig = (0.539030, -0.338580, 0.414849), p = (0.539030, -0.338580, 0.414849)
Body 9821: orig = (0.816342, 0.686090, 0.764164), p = (0.816342, 0.686090, 0.764164)
Body 9822: orig = (0.566735, 1.625052, 0.715867), p = (0.566735, 1.625052, 0.715867)
Body 9823: orig = (0.773525, 0.641113, 0.573156), p = (0.773525, 0.641113, 0.573156)
Body 9824: orig = (0.603024, 0.505700, 0.523558), p = (0.603024, 0.505700, 0.523558)
Body 9825: orig = (0.011422, 0.414884, 1.065530), p = (0.011422, 0.414884, 1.065530)
Body 9826: orig = (0.667416, 0.638239, -0.298228), p = (0.667416, 0.638239, -0.298228)
Body 9827: orig = (0.445143, 0.556919, 1.142794), p = (0.445143, 0.556919, 1.142794)
Body 9828: orig = (0.507043, 1.114990, 0.662254), p = (0.507043, 1.114990, 0.662254)
Body 9829: orig = (1.143675, 0.379515, 0.469539), p = (1.143675, 0.379515, 0.469539)
Body 9830: orig = (0.487671, 0.869368, 0.377620), p = (0.487671, 0.869368, 0.377620)
Body 9831: orig = (0.439754, 0.012674, 0.227990), p = (0.439754, 0.012674, 0.227990)
Body 9832: orig = (0.410089, 0.136634, -0.096752), p = (0.410089, 0.136634, -0.096752)
Body 9833: orig = (0.265225, 0.229288, 0.899975), p = (0.265225, 0.229288, 0.899975)
Body 9834: orig = (0.378569, 0.739171, 1.014465), p = (0.378569, 0.739171, 1.014465)
Body 9835: orig = (0.360297, 0.452994, -0.106206), p = (0.360297, 0.452994, -0.106206)
Body 9836: orig = (-0.471600, 0.516362, 0.481383), p = (-0.471600, 0.516362, 0.481383)
Body 9837: orig = (0.897270, 0.445714, 1.049078), p = (0.897270, 0.445714, 1.049078)
Body 9838: orig = (1.778497, -0.010068, 0.679944), p = (1.778497, -0.010068, 0.679944)
Body 9839: orig = (0.954589, 0.320186, 1.065410), p = (0.954589, 0.320186, 1.065410)
Body 9840: orig = (0.499804, 0.613347, -0.434015), p = (0.499804, 0.613347, -0.434015)
Body 9841: orig = (0.735234, 0.238403, 1.225472), p = (0.735234, 0.238403, 1.225472)
Body 9842: orig = (-0.193439, 0.900256, 1.202877), p = (-0.193439, 0.900256, 1.202877)
Body 9843: orig = (-0.120449, 0.658186, 0.495481), p = (-0.120449, 0.658186, 0.495481)
Body 9844: orig = (0.894395, 0.624691, 0.878493), p = (0.894395, 0.624691, 0.878493)
Body 9845: orig = (0.067015, 0.039318, -0.745451), p = (0.067015, 0.039318, -0.745451)
Body 9846: orig = (0.530408, 0.263701, 0.271357), p = (0.530408, 0.263701, 0.271357)
Body 9847: orig = (1.338021, 0.164842, 0.260357), p = (1.338021, 0.164842, 0.260357)
Body 9848: orig = (1.034311, 0.769510, 0.524982), p = (1.034311, 0.769510, 0.524982)
Body 9849: orig = (1.015897, 0.853038, 0.778919), p = (1.015897, 0.853038, 0.778919)
Body 9850: orig = (0.042348, 0.177736, 0.366150), p = (0.042348, 0.177736, 0.366150)
Body 9851: orig = (0.534598, 0.417234, 0.436317), p = (0.534598, 0.417234, 0.436317)
Body 9852: orig = (0.468601, 0.570133, 0.420633), p = (0.468601, 0.570133, 0.420633)
Body 9853: orig = (0.671078, -0.047151, 0.360566), p = (0.671078, -0.047151, 0.360566)
Body 9854: orig = (0.060772, 0.721454, 0.858608), p = (0.060772, 0.721454, 0.858608)
Body 9855: orig = (0.421295, -0.125547, 0.628991), p = (0.421295, -0.125547, 0.628991)
Body 9856: orig = (0.506224, 0.308811, 0.237485), p = (0.506224, 0.308811, 0.237485)
Body 9857: orig = (0.532794, 0.194590, 1.341271), p = (0.532794, 0.194590, 1.341271)
Body 9858: orig = (-0.024453, 0.579958, 0.347923), p = (-0.024453, 0.579958, 0.347923)
Body 9859: orig = (0.641492, 0.382109, -0.260879), p = (0.641492, 0.382109, -0.260879)
Body 9860: orig = (1.013774, 0.236885, 0.040791), p = (1.013774, 0.236885, 0.040791)
Body 9861: orig = (0.483649, -0.123587, 0.613682), p = (0.483649, -0.123587, 0.613682)
Body 9862: orig = (1.277222, 0.363445, 0.355639), p = (1.277222, 0.363445, 0.355639)
Body 9863: orig = (0.806219, 0.527518, 1.250737), p = (0.806219, 0.527518, 1.250737)
Body 9864: orig = (0.746974, 0.073528, 0.344242), p = (0.746974, 0.073528, 0.344242)
Body 9865: orig = (-0.003751, 0.797661, 0.216986), p = (-0.003751, 0.797661, 0.216986)
Body 9866: orig = (0.863752, 0.552838, 0.161880), p = (0.863752, 0.552838, 0.161880)
Body 9867: orig = (0.573227, -0.190712, 0.652839), p = (0.573227, -0.190712, 0.652839)
Body 9868: orig = (0.915773, 0.485339, 0.558076), p = (0.915773, 0.485339, 0.558076)
Body 9869: orig = (0.507812, 1.150889, -0.041783), p = (0.507812, 1.150889, -0.041783)
Body 9870: orig = (0.392316, 1.071508, 0.316464), p = (0.392316, 1.071508, 0.316464)
Body 9871: orig = (1.215097, 0.740010, 0.161016), p = (1.215097, 0.740010, 0.161016)
Body 9872: orig = (1.451901, 1.537666, 0.487352), p = (1.451901, 1.537666, 0.487352)
Body 9873: orig = (0.351988, -0.029603, 0.370104), p = (0.351988, -0.029603, 0.370104)
Body 9874: orig = (0.368071, 0.698306, 0.376304), p = (0.368071, 0.698306, 0.376304)
Body 9875: orig = (0.134285, -0.217784, 0.312490), p = (0.134285, -0.217784, 0.312490)
Body 9876: orig = (0.579600, 0.098547, 0.947445), p = (0.579600, 0.098547, 0.947445)
Body 9877: orig = (0.762651, 0.320662, 0.666043), p = (0.762651, 0.320662, 0.666043)
Body 9878: orig = (-0.159384, 0.355009, -0.067814), p = (-0.159384, 0.355009, -0.067814)
Body 9879: orig = (0.388249, 0.842322, 0.735020), p = (0.388249, 0.842322, 0.735020)
Body 9880: orig = (0.470223, 0.430675, 0.506489), p = (0.470223, 0.430675, 0.506489)
Body 9881: orig = (-0.081586, 0.549231, 0.548363), p = (-0.081586, 0.549231, 0.548363)
Body 9882: orig = (0.316693, 0.396416, 0.080149), p = (0.316693, 0.396416, 0.080149)
Body 9883: orig = (0.485631, 1.562763, 0.388174), p = (0.485631, 1.562763, 0.388174)
Body 9884: orig = (1.315029, 0.661907, 0.831059), p = (1.315029, 0.661907, 0.831059)
Body 9885: orig = (0.525901, 0.152484, 0.280400), p = (0.525901, 0.152484, 0.280400)
Body 9886: orig = (0.019931, 0.476919, 0.594193), p = (0.019931, 0.476919, 0.594193)
Body 9887: orig = (1.198768, 0.823867, 0.393351), p = (1.198768, 0.823867, 0.393351)
Body 9888: orig = (-0.264200, 0.492882, 0.755219), p = (-0.264200, 0.492882, 0.755219)
Body 9889: orig = (0.700863, 0.673080, 0.295752), p = (0.700863, 0.673080, 0.295752)
Body 9890: orig = (0.354656, -0.017263, 0.417974), p = (0.354656, -0.017263, 0.417974)
Body 9891: orig = (0.102202, 0.557039, 0.624456), p = (0.102202, 0.557039, 0.624456)
Body 9892: orig = (0.757026, -0.444159, 0.767836), p = (0.757026, -0.444159, 0.767836)
Body 9893: orig = (0.791410, 0.768337, -0.107680), p = (0.791410, 0.768337, -0.107680)
Body 9894: orig = (-0.413076, 0.433543, 0.738554), p = (-0.413076, 0.433543, 0.738554)
Body 9895: orig = (1.335595, 0.736185, 0.469770), p = (1.335595, 0.736185, 0.469770)
Body 9896: orig = (0.294571, 0.951205, 0.842011), p = (0.294571, 0.951205, 0.842011)
Body 9897: orig = (0.890015, 0.493622, 1.037248), p = (0.890015, 0.493622, 1.037248)
Body 9898: orig = (0.631997, 0.501380, 0.116394), p = (0.631997, 0.501380, 0.116394)
Body 9899: orig = (0.164105, -0.442609, 0.509472), p = (0.164105, -0.442609, 0.509472)
Body 9900: orig = (0.424266, 0.730079, -0.085114), p = (0.424266, 0.730079, -0.085114)
Body 9901: orig = (0.234374, 0.684628, 0.408936), p = (0.234374, 0.684628, 0.408936)
Body 9902: orig = (-0.524087, 0.491274, 0.653010), p = (-0.524087, 0.491274, 0.653010)
Body 9903: orig = (0.777047, 0.469681, 0.428584), p = (0.777047, 0.469681, 0.428584)
Body 9904: orig = (0.855101, 1.234160, 0.528860), p = (0.855101, 1.234160, 0.528860)
Body 9905: orig = (-0.255092, 0.343527, 0.965811), p = (-0.255092, 0.343527, 0.965811)
Body 9906: orig = (0.367560, 0.617869, -0.383181), p = (0.367560, 0.617869, -0.383181)
Body 9907: orig = (-0.420174, 0.548270, 0.509866), p = (-0.420174, 0.548270, 0.509866)
Body 9908: orig = (0.865934, 0.475431, 1.110999), p = (0.865934, 0.475431, 1.110999)
Body 9909: orig = (-0.093977, 0.684217, 0.294477), p = (-0.093977, 0.684217, 0.294477)
Body 9910: orig = (0.798717, 0.265411, 0.035257), p = (0.798717, 0.265411, 0.035257)
Body 9911: orig = (0.439142, 0.096468, 0.839368), p = (0.439142, 0.096468, 0.839368)
Body 9912: orig = (-0.899407, 0.593267, 0.631644), p = (-0.899407, 0.593267, 0.631644)
Body 9913: orig = (1.077513, 0.667565, 0.993952), p = (1.077513, 0.667565, 0.993952)
Body 9914: orig = (0.453892, 0.484403, -0.431832), p = (0.453892, 0.484403, -0.431832)
Body 9915: orig = (0.304137, 0.370037, 0.289416), p = (0.304137, 0.370037, 0.289416)
Body 9916: orig = (0.693015, -0.224170, 0.314089), p = (0.693015, -0.224170, 0.314089)
Body 9917: orig = (0.829039, 0.219246, 0.140806), p = (0.829039, 0.219246, 0.140806)
Body 9918: orig = (0.594861, 0.201969, 0.046695), p = (0.594861, 0.201969, 0.046695)
Body 9919: orig = (-0.081827, 0.291531, 0.372843), p = (-0.081827, 0.291531, 0.372843)
Body 9920: orig = (0.611113, 0.720360, -0.494710), p = (0.611113, 0.720360, -0.494710)
Body 9921: orig = (1.023558, 0.367219, 0.780512), p = (1.023558, 0.367219, 0.780512)
Body 9922: orig = (0.212998, 0.755225, -0.694851), p = (0.212998, 0.755225, -0.694851)
Body 9923: orig = (0.680698, 0.876783, 0.148335), p = (0.680698, 0.876783, 0.148335)
Body 9924: orig = (0.369421, 1.201270, 0.569231), p = (0.369421, 1.201270, 0.569231)
Body 9925: orig = (0.045082, -0.087117, 0.589109), p = (0.045082, -0.087117, 0.589109)
Body 9926: orig = (0.772053, 0.561332, 0.395057), p = (0.772053, 0.561332, 0.395057)
Body 9927: orig = (0.986084, 1.074398, 0.616909), p = (0.986084, 1.074398, 0.616909)
Body 9928: orig = (0.870304, 0.465442, 0.104951), p = (0.870304, 0.465442, 0.104951)
Body 9929: orig = (-0.299398, 0.152226, -0.133588), p = (-0.299398, 0.152226, -0.133588)
Body 9930: orig = (0.345433, 0.658785, 0.298815), p = (0.345433, 0.658785, 0.298815)
Body 9931: orig = (0.397577, 0.552606, -0.123875), p = (0.397577, 0.552606, -0.123875)
Body 9932: orig = (0.840462, 0.355368, -0.144366), p = (0.840462, 0.355368, -0.144366)
Body 9933: orig = (0.545147, 0.703518, 1.195028), p = (0.545147, 0.703518, 1.195028)
Body 9934: orig = (0.347728, 1.333825, 0.801656), p = (0.347728, 1.333825, 0.801656)
Body 9935: orig = (0.298930, -0.381706, 0.498738), p = (0.298930, -0.381706, 0.498738)
Body 9936: orig = (0.298240, 1.347283, 0.355323), p = (0.298240, 1.347283, 0.355323)
Body 9937: orig = (0.772787, 0.653189, -0.464326), p = (0.772787, 0.653189, -0.464326)
Body 9938: orig = (0.443934, -0.144816, 0.287291), p = (0.443934, -0.144816, 0.287291)
Body 9939: orig = (-0.278795, 0.447409, 0.784694), p = (-0.278795, 0.447409, 0.784694)
Body 9940: orig = (0.208860, -0.145557, -0.295193), p = (0.208860, -0.145557, -0.295193)
Body 9941: orig = (0.474563, 1.045730, 0.721335), p = (0.474563, 1.045730, 0.721335)
Body 9942: orig = (-0.109115, 0.661420, 0.750285), p = (-0.109115, 0.661420, 0.750285)
Body 9943: orig = (1.128274, 0.894822, 0.453846), p = (1.128274, 0.894822, 0.453846)
Body 9944: orig = (0.061136, 0.256522, 0.817122), p = (0.061136, 0.256522, 0.817122)
Body 9945: orig = (7.069761, -1.377488, -5.366505), p = (7.069761, -1.377488, -5.366505)
Body 9946: orig = (0.243138, 0.996910, 0.440961), p = (0.243138, 0.996910, 0.440961)
Body 9947: orig = (0.239192, 0.658027, 1.205197), p = (0.239192, 0.658027, 1.205197)
Body 9948: orig = (1.446953, 0.300769, 0.367782), p = (1.446953, 0.300769, 0.367782)
Body 9949: orig = (-0.154927, 0.416176, 0.505145), p = (-0.154927, 0.416176, 0.505145)
Body 9950: orig = (0.528771, 0.699747, 0.083497), p = (0.528771, 0.699747, 0.083497)
Body 9951: orig = (0.851618, -0.029576, 0.920638), p = (0.851618, -0.029576, 0.920638)
Body 9952: orig = (-0.225899, 0.782448, 0.513408), p = (-0.225899, 0.782448, 0.513408)
Body 9953: orig = (0.749055, 1.011393, 0.545381), p = (0.749055, 1.011393, 0.545381)
Body 9954: orig = (0.689285, 1.054846, 0.319996), p = (0.689285, 1.054846, 0.319996)
Body 9955: orig = (0.487923, -0.463674, 0.358722), p = (0.487923, -0.463674, 0.358722)
Body 9956: orig = (0.476914, 0.403770, 0.146553), p = (0.476914, 0.403770, 0.146553)
Body 9957: orig = (0.082967, 0.824357, 0.679979), p = (0.082967, 0.824357, 0.679979)
Body 9958: orig = (0.629450, 0.079856, 0.225571), p = (0.629450, 0.079856, 0.225571)
Body 9959: orig = (0.253312, 0.493940, 0.776879), p = (0.253312, 0.493940, 0.776879)
Body 9960: orig = (1.428249, 0.445752, 0.242296), p = (1.428249, 0.445752, 0.242296)
Body 9961: orig = (0.239483, 1.315024, 0.430038), p = (0.239483, 1.315024, 0.430038)
Body 9962: orig = (0.013761, 0.690890, -0.259316), p = (0.013761, 0.690890, -0.259316)
Body 9963: orig = (0.671191, 0.554066, -0.587176), p = (0.671191, 0.554066, -0.587176)
Body 9964: orig = (0.933287, 1.191267, 0.477095), p = (0.933287, 1.191267, 0.477095)
Body 9965: orig = (1.407552, 0.555883, 0.705182), p = (1.407552, 0.555883, 0.705182)
Body 9966: orig = (0.067984, 0.645971, 0.829245), p = (0.067984, 0.645971, 0.829245)
Body 9967: orig = (0.486560, 0.419547, 0.572782), p = (0.486560, 0.419547, 0.572782)
Body 9968: orig = (0.013049, 0.359719, 0.423218), p = (0.013049, 0.359719, 0.423218)
Body 9969: orig = (0.195356, -0.084502, 0.511363), p = (0.195356, -0.084502, 0.511363)
Body 9970: orig = (0.375486, 0.255063, 0.905728), p = (0.375486, 0.255063, 0.905728)
Body 9971: orig = (0.471688, 0.883885, 1.069278), p = (0.471688, 0.883885, 1.069278)
Body 9972: orig = (0.658887, 0.064974, 0.746119), p = (0.658887, 0.064974, 0.746119)
Body 9973: orig = (0.375289, 0.418881, 0.215624), p = (0.375289, 0.418881, 0.215624)
Body 9974: orig = (0.255633, -0.026608, 0.468377), p = (0.255633, -0.026608, 0.468377)
Body 9975: orig = (0.372682, -0.292192, 0.532042), p = (0.372682, -0.292192, 0.532042)
Body 9976: orig = (-0.177470, 0.449907, 0.771176), p = (-0.177470, 0.449907, 0.771176)
Body 9977: orig = (0.321705, -0.030428, 0.379697), p = (0.321705, -0.030428, 0.379697)
Body 9978: orig = (0.778532, 0.248278, 1.037052), p = (0.778532, 0.248278, 1.037052)
Body 9979: orig = (0.356871, 0.174978, 1.224856), p = (0.356871, 0.174978, 1.224856)
Body 9980: orig = (0.299489, 0.228935, 0.726815), p = (0.299489, 0.228935, 0.726815)
Body 9981: orig = (0.537639, 0.118259, 1.102597), p = (0.537639, 0.118259, 1.102597)
Body 9982: orig = (0.562379, 0.382092, -0.471399), p = (0.562379, 0.382092, -0.471399)
Body 9983: orig = (0.768552, 0.318606, -0.438885), p = (0.768552, 0.318606, -0.438885)
Body 9984: orig = (-0.387377, 0.647776, 0.498121), p = (-0.387377, 0.647776, 0.498121)
Body 9985: orig = (0.433054, 1.288595, 0.351635), p = (0.433054, 1.288595, 0.351635)
Body 9986: orig = (0.467226, 0.639355, 0.553970), p = (0.467226, 0.639355, 0.553970)
Body 9987: orig = (-0.015231, 0.469958, 0.629096), p = (-0.015231, 0.469958, 0.629096)
Body 9988: orig = (-0.313078, 0.381946, 0.536452), p = (-0.313078, 0.381946, 0.536452)
Body 9989: orig = (-0.268701, 0.597670, 0.135616), p = (-0.268701, 0.597670, 0.135616)
Body 9990: orig = (1.168519, 0.729442, 0.692384), p = (1.168519, 0.729442, 0.692384)
Body 9991: orig = (-0.018966, 0.985252, 0.474686), p = (-0.018966, 0.985252, 0.474686)
Body 9992: orig = (1.160117, 0.406522, 0.350733), p = (1.160117, 0.406522, 0.350733)
Body 9993: orig = (0.208204, 0.212753, 0.615660), p = (0.208204, 0.212753, 0.615660)
Body 9994: orig = (0.354361, 0.034308, 0.446867), p = (0.354361, 0.034308, 0.446867)
Body 9995: orig = (-0.780973, 0.917610, 0.648509), p = (-0.780973, 0.917610, 0.648509)
Body 9996: orig = (-0.429377, 0.625927, 0.670566), p = (-0.429377, 0.625927, 0.670566)
Body 9997: orig = (0.849249, 0.729080, 0.951307), p = (0.849249, 0.729080, 0.951307)
Body 9998: orig = (-0.296850, 0.367650, 0.750486), p = (-0.296850, 0.367650, 0.750486)
Body 9999: orig = (0.285404, 0.391700, 1.166931), p = (0.285404, 0.391700, 1.166931)
RMS error: 0.000000
